gender,SeniorCitizen,Partner,Dependents,tenure,PhoneService,MultipleLines,OnlineSecurity,OnlineBackup,DeviceProtection,TechSupport,StreamingTV,StreamingMovies,PaperlessBilling,MonthlyCharges,TotalCharges,num_addons,has_family,is_autopay,avg_charge,charge_diff,InternetService_Fiber optic,InternetService_No,Contract_One year,Contract_Two year,PaymentMethod_Credit card (automatic),PaymentMethod_Electronic check,PaymentMethod_Mailed check,tenure_group_13-24,tenure_group_25-48,tenure_group_49-72,Churn
1,0,0,0,0.1023712383613841,0,0,0,0,1,0,1,1,0,-0.5219756496159262,-0.26225719995201097,0.5079352703082123,0,0,-0.5399864492204893,0.22691703318437104,0,0,0,0,0,1,0,0,1,0,0
1,0,1,1,-0.7117434584104956,1,0,1,0,0,0,0,0,0,0.3374778078243394,-0.5036347857749957,-0.5705298937831644,1,0,0.3914956571271635,-0.6395641583155088,1,0,0,0,0,0,1,1,0,0,0
1,0,1,1,-0.7931549280876836,0,0,1,1,0,1,0,0,0,-0.8090131942822701,-0.7498829245931361,0.5079352703082123,1,0,-0.6461016261351733,-1.8678545353523581,0,0,0,1,0,0,1,1,0,0,0
0,0,1,0,-0.2639803751859618,1,0,0,1,1,0,1,1,1,0.2843841579438598,-0.17272239466719,1.0471678523539008,1,1,0.2765520930980041,0.08160126912767561,0,0,0,1,1,0,0,0,1,0,0
1,0,1,1,-1.2816237461508113,1,0,0,0,0,0,0,0,0,-0.6762790695810708,-0.9893737196161955,-1.109762475828853,1,0,-0.6746084444949295,0.0031493650749470433,0,0,0,0,0,1,0,0,0,0,0
1,0,0,1,1.3642490183577978,1,0,0,1,1,1,1,1,1,0.48348534499565887,1.2710674769778725,1.5864004343995892,1,1,0.4563085619000811,0.29995682597654344,0,0,0,1,1,0,0,0,0,1,0
0,0,0,0,-1.2816237461508113,1,0,0,0,0,0,0,0,0,-1.497571466169742,-1.0002337364297182,-1.109762475828853,0,1,-1.4935431594281015,0.0031493650749470433,0,1,0,0,1,0,0,0,0,0,0
0,0,1,0,0.30589991255435406,1,1,0,1,0,0,0,0,0,-0.27641751891870747,0.03500010874782714,-0.5705298937831644,1,1,-0.1806832745084678,-1.1042806729825578,0,0,0,0,1,0,0,0,1,0,0
0,0,1,0,1.3235432835192036,1,0,0,0,0,1,1,0,1,-0.17023021915774814,0.6620728371601656,-0.031297311737476054,1,1,-0.21012547284565336,0.4697161604979571,0,0,0,1,1,0,0,0,0,1,0
0,0,0,0,1.1200146093262338,1,1,0,0,1,1,1,1,0,0.5183280527297236,1.1179083307653424,1.0471678523539008,0,1,0.5243174928791194,-0.08697164294537134,0,0,1,0,1,0,0,0,0,1,0
0,1,0,0,-1.1188008067964355,1,0,1,1,0,1,0,0,0,-0.1669118660402181,-0.8826164634250809,0.5079352703082123,0,1,-0.24379915203311503,0.8998694306436624,0,0,0,0,1,0,0,0,0,0,0
0,0,1,1,-1.1188008067964355,1,0,1,0,0,0,0,0,1,-0.5153389433808665,-0.9068814706892347,-0.5705298937831644,1,0,-0.6097554327264841,1.1153901330979477,0,0,0,0,0,0,1,0,0,0,0
0,0,0,0,-1.2409180113122174,1,0,1,0,0,0,0,0,0,-0.46390447005915153,-0.9549288178036082,-0.5705298937831644,0,0,-0.11293503900035995,-4.066728185735868,0,0,0,0,0,0,1,0,0,0,0
1,0,1,1,-0.10115743583158582,1,1,1,1,1,1,0,0,0,0.08860132400959055,-0.13125687592464852,1.0471678523539008,1,0,0.05741441112950998,0.35978481318382066,0,0,0,0,0,1,0,0,1,0,0
1,0,1,0,0.14307697319997809,1,1,0,0,0,0,1,1,1,1.0111034906829266,0.5155174587473736,-0.031297311737476054,1,0,1.0445110738114731,-0.42233297409570764,1,0,0,0,0,1,0,0,1,0,0
0,0,1,1,0.9164859351332638,1,0,0,0,0,0,0,0,1,0.1367174442137754,0.677167163559567,-1.109762475828853,1,1,0.16303618385195898,-0.3106851643105926,1,0,0,1,1,0,0,0,0,1,0
0,0,0,0,-0.06045170099299184,1,1,1,0,1,0,0,0,1,0.6576988836659831,0.1378082679158427,-0.031297311737476054,0,1,0.6407570764537767,0.17509416513207735,1,0,0,0,1,0,0,0,1,0,0
0,1,1,1,-0.1825689055087738,0,0,0,0,0,0,1,0,1,-0.9633166142474143,-0.5816952702649228,-0.5705298937831644,1,0,-0.9981053827531631,0.43680230910764384,0,0,0,0,0,1,0,0,1,0,0
1,0,0,0,-0.6710377235719016,1,0,0,0,0,0,0,0,0,-1.5257774676687466,-0.8655256490862239,-1.109762475828853,0,1,-1.472862989859082,-0.564516770853749,0,1,0,1,1,0,0,1,0,0,0
1,0,0,0,-1.0780950719578415,1,0,0,0,0,0,0,0,0,-1.4859572302583868,-0.9516598430455984,-1.109762475828853,0,1,-1.4290210303727606,-0.6126240705087231,0,1,0,0,0,0,0,0,0,0,0
1,1,1,0,-0.22327464034736777,1,1,1,0,1,0,0,0,1,0.695859944517578,-0.034767271993591815,-0.031297311737476054,1,0,0.5720228144138161,1.4171476245633776,1,0,1,0,0,1,0,0,1,0,0
1,0,0,0,1.0386031396490458,1,1,0,0,0,0,0,0,1,-1.3150620447055927,-0.3619938392131716,-1.109762475828853,0,1,-1.3075927795378421,-0.0429672876977519,0,1,0,1,1,0,0,0,0,1,0
1,0,1,1,1.6084834273893616,1,1,1,1,1,1,0,1,1,1.326347036848275,2.3840765940825652,1.5864004343995892,1,1,1.4049204734671075,-0.9581948396969491,1,0,0,1,1,0,0,0,0,1,0
0,0,0,0,-0.1825689055087738,0,0,0,0,1,1,0,0,1,-0.9682941439237093,-0.587070430101919,-0.031297311737476054,0,0,-1.0125815014514767,0.5474490983140851,0,0,0,0,0,0,1,0,1,0,0
1,0,1,1,0.30589991255435406,1,0,0,0,1,0,1,0,1,0.667653943018573,0.463499075181995,-0.031297311737476054,1,0,0.6271255091965717,0.44910403287655687,1,0,1,0,0,1,0,0,1,0,0
1,0,0,0,-1.2816237461508113,1,0,0,0,0,0,0,0,0,-1.4743429943470319,-0.9999265844390328,-1.109762475828853,0,0,-1.4703813695107997,0.0031493650749470433,0,1,0,0,0,0,1,0,0,0,1
0,0,0,0,-1.1188008067964355,1,0,0,0,0,0,0,1,1,0.5000771105833088,-0.8279214696551572,-0.5705298937831644,0,0,0.5810914517359344,-0.9589966280245368,1,0,0,0,0,1,0,0,0,0,1
0,0,0,0,-1.2816237461508113,1,0,0,0,0,0,0,0,1,0.14169497389007057,-0.978557581658485,-1.109762475828853,0,0,0.1410174433071996,0.0031493650749470433,1,0,0,0,0,1,0,0,0,0,1
0,0,0,1,-0.8338606629262776,1,1,0,1,1,0,1,1,1,1.3396204493183947,-0.4491811257120391,1.0471678523539008,1,0,1.3687301767213238,-0.3833126088200163,1,0,0,0,0,1,0,0,0,0,0
1,0,0,0,-1.1188008067964355,1,0,0,0,0,1,1,1,1,1.034331962505636,-0.809975017627962,0.5079352703082123,0,0,0.8517535110552613,2.0890818781146288,1,0,0,0,0,1,0,0,0,0,1
1,0,1,0,1.5677776925507676,1,0,1,1,1,1,1,1,1,0.7024966507526377,1.64394999367006,2.1256330164452777,1,1,0.6688918787061486,0.36740970725120453,0,0,0,1,0,0,0,0,0,1,0
1,0,0,0,-1.2002122764736234,1,1,0,0,0,0,0,0,1,0.39886734049864436,-0.9087024432054416,-1.109762475828853,0,0,0.37042945772618935,0.31745038948744364,1,0,0,0,0,1,0,0,0,0,1
0,0,1,0,-0.10115743583158582,1,0,0,0,0,0,0,0,0,-1.5025489958460367,-0.7211422740361364,-1.109762475828853,1,1,-1.4253261734097626,-0.848029123487064,0,1,0,0,0,0,0,0,1,0,1
0,0,1,0,-0.30468611002455576,1,0,0,0,0,0,0,0,1,-1.4842980536996218,-0.7860610412103057,-1.109762475828853,1,1,-1.476469611431919,-0.04149420900486887,0,1,1,0,0,0,0,0,1,0,0
1,0,1,1,0.7943687306174818,1,1,0,0,0,0,0,0,0,-1.3399496930870676,-0.42487223959207304,-1.109762475828853,1,0,-1.3017266327640729,-0.3998417835732599,0,1,0,1,0,0,1,0,0,1,0
0,1,0,0,0.5501343215859179,1,1,1,1,1,0,1,1,1,1.495583045842304,1.1300847132532315,1.5864004343995892,0,0,1.3578026552360127,1.5526227383099414,1,0,1,0,0,1,0,0,1,0,1
1,0,0,0,-0.9559778674420595,1,0,0,0,0,0,0,0,1,0.18483356441796028,-0.7465700709793139,-1.109762475828853,0,0,0.049473226015006665,1.5682401805167727,1,0,0,0,0,1,0,0,0,0,0
0,0,1,0,-0.5489205190561197,1,1,0,0,0,0,1,0,1,0.7273842991341125,-0.32248092955427354,-0.5705298937831644,1,0,0.575692839048443,1.7400760789334864,1,0,0,0,0,1,0,1,0,0,0
0,0,0,0,-0.8338606629262776,1,0,0,1,0,0,0,0,1,-0.5153389433808665,-0.7405367283051346,-0.5705298937831644,0,0,-0.4621541691225359,-0.6013990339225618,0,0,0,0,0,1,0,0,0,0,0
1,1,1,0,0.5094285867473239,1,1,0,1,1,1,1,0,1,1.1206091435614158,0.9769475064686075,1.0471678523539008,1,1,1.1791068085531275,-0.7178186990876001,1,0,1,0,0,0,0,0,1,0,0
0,0,1,1,0.14307697319997809,1,1,1,0,1,0,1,1,1,1.313073624378155,0.6079921473716129,1.0471678523539008,1,1,1.2382153287746225,0.8268532402784514,1,0,0,0,1,0,0,0,1,0,0
1,0,0,0,0.22448844287716607,1,1,0,1,1,0,0,1,1,1.0011484313303363,0.6107345758598762,0.5079352703082123,0,1,1.0653992544428246,-0.7807464229871602,1,0,0,0,1,0,0,0,1,0,0
1,0,1,1,-1.2816237461508113,1,0,0,0,0,0,0,0,0,-1.5174815848749215,-1.0004970095645918,-1.109762475828853,1,0,-1.5133961222143602,0.0031493650749470433,0,1,0,0,0,0,1,0,0,0,0
1,0,1,0,-0.9152721326034655,1,1,0,0,1,0,1,1,1,1.113972437326356,-0.5535689236892943,0.5079352703082123,1,0,1.2850444238653582,-2.026978680364966,1,0,0,0,0,1,0,0,0,0,1
1,0,1,1,-0.7931549280876836,1,0,0,0,0,0,0,0,0,-0.6679831867872458,-0.7635511881786404,-1.109762475828853,1,1,-0.7253862146982448,0.6899735816874991,0,0,0,0,0,0,0,1,0,0,0
1,0,0,0,-0.5896262538947137,1,1,0,0,1,1,1,1,1,0.5664441729339085,-0.3834505997053438,1.0471678523539008,0,1,0.4716244208172577,1.0839600306567019,0,0,1,0,1,0,0,1,0,0,1
0,0,1,0,0.18378270803857208,0,0,1,0,0,1,1,0,0,-0.6480730680820658,-0.30988769793616844,0.5079352703082123,1,0,-0.7240172820598301,0.9049662040125173,0,0,0,1,0,1,0,0,1,0,0
1,0,0,1,-1.1188008067964355,1,0,0,0,0,0,0,0,0,-1.4793205240233267,-0.9553895457896364,-1.109762475828853,1,1,-1.341337111400118,-1.5555271437462155,0,1,0,0,1,0,0,0,0,0,0
1,0,0,0,-0.8745663977648716,1,0,0,1,0,0,0,0,0,0.33250027814804467,-0.6510896807319381,-0.5705298937831644,0,0,0.30435318259414634,0.3162841519200514,1,0,0,0,0,1,0,0,0,0,1
1,0,0,1,1.2828375486806096,1,0,0,1,0,1,1,1,1,1.135541732590301,1.698930200002763,1.0471678523539008,1,1,1.0418456297336887,1.0518884975533875,1,0,0,0,1,0,0,0,0,1,0
1,0,0,0,-1.2816237461508113,1,0,0,0,0,0,0,1,0,-0.3112602266527725,-0.984547045476852,-0.5705298937831644,0,0,-0.3106374600801864,0.0031493650749470433,0,0,0,0,0,0,1,0,0,0,0
1,1,1,0,0.18378270803857208,1,1,0,0,0,0,1,1,1,0.9148712502745568,0.5151664279008761,-0.031297311737476054,1,0,0.9574928948321639,-0.5262909705873652,1,0,0,0,0,1,0,0,1,0,1
0,0,1,1,0.631545791263106,1,1,1,1,0,0,1,1,1,1.3379612727596297,1.183924069334817,1.0471678523539008,1,1,1.2962806493311918,0.44012400360763104,1,0,0,0,1,0,0,0,1,0,0
1,1,1,0,-0.5082147842175256,1,1,0,0,0,0,1,1,1,0.9828974891839214,-0.17537706544382886,-0.031297311737476054,1,0,0.9941157983683918,-0.1633018917312654,1,0,0,0,0,1,0,1,0,0,1
0,0,0,0,-0.2639803751859618,1,1,1,1,0,0,1,0,1,0.15165003324266044,-0.21908040583279326,0.5079352703082123,0,1,0.14209917525388654,0.1060249751063549,0,0,0,0,0,0,0,0,1,0,0
0,0,0,0,-0.10115743583158582,1,0,0,0,0,0,0,0,0,-1.5108448786398618,-0.7550825690068833,-1.109762475828853,0,1,-1.5106387662718244,0.04804951141958843,0,1,0,1,1,0,0,0,1,0,0
0,0,0,0,1.4863662228735797,1,1,1,1,0,1,0,0,1,0.06537285218688103,0.9998083903467704,0.5079352703082123,0,0,0.0465959850314906,0.21621589803959065,0,0,0,1,0,0,1,0,0,1,0
1,0,1,1,1.2421318138420157,1,1,1,1,1,1,1,1,1,0.8120023036311275,1.4472630224918142,2.1256330164452777,1,1,0.7912544956227445,0.21421059721201072,0,0,0,1,1,0,0,0,0,1,0
1,0,1,0,-1.1188008067964355,1,0,0,0,0,0,0,0,0,-1.5125040551986266,-0.9536124521292417,-1.109762475828853,1,0,-1.3145356116386686,-2.2521208427502426,0,1,0,0,0,0,1,0,0,0,1
1,0,1,0,0.26519417771576004,1,0,0,0,0,0,0,0,1,-1.4760021709057967,-0.6622787889640525,-1.109762475828853,1,1,-1.4784413330351354,0.07765400351495844,0,1,0,1,0,0,0,0,1,0,0
1,0,0,1,-1.1595065416350294,1,1,0,1,0,0,1,1,1,1.2201597370873154,-0.8489613810171134,0.5079352703082123,1,0,0.8668913951797839,4.0682161859202655,1,0,0,0,0,1,0,0,0,0,1
1,0,1,0,1.1200146093262338,1,1,0,0,1,0,1,1,0,1.2019087949409006,1.6533839476696857,0.5079352703082123,1,1,1.1973053577738642,0.013412255668015275,1,0,0,1,1,0,0,0,0,1,0
1,0,1,1,-0.5489205190561197,1,1,0,0,1,1,1,1,0,1.273253386967795,-0.12577201894812187,1.0471678523539008,1,0,1.3564018931782484,-1.0096358908192478,1,0,0,0,0,1,0,1,0,0,1
0,0,1,0,-0.8745663977648716,1,1,0,1,0,0,1,1,1,1.2301147964399053,-0.5063552748353529,0.5079352703082123,1,0,1.296550118207394,-0.8138000508840645,1,0,0,0,0,1,0,0,0,0,1
0,1,0,0,-0.06045170099299184,1,1,0,1,0,0,1,1,1,1.1620885575305409,0.3893438088593547,0.5079352703082123,0,0,1.2526232547990888,-1.0918348490073038,1,0,0,0,0,1,0,0,1,0,1
1,0,0,0,-0.10115743583158582,1,0,1,1,1,0,0,0,1,0.642766294637098,0.061108027956093984,0.5079352703082123,0,1,0.540944349212611,1.162856002090859,1,0,0,0,1,0,0,0,1,0,0
1,0,0,0,0.8350744654560759,1,1,0,0,0,0,0,0,0,-1.3382905165283026,-0.44771118404233,-1.109762475828853,0,0,-1.35020227088329,0.18323404906639856,0,1,0,1,0,0,1,0,0,1,0
0,0,0,0,-1.1188008067964355,1,0,0,1,0,1,0,1,1,0.8103431270723621,-0.8063330725955483,0.5079352703082123,0,0,0.9066800414305775,-1.147577242672039,1,0,0,0,0,1,0,0,0,0,1
1,1,0,0,0.7536629957788878,1,1,0,1,0,0,0,0,1,0.4868036981131887,0.7351311320875006,-0.5705298937831644,0,1,0.4300532250483191,0.6438254028329532,1,0,1,0,0,0,0,0,0,1,0
0,0,1,0,1.5677776925507676,1,1,1,1,1,1,1,1,0,0.8086839505135972,1.7943447719664205,2.1256330164452777,1,1,0.8286243433772796,-0.2589337829045447,0,0,0,1,1,0,0,0,0,1,0
0,0,0,1,1.1607203441648277,1,1,0,0,0,0,0,0,1,-1.3250171040581826,-0.3514629138182404,-1.109762475828853,1,1,-1.3359399261617773,0.1712883205903662,0,1,0,1,1,0,0,0,0,1,0
1,1,0,0,-0.9966836022806536,1,0,0,1,0,0,0,0,1,0.31756768911915967,-0.7427745499515576,-0.5705298937831644,0,0,0.36002043904311576,-0.5043826462850285,1,0,0,0,0,1,0,0,0,0,1
1,0,1,0,-0.9152721326034655,1,0,1,0,0,1,0,0,1,-0.3311703453579522,-0.7593168785927619,-0.031297311737476054,1,1,-0.2664646178807605,-0.7415516335840543,0,0,0,0,1,0,0,0,0,0,0
0,0,1,0,-0.8338606629262776,0,0,0,0,1,0,1,1,1,-0.5004063543519814,-0.7381233912354629,0.5079352703082123,1,1,-0.44698871143858815,-0.6046061872328932,0,0,0,0,0,0,0,0,0,0,0
1,0,1,0,1.3642490183577978,1,1,0,0,0,1,0,1,0,-0.03583691789778363,0.8623359350871068,-0.031297311737476054,1,0,-0.010687267276686245,-0.29132562069186757,0,0,0,0,0,1,0,0,0,1,0
1,0,0,0,-0.3453918448631497,1,0,1,1,0,1,0,0,0,-0.14866092389380306,-0.3767371347660752,0.5079352703082123,0,1,-0.1623606442703165,0.16430881891911167,0,0,0,0,0,0,0,1,0,0,0
0,0,1,1,-1.1595065416350294,1,0,0,1,0,1,0,0,0,-0.2797358720362375,-0.9057625598660234,-0.031297311737476054,1,0,-0.20392778510404574,-0.8724034886455827,0,0,0,0,0,0,1,0,0,0,1
0,0,0,0,-1.1595065416350294,1,1,0,1,0,0,0,1,1,0.7970697146022425,-0.8530640540355553,-0.031297311737476054,0,0,0.7895475609916508,0.06087812466091826,1,0,0,0,0,1,0,0,0,0,1
0,0,0,1,0.1023712383613841,1,0,1,1,0,0,0,0,0,-0.30960105009400735,-0.1241265618551639,-0.031297311737476054,1,1,-0.24238108326266816,-0.7715156087977233,0,0,1,0,1,0,0,0,1,0,0
0,1,0,0,0.5094285867473239,1,0,1,1,0,1,0,0,1,0.689223238282518,0.6488653015606894,0.5079352703082123,0,1,0.6293267983573629,0.6736582171549437,1,0,0,0,0,0,0,0,1,0,0
1,0,0,0,1.3235432835192036,1,1,1,0,1,1,1,1,1,1.495583045842304,2.123436190558019,1.5864004343995892,0,1,1.4852411915516628,0.07035156213143731,1,0,1,0,1,0,0,0,0,1,0
0,0,1,1,-0.7524491932490895,1,0,0,0,0,0,0,1,1,0.5299422886410788,-0.503086300077343,-0.5705298937831644,1,1,0.5758918662442951,-0.5521463223710381,1,0,0,0,0,0,0,1,0,0,0
0,0,1,1,1.1607203441648277,0,0,1,1,0,1,0,1,1,-0.4722003528529765,0.346386409019198,1.0471678523539008,1,1,-0.4732581771107973,0.028070523584738178,0,0,1,0,0,0,0,0,0,1,0
1,0,1,1,1.4456604880349857,1,0,1,0,1,0,0,0,0,0.5116913464946635,1.34963256830964,-0.031297311737476054,1,1,0.46681526765865844,0.5048802020647637,1,0,0,1,1,0,0,0,0,1,0
0,0,1,1,-0.38609757970174374,1,0,1,1,0,1,0,0,1,-0.2382564580671127,-0.4460218480935598,0.5079352703082123,1,0,-0.3031566335230454,0.7628263752787139,0,0,1,0,0,0,1,1,0,0,0
0,0,0,0,0.9164859351332638,1,0,0,1,1,0,0,0,1,0.5515115839050234,0.9697952529712167,-0.031297311737476054,0,0,0.5642465136142601,-0.1665382009807789,1,0,0,0,0,1,0,0,0,1,0
1,0,1,1,1.4863662228735797,1,1,0,0,0,0,0,0,0,-1.3432680462045974,-0.2549952493150897,-1.109762475828853,1,1,-1.3247450217285102,-0.17059467947606224,0,1,0,1,0,0,0,0,0,1,0
0,0,1,0,-1.0373893371192475,1,0,1,0,1,1,1,1,0,0.5415565245524336,-0.754380507313888,1.5864004343995892,1,1,0.5933813810798091,-0.6208710361638646,0,0,0,0,0,0,0,0,0,0,0
0,0,1,1,1.6084834273893616,1,1,1,0,0,0,0,0,0,0.4685527559667738,1.5056438401499639,-0.5705298937831644,1,1,0.4849056852738058,-0.20585012564832922,1,0,0,1,0,0,0,0,0,1,0
0,0,1,1,1.1607203441648277,1,0,1,0,0,0,0,0,1,-0.5053838840282764,0.29050668614234454,-0.5705298937831644,1,1,-0.5423367238547876,0.44668289500867653,0,0,1,0,0,0,0,0,0,1,0
1,1,1,0,1.2828375486806096,1,0,1,0,1,0,0,0,0,0.5100321699358986,1.192787598208884,-0.031297311737476054,1,1,0.4454812397870889,0.7337789785848675,1,0,1,0,1,0,0,0,0,1,0
0,1,1,0,-0.019745966154397852,1,1,0,0,0,0,1,1,1,0.9380997220972668,0.2771675139754317,-0.031297311737476054,1,0,0.881987918965168,0.6213281656413664,1,0,0,0,0,1,0,0,1,0,1
0,0,0,0,-1.2816237461508113,1,1,0,0,1,0,0,0,1,0.4851445215544238,-0.9740161200819208,-0.5705298937831644,0,0,0.4834810513701623,0.0031493650749470433,1,0,0,0,0,0,1,0,0,0,1
1,0,0,0,-1.2002122764736234,1,0,1,0,0,1,0,0,1,0.5763992322864984,-0.9148454830191515,-0.031297311737476054,0,0,0.21601752494417695,4.172448668506041,1,0,0,0,0,0,1,0,0,0,0
1,0,0,1,-1.2002122764736234,1,0,0,0,0,0,0,0,0,-1.4842980536996218,-0.9867190488395567,-1.109762475828853,1,1,-1.5906020886053662,1.2860106892075915,0,1,0,0,0,0,0,0,0,0,0
0,0,1,0,1.6084834273893616,1,1,1,0,1,1,1,1,1,0.6460846477546283,1.6661307552831337,1.5864004343995892,1,1,0.6529895079375588,-0.10188490583841071,0,0,0,1,1,0,0,0,0,1,0
0,0,0,1,-0.2639803751859618,0,0,0,0,1,0,0,0,1,-1.1657361544167435,-0.6638145489174799,-0.5705298937831644,1,0,-1.1477707242340955,-0.17003691368295976,0,0,0,0,0,0,1,0,1,0,0
1,0,0,0,0.26519417771576004,1,0,1,0,1,0,1,1,1,1.1786803231181906,0.6592207115323717,1.0471678523539008,0,0,1.0767367876219318,1.1463761681577707,1,0,0,1,0,1,0,0,1,0,0
0,0,0,0,-1.2816237461508113,1,0,0,0,0,0,0,0,0,-1.5058673489635668,-1.0003434335692487,-1.109762475828853,0,0,-1.5018152272557093,0.0031493650749470433,0,1,0,0,0,0,1,0,0,0,0
0,0,0,0,-1.2816237461508113,1,0,0,0,0,0,0,0,1,-1.5075265255223318,-1.000365372997155,-1.109762475828853,0,0,-1.5034696408212307,0.0031493650749470433,0,1,0,0,0,0,1,0,0,0,0
0,0,1,1,0.9571916699718578,1,0,0,0,0,0,1,1,0,0.7954105380434776,1.1709798068702142,-0.031297311737476054,1,1,0.7867114234507566,0.07462306741948466,1,0,1,0,0,0,0,0,0,1,0
0,1,1,0,0.428017117070136,1,1,0,0,1,1,1,1,1,1.4142833944628193,0.9805016937893966,1.0471678523539008,1,0,1.340121005703593,0.8153795871566055,1,0,1,0,0,1,0,0,1,0,1
0,0,0,1,-1.2816237461508113,1,1,0,0,0,0,0,0,0,-1.3117436915880627,-0.9977765205042344,-1.109762475828853,1,0,-1.3082488400896868,0.0031493650749470433,0,1,0,0,0,0,1,0,0,0,0
1,0,0,0,-0.1418631706701798,1,1,0,1,1,0,0,1,0,0.1981069768880804,-0.1468777485937965,0.5079352703082123,0,1,0.09286830367615821,1.217443963262574,0,0,1,0,1,0,0,0,1,0,0
1,0,0,0,-1.2409180113122174,1,1,0,1,0,0,0,0,1,0.5664441729339085,-0.9278994426232848,-0.5705298937831644,0,0,0.906183717360921,-3.970513586425922,1,0,0,0,0,1,0,0,0,0,1
1,0,0,0,1.4456604880349857,1,0,0,1,1,0,0,0,0,0.4868036981131887,1.3875000208755799,-0.031297311737476054,0,1,0.5088081766893967,-0.272194179420877,1,0,1,0,1,0,0,0,0,1,0
1,0,1,1,1.4049547531963917,1,1,0,1,0,0,0,1,1,0.8169798333074222,1.7875216098876217,-0.031297311737476054,1,1,0.9986950669613169,-2.1408565568616678,1,0,0,0,0,0,0,0,0,1,0
0,0,1,1,-0.5489205190561197,1,1,0,0,0,0,0,0,1,-1.3283354571757127,-0.8037003412468154,-1.109762475828853,1,1,-1.3341970107489196,0.11253017271151976,0,1,0,1,0,0,0,1,0,0,0
1,0,1,1,1.3642490183577978,0,0,0,1,1,0,1,1,1,-0.2714399892424126,0.618281739059577,1.0471678523539008,1,1,-0.289531153683684,0.21948643382640687,0,0,0,1,1,0,0,0,0,1,0
0,0,1,0,-1.1595065416350294,0,0,1,0,0,0,0,0,1,-1.1906238027982183,-0.9520547527479083,-0.5705298937831644,1,0,-1.0766309409166686,-1.2861262656783603,0,0,0,0,0,1,0,0,0,0,0
0,0,1,1,-0.9559778674420595,1,0,0,0,0,0,0,0,0,-1.4992306427285067,-0.9164909401121094,-1.109762475828853,1,0,-1.3742415589810468,-1.4037218870571868,0,1,0,1,0,0,1,0,0,0,0
1,1,1,0,0.8350744654560759,1,1,0,1,1,0,1,1,1,1.2915043291142099,1.3980528856984173,1.0471678523539008,1,0,1.2759451492549894,0.1378498041088726,1,0,0,0,0,1,0,0,0,1,1
0,0,0,0,-0.38609757970174374,1,0,0,0,0,0,0,0,1,-1.5075265255223318,-0.8026033698515102,-1.109762475828853,0,0,-1.4722515761500847,-0.3599561662339015,0,1,0,0,0,0,1,1,0,0,0
0,0,1,0,0.7129572609402939,1,1,1,1,0,1,1,1,0,1.4474669256381192,1.4529892131753082,1.5864004343995892,1,0,1.564276345454087,-1.4069718024116569,1,0,1,0,0,1,0,0,0,1,1
1,0,0,0,-1.2409180113122174,1,0,0,1,0,0,0,0,0,0.33250027814804467,-0.9423355861855031,-0.5705298937831644,0,0,0.3618816543043277,-0.35284465237186086,1,0,0,0,0,1,0,0,0,0,0
0,0,1,0,1.0793088744876398,1,0,0,0,0,0,0,0,0,-1.4793205240233267,-0.4529766467397956,-1.109762475828853,1,0,-1.4381343254370744,-0.4296532562277689,0,1,1,0,0,0,1,0,0,1,0
1,0,1,1,1.2421318138420157,1,1,1,1,1,0,1,1,0,0.6162194696968583,1.3758940635132497,1.5864004343995892,1,1,0.7058289824697026,-1.0628473066447968,0,0,0,1,1,0,0,0,0,1,0
0,0,1,0,-0.30468611002455576,1,0,1,1,0,1,0,1,1,0.2030845065643751,-0.20256001661949494,1.0471678523539008,1,0,0.28356171611253694,-0.9428325753404648,0,0,0,0,0,0,1,0,1,0,0
0,0,0,0,-0.7524491932490895,1,1,0,0,1,0,0,0,1,0.5150096996121938,-0.5385404155736113,-0.5705298937831644,0,0,0.38492527182409225,1.495850148655005,1,0,0,0,0,1,0,1,0,0,1
1,0,1,0,1.3235432835192036,1,1,1,1,1,0,0,0,0,0.07035038186317573,0.8820594807746965,0.5079352703082123,1,1,0.04508690902334178,0.2914971180838362,0,0,1,0,1,0,0,0,0,1,0
1,1,1,0,1.4863662228735797,0,0,1,1,0,0,1,1,0,-0.2780766954774726,0.7254558443809077,1.0471678523539008,1,1,-0.253236502459047,-0.27963789202733635,0,0,0,1,1,0,0,0,0,1,0
0,0,1,1,-0.4675090493789317,1,0,0,1,0,0,0,0,1,0.3026351000902746,-0.32191050442871477,-0.5705298937831644,1,1,0.31827603961308115,-0.19202882209666627,1,0,0,0,0,0,0,1,0,0,1
1,0,1,1,0.428017117070136,1,1,1,0,1,1,0,0,1,0.873391836305432,0.7522877647100761,0.5079352703082123,1,1,0.9399068217837037,-0.8028157203074615,1,0,1,0,1,0,0,0,1,0,0
1,1,1,0,1.5677776925507676,1,1,1,1,1,1,0,0,1,0.8982794846869069,1.8805886630653257,1.0471678523539008,1,0,0.9202229310683399,-0.2852234058145897,1,0,1,0,0,1,0,0,0,1,0
1,0,0,1,-0.5489205190561197,0,0,0,0,0,0,0,0,1,-1.3134028681468275,-0.7605235471275977,-1.109762475828853,1,1,-1.1628345951201602,-1.707444932130346,0,0,0,0,1,0,0,1,0,0,0
0,0,0,0,0.30589991255435406,1,0,0,0,0,0,0,0,0,-1.5025489958460367,-0.6446175494996367,-1.109762475828853,0,1,-1.4619024999875017,-0.42260023687157566,0,1,0,1,1,0,0,0,1,0,0
0,0,0,0,-0.9559778674420595,1,1,0,0,0,0,0,1,1,0.6095827634617982,-0.6564429011410281,-0.5705298937831644,0,0,0.804621106810847,-2.288896200708709,1,0,0,0,0,1,0,0,0,0,1
1,0,0,0,1.0386031396490458,1,1,0,1,1,0,1,1,1,1.27159421040903,1.6315542169031096,1.0471678523539008,0,1,1.2843027901980553,-0.19027515698608732,1,0,1,0,0,0,0,0,0,1,1
0,0,0,0,-1.2816237461508113,1,0,0,0,0,0,0,0,0,-1.4942531130522119,-1.000189857573906,-1.109762475828853,0,1,-1.4902343322970584,0.0031493650749470433,0,1,0,0,0,0,0,0,0,0,0
1,0,1,1,0.590840056424512,1,1,1,1,1,1,1,1,1,1.6100662283970886,1.324468044501336,2.1256330164452777,1,1,1.5950709659575102,0.12065400338113683,1,0,1,0,0,0,0,0,1,0,0
0,0,1,0,1.0386031396490458,1,1,1,0,1,1,1,1,1,0.642766294637098,1.148338317271112,1.5864004343995892,1,0,0.6560535008771523,-0.1760088543297814,0,0,0,1,0,1,0,0,0,1,0
1,0,0,0,0.30589991255435406,1,1,0,1,1,0,1,1,1,1.2516840917038503,0.793687465168899,1.0471678523539008,0,0,1.2495986132240582,-0.017536773776683983,1,0,0,0,0,0,1,0,1,0,0
0,0,0,0,0.346605647392948,1,1,0,0,1,1,0,1,1,0.12178485518489039,0.2534948712647428,0.5079352703082123,0,0,0.17317762895892347,-0.6018292618056574,0,0,1,0,0,1,0,0,1,0,0
1,0,1,0,1.4049547531963917,1,0,1,1,0,0,1,1,1,1.1936129121470758,1.9455074302394948,1.0471678523539008,1,1,1.1765074861452085,0.15910317828480583,1,0,1,0,1,0,0,0,0,1,0
1,1,0,0,0.06166550352279012,1,0,0,1,1,0,1,1,1,1.1587702044130104,0.45801421820546834,1.0471678523539008,0,0,1.1048106636685386,0.5889264844031599,1,0,1,0,0,1,0,0,1,0,0
1,0,0,0,-1.2002122764736234,1,0,0,0,0,0,0,0,1,-1.5207999379924515,-0.9856440168721574,-1.109762475828853,0,0,-1.563580000368514,0.5483654278313216,0,1,0,0,0,0,1,0,0,0,0
0,1,1,0,1.1200146093262338,1,1,1,1,1,1,1,1,1,1.696343409452868,2.0300839248175357,2.1256330164452777,1,1,1.670743373107284,0.24112014070155502,1,0,0,1,0,0,0,0,0,1,0
0,1,0,0,-0.9966836022806536,1,0,0,0,1,0,1,1,1,0.9015978378044367,-0.6886280418792864,0.5079352703082123,0,0,0.8704070240065173,0.3326843677115159,1,0,0,0,0,1,0,0,0,0,1
1,0,1,1,-0.7117434584104956,1,1,0,0,0,0,0,0,1,0.33084110158927976,-0.5230731188998061,-1.109762475828853,1,1,0.29377496252369006,0.4200792954180603,1,0,0,0,0,0,0,1,0,0,1
1,0,0,0,1.4456604880349857,1,1,1,1,1,0,0,1,1,1.233433149557435,2.1281312281299263,1.0471678523539008,0,1,1.3301271935258205,-1.1658580165409291,1,0,0,1,0,0,0,0,0,1,0
1,1,1,0,1.5677776925507676,1,1,0,0,0,0,0,0,0,-1.3100845150292975,-0.22364380683726337,-1.109762475828853,1,1,-1.3146567799561435,0.09692472102210761,0,1,0,1,1,0,0,0,0,1,0
0,0,0,0,1.0386031396490458,1,1,1,0,0,0,0,0,1,0.4934404043482487,0.9774082344546359,-0.5705298937831644,0,1,0.4338201200326966,0.6769833347249594,1,0,0,0,0,0,0,0,0,1,0
1,1,0,0,-1.2409180113122174,1,0,0,0,0,0,0,0,0,-1.5174815848749215,-0.9925988155183934,-1.109762475828853,0,0,-1.5332490850006188,0.23406440341882231,0,1,0,0,0,1,0,0,0,0,0
0,0,1,1,-0.7524491932490895,1,0,0,1,0,1,0,1,1,0.8202981864249524,-0.4787115956736586,0.5079352703082123,1,1,0.7071813999081846,1.2883015130006892,1,0,0,0,1,0,0,1,0,0,1
0,0,1,0,1.5677776925507676,1,0,0,0,0,0,0,0,1,-1.461069581876912,-0.35372267489256937,-1.109762475828853,1,1,-1.4528119634769507,-0.047261664422660755,0,1,0,1,0,0,0,0,0,1,0
1,0,0,0,-0.7524491932490895,1,1,0,1,0,0,1,1,1,1.1819986762357204,-0.3877946064307529,0.5079352703082123,0,0,1.1968878153025662,-0.21264623623450765,1,0,0,0,0,1,0,1,0,0,1
0,0,0,0,-1.0780950719578415,0,0,1,1,0,1,0,1,0,-0.46390447005915153,-0.8739503894021688,1.0471678523539008,0,1,-0.452365555526533,-0.1187224607176555,0,0,0,0,1,0,0,0,0,0,0
1,0,1,1,-0.7117434584104956,1,0,0,1,1,1,0,1,1,0.15165003324266044,-0.5388036887084845,1.0471678523539008,1,0,0.21469399409175996,-0.7383444802737256,0,0,0,0,0,0,1,1,0,0,0
1,0,1,1,0.9978974048104517,1,0,0,1,1,0,1,1,1,1.0824480827098208,1.4474165984871572,1.0471678523539008,1,1,1.1009256089024457,-0.2510597341544989,1,0,1,0,1,0,0,0,0,1,0
0,0,0,0,1.3642490183577978,1,0,1,1,1,0,0,0,1,-0.1254324520710933,0.7538893429472217,0.5079352703082123,0,1,-0.1345928165853695,0.11073478066698082,0,0,0,1,0,0,0,0,0,1,0
1,1,1,0,1.4863662228735797,1,1,0,1,0,0,1,0,1,0.8302532457775423,1.686622180947437,-0.031297311737476054,1,0,0.7971962266061635,0.3567728779010779,1,0,0,0,0,1,0,0,0,1,1
0,0,1,0,1.4456604880349857,1,0,1,0,0,1,0,0,0,-0.29964599074141746,0.6798876526199243,-0.031297311737476054,1,1,-0.2758947752042335,-0.2662515129929095,0,0,1,0,0,0,0,0,0,1,0
1,1,0,1,0.9571916699718578,1,0,1,0,0,0,1,1,0,0.9911933719777464,1.3009928566418019,0.5079352703082123,1,1,0.9617838304021992,0.30897434145299335,1,0,1,0,1,0,0,0,0,1,0
1,1,0,0,0.1023712383613841,1,1,0,0,1,0,1,1,1,1.1322233794727707,0.48111643579059865,0.5079352703082123,0,0,1.0616276890814254,0.7833123160510395,1,0,0,0,0,1,0,0,1,0,1
0,0,1,1,0.428017117070136,1,0,0,0,0,0,1,0,0,-0.29135010794759253,0.0877424934341075,-0.5705298937831644,1,0,-0.2254928735569487,-0.7562747048272985,0,0,0,0,0,1,0,0,1,0,1
1,0,1,0,-0.06045170099299184,1,0,0,0,1,1,0,1,1,0.04878108659923111,-0.12265662018545478,0.5079352703082123,1,1,0.007170049038552075,0.4823601435735303,0,0,0,0,1,0,0,0,1,0,0
0,0,1,1,0.020959768684196134,1,0,1,1,1,0,0,0,1,-0.21502798624440272,-0.15091460332852003,0.5079352703082123,1,0,-0.18806045499836155,-0.30648670906797776,0,0,1,0,0,0,1,0,1,0,0
1,0,0,0,-1.2816237461508113,1,0,0,0,0,0,0,0,1,0.14667250356636527,-0.9784917633747667,-1.109762475828853,0,0,0.145980684003764,0.0031493650749470433,1,0,0,0,0,1,0,0,0,0,1
1,0,0,0,0.46872285190873,1,0,0,0,1,1,1,1,0,1.1670660872068355,0.9122481335734993,1.0471678523539008,0,1,1.143855266171416,0.23100302980441081,1,0,0,1,0,0,0,0,1,0,0
0,0,1,1,0.9978974048104517,1,0,1,1,0,0,0,0,0,-0.38094564212090193,0.3306997180663318,-0.031297311737476054,1,0,-0.37643668030891214,-0.03972521075790673,0,0,1,0,0,1,0,0,0,1,0
1,0,0,1,1.5270719577121736,1,1,1,1,0,1,0,0,0,0.0006649663950462456,0.9882243724123463,0.5079352703082123,1,1,0.0027557381886120455,-0.024340520442180283,0,0,1,0,0,0,0,0,0,1,0
1,0,0,0,-1.2816237461508113,1,0,0,0,0,0,0,0,0,-1.472683817788267,-0.9999046450111266,-1.109762475828853,0,1,-1.4687269559452782,0.0031493650749470433,0,1,0,0,1,0,0,0,0,0,0
1,0,1,1,0.9164859351332638,1,0,0,0,1,1,0,0,1,-0.3212152860053623,0.3600546726047024,-0.031297311737476054,1,1,-0.27174370116710667,-0.5646917064888578,0,0,0,1,1,0,0,0,0,1,0
1,1,1,0,-0.1418631706701798,1,1,0,0,0,0,1,1,1,0.9795791360663916,0.1554695073802585,-0.031297311737476054,1,0,0.8790570397607311,1.1364909900500637,1,0,0,0,0,1,0,0,1,0,1
0,0,0,0,0.020959768684196134,1,1,1,1,0,0,0,0,1,-0.13372833486491825,-0.11649164094383886,-0.031297311737476054,0,0,-0.10940061001947314,-0.27849700745053635,0,0,0,0,0,0,1,0,1,0,0
1,1,1,0,-1.1595065416350294,1,1,0,0,0,0,0,0,0,0.33250027814804467,-0.8734677219882344,-1.109762475828853,1,0,0.4048964070078882,-0.8531605687835914,1,0,0,0,0,1,0,0,0,0,1
1,0,0,0,1.5270719577121736,0,0,0,0,0,1,0,1,1,-0.82560495986992,0.2195765157219019,-0.031297311737476054,0,0,-0.8252782513549285,0.02376677921279117,0,0,0,1,0,0,1,0,0,1,0
1,0,0,0,0.1023712383613841,1,1,0,0,0,0,0,0,1,-1.3051069853530026,-0.6134635618729652,-1.109762475828853,0,0,-1.296667945131036,-0.05457939451102143,0,1,0,0,0,1,0,0,1,0,0
0,0,0,0,-1.2409180113122174,1,0,0,0,0,0,0,0,1,-0.6331404790531808,-0.9625856781428395,-1.109762475828853,0,0,-0.4016302061838722,-2.671616495741616,0,0,0,0,0,0,1,0,0,0,0
1,1,1,0,-0.9152721326034655,1,1,0,0,1,0,0,1,1,0.8252757161012472,-0.6077373711894715,-0.031297311737476054,1,0,0.8765697145380846,-0.6241698224259147,1,0,0,0,0,1,0,0,0,0,1
1,0,1,1,-1.2816237461508113,1,0,0,1,0,0,0,0,0,0.32088604223668943,-0.9761881234446256,-0.5705298937831644,1,1,0.31969410838352774,0.0031493650749470433,1,0,0,0,1,0,0,0,0,0,0
1,0,0,0,-0.06045170099299184,1,0,0,0,0,0,0,0,0,-1.477661347464562,-0.7416556391283461,-1.109762475828853,0,1,-1.4985597683041991,0.2924139023551784,0,1,0,1,0,0,0,0,1,0,0
1,1,0,0,-0.10115743583158582,1,1,1,0,0,0,0,1,1,0.8485041879239571,0.1301075287207992,-0.031297311737476054,0,1,0.7143820379981215,1.5316786327789924,1,0,0,0,1,0,0,0,1,0,0
1,1,1,1,1.1200146093262338,1,1,1,1,0,0,0,1,1,0.9397588986560317,1.5248847184236196,0.5079352703082123,1,0,1.0358070202195353,-1.1485393886651376,1,0,0,0,0,1,0,0,0,1,0
0,0,1,1,1.6084834273893616,1,1,1,0,1,1,0,0,0,0.06371367562811567,1.0791852405110642,0.5079352703082123,1,1,0.038259978515360546,0.2939312652116762,0,0,0,1,0,0,0,0,0,1,0
1,0,0,0,-1.1595065416350294,1,0,0,0,0,0,0,0,1,-1.4677062881119718,-0.972173208137808,-1.109762475828853,0,1,-1.455905250812486,-0.08825450426950418,0,1,0,0,1,0,0,0,0,0,0
1,0,1,1,-1.1595065416350294,1,0,0,0,0,0,0,0,1,0.15330920980142534,-0.8839108896715412,-1.109762475828853,1,0,0.20802119271082248,-0.641488450301706,1,0,0,0,0,0,1,0,0,0,0
0,0,0,0,-0.30468611002455576,1,0,0,1,1,0,1,1,1,1.1471559685016557,0.030590283738699833,1.0471678523539008,0,0,0.9868198345444417,1.8266084511970886,1,0,0,0,0,1,0,0,1,0,1
1,0,1,0,1.5270719577121736,1,1,1,0,0,1,1,1,1,0.39886734049864436,1.3121819648739161,1.0471678523539008,1,1,0.3517424625956314,0.5348037509762047,0,0,0,1,1,0,0,0,0,1,0
1,0,0,0,-1.2816237461508113,1,0,0,0,0,0,0,0,1,-1.4760021709057967,-0.999948523866939,-1.109762475828853,0,0,-1.472035783076321,0.0031493650749470433,0,1,0,0,0,0,1,0,0,0,0
0,0,0,0,-0.5489205190561197,1,0,0,0,0,0,0,0,0,-1.4942531130522119,-0.847645015342747,-1.109762475828853,0,0,-1.508607030314166,0.21684705406862137,0,1,0,0,0,0,1,1,0,0,0
0,0,0,0,-1.2816237461508113,1,0,0,0,0,0,0,0,0,-1.5075265255223318,-1.000365372997155,-1.109762475828853,0,0,-1.5034696408212307,0.0031493650749470433,0,1,0,0,0,0,1,0,0,0,1
0,0,1,1,-0.8338606629262776,1,0,0,0,0,0,0,0,0,-1.480979700582092,-0.910413718582118,-1.109762475828853,1,1,-1.5296645222753222,0.6157156473482858,0,1,0,1,0,0,0,0,0,0,0
1,0,0,0,1.6084834273893616,1,0,0,0,0,0,0,0,0,-1.5141632317573919,-0.38812369784934453,-1.109762475828853,0,1,-1.4985064001246662,-0.13155107395897986,0,1,0,1,0,0,0,0,0,1,0
0,0,0,0,-1.2409180113122174,1,0,0,0,0,0,0,0,0,-1.480979700582092,-0.9908436612859048,-1.109762475828853,0,0,-1.4670725423797564,-0.11230815409699127,0,1,0,0,0,0,1,0,0,0,0
1,0,1,1,0.06166550352279012,1,0,0,1,1,0,1,0,1,0.8269348926600121,0.3477027746935644,0.5079352703082123,1,0,0.8601520928614094,-0.41396922134524444,1,0,0,0,0,1,0,0,1,0,0
1,0,0,0,0.18378270803857208,0,0,1,1,0,1,0,0,1,-0.8090131942822701,-0.39863268381636957,0.5079352703082123,0,0,-0.9048849272634709,1.1421221893386604,0,0,0,1,0,0,1,0,1,0,0
1,1,1,1,1.0386031396490458,1,1,1,1,0,1,0,0,1,0.8269348926600121,1.2401987019139804,0.5079352703082123,1,1,0.7754850456847177,0.5708155010036402,1,0,1,0,0,0,0,0,0,1,0
1,0,0,0,-1.2816237461508113,1,0,0,0,0,0,0,0,1,-0.6430955384057709,-0.9889349310580734,-1.109762475828853,0,0,-0.6415201731844983,0.0031493650749470433,0,0,0,0,0,0,1,0,0,0,0
0,1,0,0,-1.2816237461508113,1,0,0,0,0,0,0,0,1,0.20972121279943517,-0.9776580651143346,-1.109762475828853,0,0,0.20884839949358344,0.0031493650749470433,1,0,0,0,0,1,0,0,0,0,0
1,0,0,0,-1.2816237461508113,1,1,0,0,0,0,0,0,1,-0.4804962356468015,-0.9867848671232751,-1.109762475828853,0,0,-0.4793876437633853,0.0031493650749470433,0,0,0,0,0,1,0,0,0,0,1
1,0,1,0,1.6084834273893616,1,1,1,1,1,1,0,0,0,0.10685226615600583,1.1010807895613586,1.0471678523539008,1,0,0.061191988770784064,0.52751893131417,0,0,0,1,0,0,1,0,0,1,0
0,1,1,1,-0.8338606629262776,0,0,0,0,0,1,0,0,1,-1.1823279200043932,-0.8527569020448698,-0.5705298937831644,1,0,-1.1673479514261007,-0.13475822726931128,0,0,0,0,0,0,1,0,0,0,0
0,0,0,0,-1.2409180113122174,1,0,0,0,0,0,0,0,0,-1.5075265255223318,-0.9950779708717832,-1.109762475828853,0,0,-1.626723451452587,1.4367468947931776,0,1,0,0,0,0,1,0,0,0,1
0,0,1,0,0.590840056424512,1,0,0,0,0,0,0,0,0,-1.5025489958460367,-0.604556154143086,-1.109762475828853,1,1,-1.499914411669791,0.019526318148980575,0,1,0,1,0,0,0,0,1,0,0
1,0,1,1,-1.0780950719578415,1,0,0,0,0,0,0,0,1,-0.6746198930223056,-0.8944856939222846,-1.109762475828853,1,1,-0.7104540717478964,0.4393222152800461,0,0,0,0,0,0,0,0,0,0,1
0,0,0,0,1.1200146093262338,0,0,1,0,1,0,1,1,0,-0.37596811244460704,0.4114587521887102,1.0471678523539008,0,0,-0.36355112061745076,-0.13187178929001409,0,0,0,1,0,1,0,0,0,1,0
0,1,0,0,-1.2409180113122174,1,0,0,1,0,0,1,0,1,0.6261745290494481,-0.9370920629159436,-0.031297311737476054,0,1,0.5595840753841539,0.7536232396925454,1,0,0,0,0,0,0,0,0,0,0
1,0,1,0,0.7536629957788878,1,0,1,1,1,1,1,1,1,0.6278337056082129,0.8809844488072974,2.1256330164452777,1,1,0.6457108992363059,-0.22889760973140127,0,0,0,1,1,0,0,0,0,1,0
0,0,1,1,1.6084834273893616,1,1,1,1,1,0,1,1,0,1.4806504568134191,2.4519133051682473,1.5864004343995892,1,1,1.4759683449197833,0.005020204505973939,1,0,0,1,1,0,0,0,0,1,0
1,0,1,0,1.6084834273893616,1,1,1,1,1,0,1,1,1,0.6742906492536329,1.6602729280322035,1.5864004343995892,1,0,0.6468543909654167,0.2966038929702852,0,0,0,1,0,1,0,0,0,1,0
0,0,1,1,0.7943687306174818,1,1,0,0,0,0,0,0,0,-1.3897249898500175,-0.458198230581449,-1.109762475828853,1,0,-1.3500545982645968,-0.41501408577213567,0,1,0,1,0,0,1,0,0,1,0
0,0,1,0,1.5677776925507676,1,1,1,1,1,1,1,1,0,0.9380997220972668,1.8459024275457707,2.1256330164452777,1,1,0.8833831022360916,0.6051004216028264,0,0,0,1,1,0,0,0,0,1,0
0,0,1,0,-0.1825689055087738,1,1,0,0,0,0,0,0,0,-1.3067661619117676,-0.7139680811108395,-1.109762475828853,1,0,-1.3543360751292157,0.5969308922449134,0,1,1,0,0,0,1,0,1,0,0
1,1,1,0,1.5677776925507676,0,0,1,1,1,1,0,0,0,-0.6165487134655309,0.46251180092622024,1.0471678523539008,1,1,-0.5858992551436536,-0.3359054623525045,0,0,0,1,1,0,0,0,0,1,0
1,0,1,1,1.4456604880349857,1,0,1,0,0,1,1,1,1,1.1488151450604207,1.916920355677838,1.0471678523539008,1,0,1.0959060259482316,0.5770411515472249,1,0,0,1,0,1,0,0,0,1,0
1,0,0,0,-1.2816237461508113,1,0,0,0,0,0,0,0,1,0.17985603474166512,-0.9780529748166447,-1.109762475828853,0,0,0.1790689553141952,0.0031493650749470433,1,0,0,0,0,1,0,0,0,0,0
0,0,0,0,-0.8745663977648716,1,1,0,0,1,0,1,0,1,0.8053655973960674,-0.5743894407721895,-0.031297311737476054,0,0,0.8301558939635434,-0.3152334908234224,1,0,0,0,0,1,0,0,0,0,0
1,0,1,1,-1.2002122764736234,1,0,0,1,1,0,0,0,1,-0.29135010794759253,-0.9351394538323,-0.031297311737476054,1,0,-0.29409332442497055,0.04163520479892421,0,0,0,0,0,0,1,0,0,0,1
0,0,1,0,1.1607203441648277,1,1,0,0,1,1,1,1,1,1.273253386967795,1.8512556479548612,1.0471678523539008,1,1,1.3870620734835444,-1.366252522152881,1,0,1,0,0,0,0,0,0,1,0
1,0,1,0,-1.0780950719578415,1,1,0,0,0,0,0,0,1,0.3507512202944595,-0.8167323614230428,-1.109762475828853,1,0,0.266752874286838,0.9652953581744308,1,0,0,0,0,1,0,0,0,0,1
0,0,1,0,0.5501343215859179,1,1,1,0,0,0,0,0,0,-0.39255987803225695,0.0704103453882833,-0.5705298937831644,1,0,-0.3793315885616249,-0.14075420954514967,0,0,0,0,0,1,0,0,1,0,0
0,0,0,1,0.7129572609402939,1,0,0,0,0,0,0,0,0,0.17985603474166512,0.5415814990998283,-1.109762475828853,1,1,0.18972337867615413,-0.12077503883626751,1,0,0,1,1,0,0,0,0,1,0
1,0,0,0,1.4863662228735797,1,0,0,1,1,1,1,1,1,1.29814103534927,2.1775607592023842,1.5864004343995892,0,1,1.3337297390072642,-0.4572862971300535,1,0,1,0,0,0,0,0,0,1,1
1,0,1,1,0.22448844287716607,1,1,1,0,1,1,1,1,1,0.6792681789299281,0.43776412624813194,1.5864004343995892,1,1,0.7221519767961935,-0.5214733974782404,0,0,0,1,0,0,0,0,1,0,0
0,0,0,0,-1.2002122764736234,1,1,0,0,0,0,0,0,1,0.3092718063253347,-0.9166445161074521,-1.109762475828853,0,0,0.17079688748658786,1.6003117136200868,1,0,0,0,0,1,0,0,0,0,1
0,1,1,0,1.4456604880349857,1,1,0,1,0,0,0,1,1,0.8186390098661871,1.6797990188686382,-0.031297311737476054,1,1,0.8329515874753346,-0.19380757939483645,1,0,0,0,0,0,0,0,0,1,1
1,0,0,1,-0.30468611002455576,1,0,0,0,0,0,0,0,0,-1.464387934994442,-0.8069912554327314,-1.109762475828853,1,0,-1.5396020330922215,0.9237306512725328,0,1,0,0,0,0,1,0,1,0,0
0,1,1,0,-0.5896262538947137,1,1,0,0,0,1,1,1,0,1.1554518512954808,-0.20319626002877206,0.5079352703082123,1,1,1.2267723016130985,-0.8681272842318065,1,0,0,0,0,0,0,1,0,0,1
1,0,0,0,-1.0373893371192475,1,1,0,0,0,0,0,1,1,0.6726314726948681,-0.7445297041840461,-0.5705298937831644,0,0,0.6995001940682629,-0.3349762267857251,1,0,0,0,0,0,1,0,0,0,1
0,0,0,0,1.3235432835192036,0,0,1,0,1,1,1,1,0,-0.16525268948145297,0.7116120653721544,1.5864004343995892,0,1,-0.15265369083107366,-0.14102451142949754,0,0,0,1,1,0,0,0,0,1,0
0,0,0,0,-0.8338606629262776,1,0,0,0,0,0,0,0,0,-1.5141632317573919,-0.9085488672100989,-1.109762475828853,0,0,-1.5179457595195445,0.09455323441939828,0,1,1,0,0,0,1,0,0,0,0
1,0,0,0,-1.2816237461508113,0,0,0,0,0,0,0,0,0,-1.3316538102932427,-0.9980397936391076,-1.109762475828853,0,1,-1.3281018028759455,0.0031493650749470433,0,0,0,0,0,0,0,0,0,0,1
1,0,0,0,-0.5896262538947137,1,0,0,0,0,0,0,0,0,-1.5241182911099815,-0.855872300807537,-1.109762475828853,0,0,-1.5075137628702835,-0.14224158499342024,0,1,0,0,0,1,0,1,0,0,0
0,0,1,0,1.2828375486806096,1,1,1,0,1,1,1,1,1,0.665994766459808,1.397570218284483,1.5864004343995892,1,1,0.6867671182336238,-0.2638461480101575,0,0,0,1,1,0,0,0,0,1,0
1,0,0,0,-0.2639803751859618,1,1,1,1,0,0,0,0,1,0.7207475928990529,-0.03974752212827797,-0.031297311737476054,0,1,0.6622213477374725,0.6566685280802127,1,0,0,0,1,0,0,0,1,0,0
0,0,0,1,-1.1595065416350294,1,1,0,1,0,0,1,0,0,0.8186390098661871,-0.8484787136031791,-0.031297311737476054,1,0,0.8759906697901522,-0.6944064799221787,1,0,0,0,0,0,1,0,0,0,1
1,0,1,0,1.5677776925507676,1,0,1,0,0,1,0,0,0,-0.3461029343868372,0.6489091804165017,-0.031297311737476054,1,1,-0.38792886566941187,0.4980447406804851,0,0,0,1,0,0,0,0,0,1,0
0,0,0,0,0.6722515261016999,1,1,1,1,0,0,0,0,1,-0.17188939571651304,0.27861551621723485,-0.031297311737476054,0,1,-0.1672436965542665,-0.04829599210710841,0,0,0,0,1,0,0,0,0,1,1
1,0,0,0,-1.0373893371192475,1,1,0,0,0,0,0,1,1,0.7257251225753476,-0.7367192678494722,-0.5705298937831644,0,0,0.7836389411147885,-0.6978427156118244,1,0,0,0,0,1,0,0,0,0,1
0,1,0,0,0.1023712383613841,1,1,1,1,1,1,1,1,1,1.522129870782544,0.6744027956433977,2.1256330164452777,0,1,1.4780672180027095,0.46168065550063936,1,0,1,0,0,0,0,0,1,0,0
1,1,1,0,-1.2816237461508113,1,0,0,0,0,0,0,0,1,0.1781968581829002,-0.9780749142445506,-1.109762475828853,1,0,0.17741454174867372,0.0031493650749470433,1,0,0,0,0,1,0,0,0,0,1
0,0,0,0,-1.0780950719578415,1,0,0,0,0,0,1,1,0,0.8086839505135972,-0.7554774787091932,-0.031297311737476054,0,0,1.0366066534428704,-2.6780308023622816,1,0,0,0,0,1,0,0,0,0,1
1,0,1,1,-0.30468611002455576,1,0,0,0,0,0,1,1,1,0.8451858348064274,-0.05297699715566028,-0.031297311737476054,1,0,0.7347533837015765,1.2562483064877201,1,0,1,0,0,1,0,0,1,0,1
0,0,0,1,-0.7931549280876836,1,0,0,0,1,1,0,0,0,-0.38094564212090193,-0.6938276862930337,-0.031297311737476054,1,0,-0.32094572921920506,-0.6851550761423766,0,0,0,0,0,0,1,1,0,0,0
1,1,0,0,-0.9559778674420595,1,1,1,0,0,0,0,0,0,-0.3444437578280723,-0.7921382627402973,-0.5705298937831644,0,0,-0.3323286601614689,-0.1294129717520945,0,0,0,0,0,1,0,0,0,0,1
0,0,1,0,1.6084834273893616,1,1,1,0,1,1,1,1,1,0.6626764133422782,1.6524624916976294,1.5864004343995892,1,1,0.6386742350025597,0.2570490021428688,0,0,0,1,0,0,0,0,0,1,0
1,0,1,1,-0.4268033145403377,1,1,0,0,1,1,1,1,1,0.45527934349665417,-0.2788872863048398,1.0471678523539008,1,0,0.3536095864767199,1.1673460167253245,0,0,1,0,0,0,1,1,0,0,0
1,0,0,0,0.020959768684196134,1,0,0,1,0,1,0,0,0,0.5199872292884885,0.15435059655704697,-0.031297311737476054,0,1,0.5095004647188194,0.10461203343816602,1,0,0,1,0,0,0,0,1,0,0
1,1,0,0,-0.5896262538947137,1,1,1,1,0,0,0,0,1,-0.21668716280316785,-0.5855346701484916,-0.031297311737476054,0,1,-0.37497576540602473,1.848331569619068,0,0,0,0,1,0,0,1,0,0,0
1,0,1,1,0.06166550352279012,1,1,0,0,1,0,1,1,0,0.40716322329246935,0.19941418147619003,0.5079352703082123,1,1,0.5312644078802264,-1.4570486715113293,0,0,1,0,0,0,0,0,1,0,0
0,0,0,0,-1.0780950719578415,1,1,0,1,0,0,1,0,1,0.8352307754538371,-0.7801812745314692,-0.031297311737476054,0,0,0.7261283743133242,1.24111054286295,1,0,0,0,0,1,0,0,0,0,1
0,0,0,1,-0.3453918448631497,1,0,0,0,0,0,0,0,0,-1.456092052200617,-0.7756836918107174,-1.109762475828853,1,1,-1.4158546557471519,-0.4193930835612415,0,1,1,0,0,0,0,1,0,0,0
1,0,0,0,-0.7117434584104956,1,1,0,0,0,0,1,1,1,0.9430772517735615,-0.3750258593893988,-0.031297311737476054,0,0,1.0380404785329893,-1.1360314907548448,1,0,0,0,0,1,0,1,0,0,1
1,0,0,0,1.2421318138420157,1,1,0,1,0,1,1,1,0,1.342938802435925,1.9367535985049587,1.0471678523539008,0,0,1.377153242612451,-0.44279766664735043,1,0,0,0,0,1,0,0,0,1,0
1,1,0,0,-1.1595065416350294,1,0,0,0,0,0,0,0,0,0.14667250356636527,-0.8941127236478807,-1.109762475828853,0,0,0.015695615718941174,1.518529304206634,1,0,0,0,0,1,0,0,0,0,0
0,1,1,0,1.3642490183577978,1,1,0,1,1,0,1,0,1,0.19644780032931503,1.0704314087765279,0.5079352703082123,1,1,0.22707201558652584,-0.3627576716947114,0,0,1,0,0,0,0,0,0,1,0
0,0,1,0,0.387311382231542,1,0,0,0,0,0,0,0,0,-1.4793205240233267,-0.6272195831700941,-1.109762475828853,1,1,-1.4633698072569226,-0.1361327215451682,0,1,0,0,1,0,0,0,1,0,0
0,1,0,0,-1.1595065416350294,1,1,1,0,0,0,0,0,1,0.5083729933771337,-0.8756616647788451,-0.5705298937831644,0,0,0.3635360678698492,1.6676619331370552,1,0,0,0,0,1,0,0,0,0,0
0,0,0,0,-0.2639803751859618,1,1,0,0,1,0,1,1,1,1.1803394996769556,0.1319065618090999,0.5079352703082123,0,1,1.1600725683774986,0.1963186759972282,1,0,0,0,0,0,0,0,1,0,0
1,0,0,0,0.26519417771576004,1,0,0,0,1,1,0,0,0,0.5631258198163787,0.4038677101331973,-0.031297311737476054,0,0,0.5830003904653823,-0.249969042340453,1,0,1,0,0,1,0,0,1,0,0
0,0,1,0,1.5270719577121736,1,0,0,0,0,0,0,0,0,-1.4959122896109767,-0.42605696869900284,-1.109762475828853,1,1,-1.5207937143001924,0.3393506649494247,0,1,0,1,1,0,0,0,0,1,0
1,0,0,0,-1.2002122764736234,1,0,0,0,0,0,1,0,0,-0.32453363912289235,-0.9390885508553992,-0.5705298937831644,0,0,-0.3933581383562641,0.8113519992785112,0,0,0,0,0,0,1,0,0,0,1
1,0,0,0,0.8350744654560759,1,1,0,0,0,0,1,0,0,0.680927355488693,0.9731958642966633,-0.5705298937831644,0,1,0.6714598908337628,0.08738252371611296,1,0,0,0,0,0,0,0,0,1,1
0,0,1,0,-1.2409180113122174,1,0,0,0,0,0,0,0,1,-0.6613464805521857,-0.9695404767890752,-1.109762475828853,1,0,-0.6638547563190392,0.051256664729921235,0,0,0,0,0,1,0,0,0,0,0
0,0,1,1,1.6084834273893616,1,0,1,1,1,1,0,1,1,0.3125901594428645,1.2891894444283163,1.5864004343995892,1,0,0.2582050708649764,0.6221299539689485,0,0,0,1,0,1,0,0,0,1,0
1,0,1,1,1.6084834273893616,0,0,1,1,1,1,1,1,1,-0.004312563281248919,1.062050547316395,2.1256330164452777,1,1,0.020314186922688892,-0.28629622118248027,0,0,0,1,1,0,0,0,0,1,0
0,0,0,0,-1.2816237461508113,1,0,0,0,0,0,0,1,1,-0.31457857977030224,-0.9845909243326644,-0.5705298937831644,0,0,-0.3139462872112293,0.0031493650749470433,0,0,0,0,0,1,0,0,0,0,0
1,0,0,0,0.631545791263106,1,0,0,1,1,1,1,1,0,0.46357522629047915,0.6459692970770835,1.5864004343995892,0,1,0.4511510529439287,0.1290301325054632,0,0,0,1,1,0,0,0,1,0,0
1,0,1,1,1.2421318138420157,1,0,1,1,1,1,1,0,0,0.31756768911915967,1.0422173044892746,1.5864004343995892,1,1,0.30643253932656944,0.11891232741929757,0,0,0,1,1,0,0,0,0,1,0
1,0,1,1,1.6084834273893616,1,1,0,0,0,0,0,0,0,-1.3548822821159523,-0.2477771775339806,-1.109762475828853,1,1,-1.3515163504213128,0.0060892556094172936,0,1,0,1,1,0,0,0,0,1,0
1,0,0,0,1.0793088744876398,1,1,0,0,1,0,0,0,0,-0.3577171702981922,0.35840921551174443,-0.5705298937831644,0,1,-0.40109742893395833,0.5165113288507389,0,0,0,1,1,0,0,0,0,1,0
1,0,0,0,-0.1418631706701798,0,0,1,0,0,1,0,0,0,-0.9732716736000042,-0.538277142438738,-0.031297311737476054,0,0,-0.9248812828377944,-0.530343999374696,0,0,1,0,0,0,1,0,1,0,0
0,0,1,1,0.9978974048104517,1,0,1,0,1,1,0,0,1,-0.18682198474539805,0.4278255654066656,0.5079352703082123,1,0,-0.24794389338673767,0.7171629704803518,0,0,1,0,0,0,1,0,0,1,0
0,0,0,0,-0.10115743583158582,1,1,0,1,1,1,1,1,0,1.510515634871189,0.4509497224197021,1.5864004343995892,0,1,1.5208535040710311,-0.17067834434502685,1,0,1,0,1,0,0,0,1,0,0
1,0,0,0,0.22448844287716607,1,1,1,1,1,1,0,0,0,0.16658262227154547,0.15718078275693487,1.0471678523539008,0,0,0.16535473760000352,0.008719683982366087,0,0,0,0,0,1,0,0,1,0,0
0,0,1,0,-0.7117434584104956,1,0,0,0,0,0,0,0,0,-1.4760021709057967,-0.8637704948537354,-1.109762475828853,1,1,-1.4189842547419298,-0.6139069318328559,0,1,0,0,1,0,0,1,0,0,0
0,1,0,0,1.5677776925507676,1,1,0,1,0,0,1,1,1,1.152133498177951,2.0411633359101193,0.5079352703082123,0,1,1.0907673379141463,0.6752964250430437,1,0,0,0,1,0,0,0,0,1,0
1,0,0,0,-1.0373893371192475,1,0,0,1,0,0,1,1,1,0.9729424298313315,-0.7153722044968304,0.5079352703082123,0,0,1.013602426722285,-0.5054135169919222,1,0,0,0,0,1,0,0,0,0,1
0,0,0,0,-0.22327464034736777,1,0,0,0,0,0,0,0,1,-1.5042081724048018,-0.7626955504903022,-1.109762475828853,0,0,-1.4610063593061775,-0.4522664049921407,0,1,0,1,0,0,1,0,1,0,0
0,0,1,0,0.30589991255435406,1,0,0,0,0,0,0,0,0,-1.5207999379924515,-0.6666227956894616,-1.109762475828853,1,0,-1.5033869201429548,-0.1517561398140698,0,1,0,1,0,0,1,0,1,0,0
0,1,0,0,-1.2816237461508113,1,0,0,1,0,0,0,1,1,0.6991782976351079,-0.9711859338820332,-0.031297311737476054,0,0,0.6969004013224436,0.0031493650749470433,1,0,0,0,0,1,0,0,0,0,1
1,0,1,0,1.3235432835192036,1,1,0,1,0,0,1,0,1,0.8933019550106117,1.5978552556393302,-0.031297311737476054,1,1,0.8755007088495942,0.17722377859571212,1,0,0,0,0,0,0,0,0,1,1
0,0,0,0,-1.2816237461508113,1,0,0,0,0,0,0,1,1,0.5365789948761385,-0.9733359978168317,-0.5705298937831644,0,0,0.5347678719013305,0.0031493650749470433,1,0,0,0,0,1,0,0,0,0,1
0,0,0,0,-1.2816237461508113,1,0,0,0,0,0,0,0,1,-0.6912116586099555,-0.9895711744673505,-1.109762475828853,0,0,-0.6894981665846234,0.0031493650749470433,0,0,0,0,0,1,0,0,0,0,1
0,0,1,0,-1.2002122764736234,1,0,0,0,0,0,0,0,1,-1.4942531130522119,-0.988847173346449,-1.109762475828853,1,0,-1.6440947938905635,1.7927409122399864,0,1,0,0,0,0,1,0,0,0,0
0,1,1,0,-0.1418631706701798,1,1,0,0,1,0,1,1,1,1.1322233794727707,0.28675504397040025,0.5079352703082123,1,1,1.2204367216945593,-1.0638373638243446,1,0,0,0,0,0,0,0,1,0,1
1,0,0,0,-0.7117434584104956,1,0,0,0,0,0,0,0,0,-1.497571466169742,-0.8752667550765353,-1.109762475828853,0,0,-1.4767784352974829,-0.1918455561932154,0,1,1,0,0,0,1,1,0,0,0
0,0,1,1,1.5270719577121736,1,1,1,1,1,1,1,0,0,0.49012205123071895,1.511172575982303,1.5864004343995892,1,1,0.5661071917282106,-0.9001682730178822,0,0,0,1,0,0,0,0,0,1,0
0,1,1,0,-0.2639803751859618,1,1,0,1,1,0,0,1,1,0.9596690173612115,0.03607514071522648,0.5079352703082123,1,0,0.8821310893698769,0.8698208711668614,1,0,0,0,0,1,0,0,1,0,1
1,0,0,0,0.1023712383613841,1,1,1,1,1,1,0,0,1,1.0559012577695812,0.4844512288323268,1.0471678523539008,0,0,1.0688125708516905,-0.18543124957255527,1,0,0,0,0,0,1,0,1,0,0
1,0,1,1,1.4456604880349857,1,0,0,0,1,1,1,1,1,0.266133215797445,1.1645076756379127,1.0471678523539008,1,1,0.26152200786643903,0.04474803007071929,0,0,0,1,0,0,0,0,0,1,0
1,0,0,0,-1.2816237461508113,1,1,0,0,0,0,0,0,1,0.33084110158927976,-0.9760564868771888,-1.109762475828853,0,0,0.3296205897766575,0.0031493650749470433,1,0,0,0,0,1,0,0,0,0,1
1,0,0,0,-1.2816237461508113,1,0,0,0,0,0,0,0,0,-1.4826388771408567,-1.0000362815785633,-1.109762475828853,0,0,-1.4786534373384075,0.0031493650749470433,0,1,0,0,0,0,1,0,0,0,0
1,0,1,1,1.4863662228735797,1,1,0,0,1,0,0,0,1,0.473530285643069,1.369597447704197,-0.5705298937831644,1,1,0.45072845817447454,0.24940296272910717,1,0,0,1,1,0,0,0,0,1,0
0,0,0,0,-1.1595065416350294,1,0,0,0,0,0,0,0,0,-1.4892755833759168,-0.9723706629889629,-1.109762475828853,0,0,-1.4596276813349094,-0.29511589278589234,0,1,0,0,0,0,1,0,0,0,0
1,0,0,0,-0.06045170099299184,1,0,1,1,1,1,1,0,1,0.24954145020979507,-0.06278392142968989,1.5864004343995892,0,1,0.15281181098398242,1.1167557596688,0,0,0,0,0,0,0,0,1,0,0
1,1,1,0,1.0386031396490458,1,1,1,1,1,0,1,1,1,1.457421984990709,1.7498516121728365,1.5864004343995892,1,0,1.438106203047922,0.17600386935247053,1,0,1,0,0,1,0,0,0,1,1
0,0,1,1,1.3235432835192036,1,1,1,1,1,1,1,1,0,0.8833468956580218,1.6079912713319513,2.1256330164452777,1,1,0.8872597714229933,-0.07500649405682558,0,0,0,1,0,0,0,0,0,1,0
0,0,1,1,0.7536629957788878,1,0,1,1,0,1,0,1,1,0.1599459160364854,0.5542624884295579,1.0471678523539008,1,1,0.16262213810401066,-0.03646841111150454,0,0,1,0,1,0,0,0,0,1,0
0,0,0,0,-1.2816237461508113,1,0,0,0,0,0,0,0,0,-1.5207999379924515,-1.000540888420404,-1.109762475828853,0,0,-1.5167049493454032,0.0031493650749470433,0,1,0,0,0,0,1,0,0,0,0
1,0,1,0,-0.7117434584104956,1,1,0,0,1,0,1,1,1,1.2002496183821352,-0.34896181903694423,0.5079352703082123,1,0,1.1690700329222965,0.322581834783975,1,0,0,0,0,1,0,1,0,0,1
0,0,1,1,0.7943687306174818,1,0,0,0,1,0,0,0,1,-0.46390447005915153,0.13660159938100683,-0.5705298937831644,1,1,-0.48750063336353905,0.2899428822488312,0,0,1,0,0,0,0,0,0,1,0
1,0,0,0,-1.2816237461508113,0,0,0,0,0,0,0,0,1,-1.3200395743818876,-0.9978862176437648,-1.109762475828853,0,0,-1.3165209079172946,0.0031493650749470433,0,0,0,0,0,1,0,0,0,0,1
1,0,0,1,-1.2002122764736234,1,0,0,0,0,0,0,0,0,-1.4925939364934466,-0.9833403769420161,-1.109762475828853,1,0,-1.5056755255752594,0.20199287031550667,0,1,0,0,0,0,1,0,0,0,0
0,1,0,0,-0.7931549280876836,1,0,0,1,1,0,0,0,1,-0.33614787503424737,-0.6880356773258216,-0.031297311737476054,0,0,-0.28734840758092145,-0.5563755355275207,0,0,0,0,0,1,0,1,0,0,0
1,0,0,0,-1.2816237461508113,1,0,0,0,0,0,0,0,1,0.16990097538907525,-0.9781846113840811,-1.109762475828853,0,0,0.16914247392106593,0.0031493650749470433,1,0,0,0,0,1,0,0,0,0,1
0,1,0,0,-1.1188008067964355,1,0,0,0,1,0,1,0,1,0.6610172367835129,-0.8265831645528847,-0.031297311737476054,0,0,0.6012752972352974,0.6728029762721858,1,0,0,0,0,0,1,0,0,0,1
0,0,0,0,-0.30468611002455576,1,0,1,0,0,1,1,1,1,0.37232051555840456,-0.13443809297103398,1.0471678523539008,0,1,0.4890398809503149,-1.3700253962766353,0,0,0,0,1,0,0,0,1,0,0
0,0,0,0,1.4863662228735797,1,1,0,1,1,1,1,1,1,1.512174811429954,2.262444405771111,1.5864004343995892,0,1,1.4264967837174514,0.9460524383124421,1,0,0,1,0,0,0,0,0,1,0
1,0,0,0,-1.1595065416350294,1,1,0,0,0,1,0,1,0,0.020575085100225963,-0.904841103893967,-0.031297311737476054,0,0,-0.1865564426660694,2.4085143478236564,0,0,0,0,0,0,1,0,0,0,0
0,0,0,0,-1.2002122764736234,1,0,0,0,0,0,0,0,0,-1.477661347464562,-0.9812122524351239,-1.109762475828853,0,0,-1.4521828202900626,-0.24700859313091955,0,1,0,0,0,0,1,0,0,0,0
1,0,0,0,-1.1188008067964355,0,0,0,0,0,0,0,0,0,-1.3482455758808924,-0.964955136356699,-1.109762475828853,0,0,-1.485601974313598,1.642646137316468,0,0,0,0,0,0,1,0,0,0,0
1,0,0,0,-1.1595065416350294,1,1,1,0,0,0,0,0,1,0.5033954637008385,-0.861422976067782,-0.5705298937831644,0,0,0.6319646688757221,-1.5122305740567399,1,0,0,0,0,1,0,0,0,0,0
1,1,0,0,-0.6710377235719016,1,0,0,0,0,0,0,1,1,0.458597696614184,-0.4743675889482495,-0.5705298937831644,0,0,0.370670726371161,1.0073892453725333,1,0,0,0,0,1,0,1,0,0,0
0,0,0,1,0.7129572609402939,1,0,1,0,1,1,1,0,1,0.19478862377055015,0.5172506735519562,1.0471678523539008,1,1,0.1530284857928861,0.47921920246056954,0,0,1,0,1,0,0,0,0,1,0
1,0,1,1,-0.6710377235719016,1,0,1,1,0,0,0,0,1,-0.30130516730018236,-0.632528924723372,-0.031297311737476054,1,0,-0.3747459857441468,0.8642700288989866,0,0,1,0,0,0,1,1,0,0,0
0,0,1,1,0.6722515261016999,1,1,0,0,0,0,1,1,1,1.0111034906829266,1.0156267178670733,-0.031297311737476054,1,1,0.9669749750082998,0.4795098098217548,1,0,0,0,0,0,0,0,0,1,0
1,0,0,1,-0.38609757970174374,1,0,0,1,0,1,0,0,0,-0.3577171702981922,-0.4330337067731447,-0.031297311737476054,1,0,-0.260573466967012,-1.1179598790583665,0,0,0,0,0,1,0,1,0,0,0
0,0,1,0,0.590840056424512,1,1,0,0,1,0,1,1,1,1.1803394996769556,1.05649987205615,0.5079352703082123,1,0,1.1651346406536736,0.13744038028201874,1,0,0,0,0,1,0,0,1,0,0
0,0,0,0,-0.4268033145403377,1,0,1,0,0,0,0,0,1,-0.5352490620860464,-0.5461753364849364,-0.5705298937831644,0,1,-0.5625595257391512,0.33552707178204266,0,0,0,0,1,0,0,1,0,0,1
0,0,1,1,1.2828375486806096,1,1,1,1,1,1,1,1,0,1.6067478752795583,2.1603383082960907,2.1256330164452777,1,0,1.58550143749125,0.1934738693349365,1,0,1,0,0,1,0,0,0,1,0
1,0,1,1,-0.5082147842175256,1,0,0,0,1,0,0,0,1,-0.5087022371458064,-0.5965482629573571,-0.5705298937831644,1,0,-0.5938730624974775,1.0076297818708106,0,0,0,0,0,1,0,1,0,0,0
1,0,1,1,0.7536629957788878,1,1,0,1,0,1,0,0,0,0.6394479415195682,0.8777593529050995,-0.031297311737476054,1,1,0.6409422954298026,-0.038732284036442445,1,0,1,0,0,0,0,0,0,1,0
0,0,0,0,-0.7524491932490895,1,0,0,0,0,0,0,0,1,0.2014253300056102,-0.6078690077569081,-1.109762475828853,0,1,0.011500495606369036,2.2023402064451933,1,0,0,0,1,0,0,1,0,0,1
0,0,0,0,0.7536629957788878,0,0,0,1,1,0,1,1,1,-0.28305422515376755,0.27607054258012637,1.0471678523539008,0,1,-0.2487104895589969,-0.39000989955629367,0,0,1,0,1,0,0,0,0,1,0
1,0,1,0,0.30589991255435406,1,0,0,1,0,0,0,0,1,-0.49045129499939155,-0.10567550298612827,-0.5705298937831644,1,0,-0.44588576906157384,-0.5019772813022819,0,0,0,0,0,0,1,0,1,0,0
0,0,1,1,-1.1595065416350294,1,1,0,1,0,0,1,1,1,1.095721495179941,-0.8402075492825769,0.5079352703082123,1,0,1.0319191483405594,0.7055159400375712,1,0,0,0,0,1,0,0,0,0,1
1,0,0,0,-1.2409180113122174,0,0,0,0,1,0,1,1,1,-0.5203164730571613,-0.969277203654202,0.5079352703082123,0,0,-0.65392827492591,1.5714473338271069,0,0,0,0,0,1,0,0,0,0,1
0,0,1,0,0.9164859351332638,1,1,0,1,0,0,0,0,1,0.42541416543888416,0.8631257544917263,-0.5705298937831644,1,1,0.41799635442215416,0.07207400530789483,1,0,0,0,1,0,0,0,0,1,0
1,0,1,0,1.2014260790034217,1,0,0,1,1,1,0,0,1,-0.15861598324639314,0.6379394664634483,0.5079352703082123,1,1,-0.14567641714382704,-0.14520733966748856,0,0,0,1,1,0,0,0,0,1,0
1,0,0,0,-1.2409180113122174,1,0,1,0,0,1,0,0,1,-0.3477621109456021,-0.9706155087564744,-0.031297311737476054,0,0,-0.7043878886743176,4.1596200552647185,0,0,0,0,0,0,1,0,0,0,0
1,0,0,0,-1.2816237461508113,1,0,0,0,1,1,0,0,0,-0.3278519922404224,-0.9847664397559132,-0.031297311737476054,0,0,-0.32718159573540195,0.0031493650749470433,0,0,0,0,0,0,1,0,0,0,0
0,1,0,0,-0.8745663977648716,1,0,0,0,0,0,1,1,0,0.8219573629837174,-0.549202977535979,-0.031297311737476054,0,1,1.002816509710703,-2.131065383254817,1,0,0,0,0,0,0,0,0,0,1
0,0,0,0,-1.1188008067964355,1,1,0,0,1,1,0,0,1,0.5913318213153833,-0.825617829725016,-0.031297311737476054,0,0,0.615834136611887,-0.3047373527168867,1,0,0,0,0,1,0,0,0,0,0
0,0,0,0,-0.7524491932490895,1,0,0,0,0,1,1,1,1,0.1566275629189556,-0.6046219724268043,0.5079352703082123,0,0,0.028990010441882545,1.4793562173447277,0,0,0,0,0,1,0,1,0,0,0
1,0,1,0,1.5270719577121736,1,1,0,1,1,1,0,1,1,1.1206091435614158,2.0006850914233527,1.0471678523539008,1,1,1.0934396984984536,0.2785980179565756,1,0,0,1,0,0,0,0,0,1,0
0,0,1,0,1.5677776925507676,1,1,0,0,0,0,0,0,0,-1.3250171040581826,-0.23972540749243954,-1.109762475828853,1,1,-1.33173685240019,0.12240126281122059,0,1,0,1,0,0,0,0,0,1,0
0,1,0,0,0.6722515261016999,1,0,0,0,0,0,0,0,0,-0.7011667179625456,-0.08481110704742083,-1.109762475828853,0,0,-0.7265367723270142,0.31849762322142866,0,0,0,0,0,0,1,0,0,1,0
1,0,1,0,-0.3453918448631497,1,0,0,0,0,0,0,0,0,-1.4876164068171518,-0.7746525386991303,-1.109762475828853,1,0,-1.4126147625146717,-0.8226926123354428,0,1,1,0,0,0,1,1,0,0,0
1,0,0,0,0.346605647392948,1,1,0,0,1,0,0,1,0,0.0023241429538111433,0.10200312157307678,-0.031297311737476054,0,0,-0.10544982640513412,1.2534698165954445,0,0,1,0,0,0,1,0,1,0,0
0,0,0,0,-0.7931549280876836,0,0,0,1,0,0,0,0,0,-1.1873054496806883,-0.8522084163472171,-0.5705298937831644,0,0,-1.239654308411524,0.6485272927539858,0,0,0,0,0,1,0,1,0,0,0
0,0,0,0,-1.2816237461508113,1,0,0,0,0,0,0,0,0,-0.6563689508758908,-0.9891104464813223,-1.109762475828853,0,0,-0.6547554817086707,0.0031493650749470433,0,0,0,0,0,0,1,0,0,0,0
0,1,0,0,0.8757802002946699,1,1,0,1,0,1,1,0,0,0.23792721429843983,0.6962325264099738,0.5079352703082123,0,0,0.23246974873464127,0.05553286914369465,0,0,1,0,0,0,1,0,0,1,0
1,0,1,1,-1.0373893371192475,1,0,0,0,0,0,0,0,1,0.16658262227154547,-0.7765832083548677,-1.109762475828853,1,1,0.35420044846440607,-2.18779451064016,1,0,0,0,0,0,0,0,0,0,1
1,0,1,1,1.6084834273893616,1,1,1,1,1,1,0,0,0,0.23792721429843983,1.1923268702228558,1.0471678523539008,1,1,0.15675735014584216,0.9361637156055826,0,0,0,1,1,0,0,0,0,1,0
0,1,0,0,-0.1825689055087738,1,1,0,1,1,0,1,1,1,1.3678264508173998,0.3743591795994839,1.0471678523539008,0,0,1.5766939009873013,-2.4750638142941472,1,0,0,0,0,1,0,0,1,0,1
0,0,0,0,-1.1188008067964355,0,0,0,1,0,0,1,1,1,-0.46390447005915153,-0.9082636546473195,0.5079352703082123,0,1,-0.6306010436520558,1.9543814390807004,0,0,0,0,1,0,0,0,0,0,0
1,0,0,0,-0.9152721326034655,1,1,0,0,0,0,1,0,1,0.7008374741938728,-0.6429282135508665,-0.5705298937831644,0,1,0.6112017786284266,1.019175533788002,1,0,0,0,0,0,0,0,0,0,1
1,1,1,1,1.5677776925507676,1,0,1,1,1,0,0,0,1,0.7224067694578178,1.7025063267514586,0.5079352703082123,1,1,0.7310838478100513,-0.1250464249915498,1,0,1,0,0,0,0,0,0,1,0
0,0,0,0,1.4456604880349857,0,0,1,0,1,1,0,0,0,-0.8637660207215148,0.1842320973651641,0.5079352703082123,0,0,-0.8255493527375142,-0.4156671260389451,0,0,0,1,0,0,1,0,0,1,0
0,0,0,0,-1.2409180113122174,1,0,0,0,0,0,0,0,0,-0.6430955384057709,-0.9718879955750286,-1.109762475828853,0,0,-0.7523658820744427,1.292424995828253,0,0,0,0,0,1,0,0,0,0,0
0,1,1,0,0.8757802002946699,1,1,1,1,1,1,1,1,1,1.681410820423983,1.8129494068307994,2.1256330164452777,1,1,1.7919077206799634,-1.3413605726896314,1,0,1,0,0,0,0,0,0,1,0
1,0,1,1,-0.7117434584104956,1,1,0,0,1,1,0,0,1,-0.17520774883404305,-0.6284481911328361,-0.031297311737476054,1,1,-0.23596826115631328,0.7125716773202998,0,0,0,0,0,0,0,1,0,0,0
0,0,0,0,-1.2002122764736234,0,0,0,1,0,0,0,0,0,-1.185646273121923,-0.9657010769055066,-0.5705298937831644,0,0,-1.0622926900154814,-1.3951694782296373,0,0,0,0,0,0,1,0,0,0,0
1,1,1,0,1.3235432835192036,1,1,1,1,0,0,1,0,1,0.9215079565096169,1.6099438804155946,0.5079352703082123,1,1,0.8895250453819381,0.3412326648040626,1,0,0,1,1,0,0,0,0,1,0
0,0,1,1,-0.7117434584104956,1,0,0,0,0,0,0,0,0,-1.4793205240233267,-0.8615107337794063,-1.109762475828853,1,1,-1.4076239482586819,-0.7845274879424957,0,1,1,0,1,0,0,1,0,0,0
0,0,0,0,-0.10115743583158582,1,0,0,0,0,1,1,1,1,0.9779199595076267,0.14864634530145926,0.5079352703082123,0,1,0.7609813534269787,2.4906174725681476,1,0,1,0,0,0,0,0,1,0,0
0,0,0,0,1.5270719577121736,1,1,0,0,0,0,0,0,0,-1.290174396324118,-0.19435467058261105,-1.109762475828853,0,1,-1.271189976222004,-0.17773408162775545,0,1,1,0,1,0,0,0,0,1,0
0,0,0,0,-0.5082147842175256,1,0,0,0,0,0,0,0,0,-1.5008898192872717,-0.830356746152735,-1.109762475828853,0,0,-1.4754273308856405,-0.24604644713781956,0,1,0,1,0,0,1,1,0,0,0
0,0,0,0,-1.1595065416350294,0,0,0,0,0,0,0,0,1,-1.3432680462045974,-0.9709226607471599,-1.109762475828853,0,0,-1.4323298575038037,1.080752877346369,0,0,0,0,0,1,0,0,0,0,1
0,0,0,0,1.2421318138420157,1,1,1,1,1,1,0,1,1,0.5100321699358986,1.1829806739348545,1.5864004343995892,0,1,0.4749201176819083,0.39136763721127327,0,0,0,1,1,0,0,0,0,1,0
1,0,0,0,-1.0780950719578415,1,0,0,1,0,0,1,0,1,0.6610172367835129,-0.7792159397036006,-0.031297311737476054,0,0,0.7382607404604825,-0.9205107883005595,1,0,0,0,0,1,0,0,0,0,1
0,1,1,1,-0.1825689055087738,0,0,0,1,0,0,0,1,1,-0.8571293144864547,-0.5277462170438069,-0.031297311737476054,1,0,-0.8528124199811089,-0.021591531890466458,0,0,1,0,0,1,0,0,1,0,0
0,0,1,0,-0.5082147842175256,1,0,0,0,0,0,0,0,1,-1.4909347599346818,-0.8261882548505748,-1.109762475828853,1,0,-1.4597104020131857,-0.31339666665478233,0,1,1,0,0,0,1,1,0,0,0
1,0,0,0,-1.2002122764736234,1,0,1,0,0,1,1,0,1,-0.017585975751368575,-0.9230727684839414,0.5079352703082123,0,1,0.009215829253981981,-0.3111516593375495,0,0,0,0,1,0,0,0,0,0,0
1,0,0,0,-0.8338606629262776,1,0,0,0,0,1,0,0,0,-0.4871329418818615,-0.7483910434955208,-0.5705298937831644,0,1,-0.511510840493929,0.2998110462806221,0,0,0,0,0,0,0,0,0,0,1
1,0,0,0,-1.1188008067964355,0,0,1,0,1,1,0,0,0,-0.8272641364286849,-0.9108744465681463,0.5079352703082123,0,0,-0.6699760865114691,-1.8018365179796834,0,0,0,0,0,0,1,0,0,0,1
1,0,1,1,-0.38609757970174374,1,0,1,0,0,1,0,0,0,-0.2565074002135275,-0.3843720556774003,-0.031297311737476054,1,1,-0.10103045443106348,-1.7998285611245188,0,0,1,0,1,0,0,1,0,0,0
0,0,1,0,1.5270719577121736,0,0,0,1,1,1,1,1,0,-0.23659728150834783,0.7634768729421905,1.5864004343995892,1,1,-0.23935586988571442,0.039985811667896456,0,0,0,1,0,0,0,0,0,1,0
1,0,1,1,1.3235432835192036,1,1,1,1,1,0,0,1,0,0.24954145020979507,1.0331343813361467,1.0471678523539008,1,1,0.22035293690305663,0.3311671374916317,0,0,1,0,1,0,0,0,0,1,1
0,0,1,1,1.6084834273893616,1,1,1,0,1,1,1,1,1,0.6095827634617982,1.6425458702840692,1.5864004343995892,1,1,0.6282881942856742,-0.2379216587516435,0,0,0,1,0,0,0,0,0,1,0
1,0,1,1,-1.2816237461508113,0,0,0,1,0,0,0,0,0,-1.1524627419466233,-0.9956703354252482,-0.5705298937831644,1,0,-1.149425137799617,0.0031493650749470433,0,0,0,0,0,1,0,0,0,0,1
1,0,1,1,0.06166550352279012,0,0,0,0,0,1,1,0,1,-0.8090131942822701,-0.4271539400943082,-0.031297311737476054,1,0,-0.8583943279353686,0.601377785490332,0,0,0,1,0,1,0,0,1,0,0
0,0,0,0,-0.4675090493789317,1,1,0,0,0,0,1,1,1,1.0758113764747608,-0.07890940094067823,-0.031297311737476054,0,0,1.1908610230281664,-1.3740938993331742,1,0,0,0,0,1,0,1,0,0,1
0,0,1,1,-0.5489205190561197,1,1,0,0,0,1,0,1,1,0.8103431270723621,-0.2687512706122186,-0.031297311737476054,1,1,0.7889380402043533,0.22191098034809248,1,0,1,0,0,0,0,1,0,0,0
1,0,1,0,1.5270719577121736,0,0,0,1,1,1,0,1,1,-0.46058611694162177,0.5861404771771308,1.0471678523539008,1,1,-0.4303933677444397,-0.3358009233512444,0,0,1,0,0,0,0,0,0,1,0
0,1,0,0,0.9571916699718578,1,1,1,1,0,0,0,1,1,1.059219610887111,1.2814009475216483,0.5079352703082123,0,0,0.935401842652007,1.4047899028795143,1,0,0,0,0,1,0,0,0,1,0
1,0,0,0,-1.2816237461508113,1,0,0,0,0,0,0,1,1,-0.3062826969764773,-0.9844812271931339,-0.5705298937831644,0,0,-0.3056742193836215,0.0031493650749470433,0,0,0,0,0,0,1,0,0,0,1
0,0,1,1,0.22448844287716607,1,0,1,1,0,0,0,0,0,-0.3461029343868372,-0.09797476379108477,-0.031297311737476054,1,0,-0.3409828878477789,-0.047996290347712,0,0,0,0,0,1,0,0,1,0,0
1,0,0,0,-0.7931549280876836,1,0,0,0,0,0,0,0,0,-1.5141632317573919,-0.894990300764125,-1.109762475828853,0,1,-1.4878163432397578,-0.2558899407595281,0,1,1,0,1,0,0,1,0,0,0
1,1,1,0,0.5501343215859179,1,1,0,0,1,0,1,1,1,1.1969312652646056,1.0446306415589464,0.5079352703082123,1,0,1.2177169848510896,-0.28172951375146826,1,0,0,0,0,1,0,0,1,0,1
1,1,1,0,0.8757802002946699,0,0,0,0,0,0,0,0,1,-1.3266762806169474,-0.4100850651833572,-1.109762475828853,1,1,-1.3124461485799914,-0.12121691329235712,0,0,0,0,0,0,0,0,0,1,0
0,1,1,0,0.631545791263106,1,0,0,0,0,0,0,0,1,0.18981109409425545,0.5466056280903268,-1.109762475828853,1,1,0.2950502396471132,-1.2304019769113488,1,0,0,0,0,0,0,0,1,0,0
0,0,1,1,1.4456604880349857,1,1,1,1,1,1,1,1,1,0.8003880677197722,1.7053365129513463,2.1256330164452777,1,1,0.861271254979262,-0.734873208455482,0,0,0,1,0,0,0,0,0,1,0
0,0,1,0,0.7943687306174818,1,1,0,1,1,0,1,0,0,0.9845566657426863,1.1963417855296734,0.5079352703082123,1,1,1.0492904907785359,-0.7858103492666341,1,0,0,0,0,0,0,0,0,1,0
0,0,1,0,1.5677776925507676,1,1,0,0,0,0,0,0,0,-1.3333129868520075,-0.20291104746599264,-1.109762475828853,1,1,-1.2926367684150466,-0.4285967101384275,0,1,0,1,0,0,0,0,0,1,0
0,0,0,0,-1.2816237461508113,1,0,0,0,0,0,0,0,0,0.12344403174365576,-0.9787989153654522,-1.109762475828853,0,0,0.12281889408646253,0.0031493650749470433,1,0,0,0,0,1,0,0,0,0,1
0,0,1,0,1.2828375486806096,1,0,1,1,1,1,0,1,1,0.3125901594428645,1.0795143319296558,1.5864004343995892,1,0,0.31201659543102955,-0.0037660592504587774,0,0,0,1,0,0,1,0,0,1,0
0,0,0,0,0.5501343215859179,1,0,0,0,0,0,0,0,0,-0.6630056571109506,-0.05723324616944488,-1.109762475828853,0,1,-0.5885789390878083,-0.8435391088525971,0,0,0,0,0,0,0,0,1,0,0
0,0,0,0,-0.8745663977648716,1,1,0,0,0,1,1,0,0,0.8368899520126024,-0.5754205938837764,-0.031297311737476054,0,0,0.8230870360017698,0.13260173505560743,1,0,0,0,0,1,0,0,0,0,1
1,0,0,0,0.8350744654560759,1,0,0,0,1,0,0,1,1,-0.1270916286298582,0.4644863494377698,-0.031297311737476054,0,0,-0.05233043640677289,-0.86532354643221,0,0,1,0,0,1,0,0,0,1,0
0,0,0,0,-1.2409180113122174,1,0,0,0,0,0,0,0,1,-1.4892755833759168,-0.9916992989742429,-1.109762475828853,0,0,-1.499333606907427,0.16671418390185955,0,1,0,0,0,0,1,0,0,0,0
1,1,1,0,0.9978974048104517,1,1,0,0,1,0,1,1,0,1.1836578527944854,1.5124231233729508,0.5079352703082123,1,0,1.1869260895101714,-0.07753586031129212,1,0,0,0,0,1,0,0,0,1,1
0,0,0,0,0.428017117070136,1,0,0,1,0,1,0,0,0,-0.31457857977030224,0.06358718330948407,-0.031297311737476054,0,0,-0.2678535557811171,-0.532967332475369,0,0,1,0,0,1,0,0,1,0,0
1,0,0,0,0.46872285190873,1,0,0,0,0,0,0,0,0,-1.4892755833759168,-0.6380357211278046,-1.109762475828853,0,0,-1.5130577194395944,0.3263429509388191,0,1,0,1,0,0,1,0,1,0,0
0,0,1,0,1.5677776925507676,0,0,1,1,1,1,1,1,0,0.06205449906935077,1.0486236174378576,2.1256330164452777,1,1,0.036602975883226016,0.29396137932727023,0,0,1,0,0,0,0,0,0,1,0
1,0,0,1,-0.10115743583158582,0,0,0,0,0,0,1,1,1,-0.6779382461398357,-0.4350740735684126,-0.031297311737476054,1,0,-0.706262890715242,0.35208764523902636,0,0,0,0,0,1,0,0,1,0,0
1,0,1,0,-0.5082147842175256,1,0,0,0,0,0,0,0,0,-1.469365464670737,-0.8257275268645465,-1.109762475828853,1,0,-1.457973267769388,-0.08344377430400704,0,1,1,0,0,0,1,1,0,0,0
1,0,1,1,-0.5896262538947137,1,0,0,0,0,0,0,0,0,-1.4892755833759168,-0.8571447876260911,-1.109762475828853,1,1,-1.5128446510258529,0.3238646961081092,0,1,1,0,0,0,0,1,0,0,0
1,1,1,0,0.06166550352279012,1,0,0,0,0,0,0,0,0,0.219676272152025,0.056171656677219996,-1.109762475828853,1,1,0.21356834407757136,0.06370796581709064,1,0,0,0,1,0,0,0,1,0,0
0,0,0,0,0.7943687306174818,0,0,1,1,1,0,1,1,1,-0.20507292689181286,0.32435922340146706,1.5864004343995892,0,1,-0.21522233925327922,0.12489783881714855,0,0,0,1,0,0,0,0,0,1,0
0,1,0,0,1.3642490183577978,1,1,0,1,1,0,1,1,0,1.4325343366092342,2.1672931069423265,1.0471678523539008,0,1,1.4802902914691072,-0.6032941699695824,1,0,1,0,0,0,0,0,0,1,0
1,1,1,0,-0.1418631706701798,1,1,0,0,1,0,1,1,1,1.113972437326356,0.30926489700206566,0.5079352703082123,1,0,1.2789687326678394,-1.9563107160442108,1,0,0,0,0,1,0,0,1,0,1
0,0,1,1,0.346605647392948,1,1,1,1,1,1,0,1,0,0.49675875746577897,0.45057675214529813,1.5864004343995892,1,1,0.5356556060096593,-0.4690061808070407,0,0,0,0,1,0,0,0,1,0,1
1,0,1,1,1.4863662228735797,1,0,1,1,1,1,1,0,1,0.35904710308828447,1.3553368195652276,1.5864004343995892,1,1,0.43514340284709746,-0.8970846249903072,0,0,0,1,0,0,0,0,0,1,0
1,1,1,0,-0.019745966154397852,1,1,0,0,0,0,0,1,0,0.6759498258123978,0.1587384821382683,-0.5705298937831644,1,0,0.6029090306312499,0.82698687166638,1,0,0,0,0,1,0,0,1,0,1
1,0,0,0,-0.9559778674420595,1,0,0,0,0,0,0,0,0,0.16990097538907525,-0.7204182729152349,-1.109762475828853,0,0,0.26859111158186205,-1.1535639288513229,1,0,0,0,0,0,1,0,0,0,0
1,0,0,0,-1.2409180113122174,0,0,0,0,0,1,0,0,0,-1.1640769778579783,-0.9757493348865034,-0.5705298937831644,0,1,-0.89795427584034,-3.0564748929814094,0,0,0,0,0,0,0,0,0,0,1
1,0,0,0,0.18378270803857208,1,0,0,0,0,0,0,0,0,-1.4859572302583868,-0.6641436403360715,-1.109762475828853,0,1,-1.4460123048294686,-0.4149940827369378,0,1,1,0,1,0,0,0,1,0,0
0,0,0,0,0.26519417771576004,1,0,1,0,0,0,0,0,1,-0.5667734167025811,-0.18119101383894712,-0.5705298937831644,0,0,-0.5482367006054747,-0.19668095656879356,0,0,1,0,0,1,0,0,1,0,0
1,0,0,0,-0.9966836022806536,1,1,0,0,0,0,0,1,1,0.7174292397815226,-0.7238627630964936,-0.5705298937831644,0,0,0.538283500728064,2.059736425325094,1,0,0,0,0,1,0,0,0,0,1
1,0,1,1,-1.1188008067964355,1,0,0,0,0,0,0,0,0,-1.472683817788267,-0.9652842277752907,-1.109762475828853,1,0,-1.4905652150101627,0.2571559072532108,0,1,1,0,0,1,0,0,0,0,0
0,0,0,0,-0.2639803751859618,0,0,0,0,1,0,1,1,1,-0.48381458876433153,-0.4483693668795132,0.5079352703082123,0,1,-0.5229114467947986,0.4709003401817727,0,0,0,0,1,0,0,0,1,0,0
1,0,1,1,1.2421318138420157,1,0,0,1,1,0,0,0,1,0.5100321699358986,1.1395406066807636,-0.031297311737476054,1,1,0.4229242627655165,0.9961451185880908,1,0,0,0,1,0,0,0,0,1,0
0,1,1,0,1.0386031396490458,1,1,0,0,0,1,1,1,1,1.1770211465594258,1.514024701610097,0.5079352703082123,1,1,1.1314977303618658,0.4901943022715146,1,0,0,0,0,0,0,0,0,1,0
0,0,0,0,1.6084834273893616,1,0,0,0,0,0,0,0,1,-1.452773699083087,-0.3861052704819827,-1.109762475828853,0,1,-1.4963924272353886,0.5558487855554278,0,1,0,1,0,0,0,0,0,1,0
0,1,0,0,1.2828375486806096,1,0,1,1,0,1,1,0,1,0.17487850506537042,0.957289779064736,1.0471678523539008,0,1,0.16800506459476994,0.07410763206603507,0,0,0,1,1,0,0,0,0,1,1
0,1,1,0,0.7129572609402939,1,1,0,0,0,0,0,0,0,-1.3183803978231226,-0.4357322564055958,-1.109762475828853,1,0,-1.2842267551183137,-0.3532295107691011,0,1,1,0,0,1,0,0,0,1,0
0,0,0,0,-0.9966836022806536,1,0,1,1,0,1,0,0,0,-0.2233238690382277,-0.8030202189817262,0.5079352703082123,0,1,-0.2078570173221594,-0.17244227866570763,0,0,1,0,0,0,0,0,0,0,0
0,0,0,1,-1.2816237461508113,1,0,0,0,0,0,0,1,0,0.45527934349665417,-0.9744110297842309,-0.5705298937831644,1,0,0.45370160719077446,0.0031493650749470433,1,0,0,0,0,1,0,0,0,0,1
0,0,0,0,-1.0780950719578415,1,0,0,0,0,0,0,0,0,0.18649274097672516,-0.8185094550834374,-1.109762475828853,0,1,0.24441829115229707,-0.6799742900256887,1,0,0,0,1,0,0,0,0,0,0
0,0,1,1,1.3235432835192036,1,1,1,1,0,1,1,1,1,0.5830359385215584,1.2794044595821932,1.5864004343995892,1,1,0.5060574334104337,0.8758897920464144,0,0,0,1,0,0,0,0,0,1,0
0,0,1,1,-0.7931549280876836,1,0,1,0,0,1,0,0,0,-0.3577171702981922,-0.7013090312090161,-0.031297311737476054,1,1,-0.36434226966865546,0.08900239215151674,0,0,1,0,0,0,0,1,0,0,0
1,0,1,0,0.590840056424512,1,1,0,1,1,1,1,1,1,1.4806504568134191,1.239672155644234,1.5864004343995892,1,0,1.4590218504098327,0.2021293449244561,1,0,0,0,0,1,0,0,1,0,1
1,0,0,0,-1.1595065416350294,1,0,0,0,0,0,0,1,0,-0.3527396406218973,-0.9232263444792841,-0.5705298937831644,0,0,-0.5331560846428359,2.1102490899628146,0,0,0,0,0,1,0,0,0,0,1
0,0,0,0,0.7536629957788878,1,1,0,0,0,0,0,0,0,-1.3266762806169474,-0.4437620870192308,-1.109762475828853,0,1,-1.3130498833778672,-0.11419471486777423,0,1,0,1,0,0,0,0,0,1,0
1,0,1,1,0.06166550352279012,0,0,0,0,1,1,1,0,1,-0.6663240102284806,-0.3759253759335493,0.5079352703082123,1,0,-0.7447750433620497,0.9347330736877417,0,0,0,0,0,1,0,0,1,0,0
0,1,1,0,0.18378270803857208,1,0,0,0,1,1,1,0,0,0.8319124223363072,0.4705635709677613,0.5079352703082123,1,0,0.8665895764887763,-0.43111652910779047,1,0,0,0,0,1,0,0,1,0,0
0,0,1,0,-0.9966836022806536,1,1,0,0,0,1,0,1,1,0.8402083051301322,-0.682572759777201,-0.031297311737476054,1,0,0.9274842920170109,-1.0431844024207415,1,0,0,0,0,1,0,0,0,0,0
0,0,1,1,0.26519417771576004,1,1,0,0,0,1,1,1,1,1.1620885575305409,0.6441702639887827,0.5079352703082123,1,1,1.0476360772130144,1.292424995828253,1,0,0,0,1,0,0,0,1,0,0
0,0,0,0,-1.2409180113122174,1,1,0,1,0,0,0,0,0,-0.3577171702981922,-0.9643188929474218,-0.5705298937831644,0,0,-0.46697954202197356,1.2828035358972587,0,0,0,0,0,0,1,0,0,0,0
0,0,1,0,-1.2409180113122174,1,0,0,0,0,0,0,0,0,-1.4793205240233267,-0.9905584487231254,-1.109762475828853,1,0,-1.4563188542038665,-0.21814421333793393,0,1,0,0,0,0,1,0,0,0,0
1,0,1,0,0.428017117070136,1,1,1,1,0,1,0,0,0,0.04380355692293595,0.26679016457584326,0.5079352703082123,1,1,0.08849943128541027,-0.5213320786053275,0,0,0,0,0,0,0,0,1,0,0
1,0,0,1,-1.2816237461508113,1,1,0,0,1,0,1,1,1,1.1554518512954808,-0.9651525912078539,0.5079352703082123,1,0,1.1518641318408724,0.0031493650749470433,1,0,0,0,0,1,0,0,0,0,1
1,0,0,1,0.5094285867473239,1,1,0,0,1,0,1,1,0,1.1537926747367158,1.024578004452765,0.5079352703082123,1,1,1.258923071903068,-1.2613242800784656,1,0,0,1,0,0,0,0,1,0,0
1,1,1,0,-1.2816237461508113,1,0,0,0,0,0,0,0,0,0.19644780032931503,-0.9778335805375835,-1.109762475828853,1,0,0.1956130909694108,0.0031493650749470433,1,0,0,0,0,0,1,0,0,0,1
1,0,0,0,-1.2816237461508113,1,1,0,0,0,0,0,0,0,-0.4705411762942116,-0.9866532305558383,-1.109762475828853,0,0,-0.46946116237025604,0.0031493650749470433,0,0,0,0,0,0,1,0,0,0,0
1,0,1,1,-0.10115743583158582,1,1,0,0,0,0,1,0,0,0.680927355488693,0.09241559157810804,-0.5705298937831644,1,0,0.6196392878125865,0.6901216041479825,1,0,0,0,0,1,0,0,1,0,0
1,1,0,0,1.5270719577121736,0,0,0,1,1,0,1,0,1,-0.6928708351687206,0.3125558111879817,0.5079352703082123,0,1,-0.7251153272023518,0.39817901995607646,0,0,1,0,1,0,0,0,0,1,0
1,0,0,0,1.2828375486806096,1,1,0,0,1,1,1,1,1,1.3180511540544502,2.0142436578693275,1.0471678523539008,0,1,1.4133648760411242,-1.1526285091358068,1,0,1,0,1,0,0,0,0,1,0
0,0,1,1,-0.5896262538947137,1,1,0,0,0,0,0,0,0,-1.3216987509406526,-0.8209227921531091,-1.109762475828853,1,0,-1.3610981623216254,0.5023962303832354,0,1,0,1,0,0,1,1,0,0,0
1,0,1,1,0.18378270803857208,1,0,0,0,0,0,0,0,0,-1.497571466169742,-0.6903173778280567,-1.109762475828853,1,1,-1.4993559638475016,0.07075962404950596,0,1,0,1,0,0,0,0,1,0,0
0,0,1,0,1.6084834273893616,0,0,1,1,1,1,1,1,0,0.018915908541461066,1.149786319512915,2.1256330164452777,1,1,0.11220307370769897,-1.0856791837826352,0,0,0,1,0,0,0,0,0,1,0
0,0,1,1,0.5094285867473239,0,0,1,0,0,0,1,1,1,-0.4655636466179167,0.015144926492800677,0.5079352703082123,1,1,-0.4326228869779761,-0.3675975575993865,0,0,0,0,0,0,0,0,1,0,0
0,0,1,1,0.9571916699718578,1,1,1,1,1,1,1,0,0,0.5415565245524336,1.0184569040669609,1.5864004343995892,1,1,0.5813277965310087,-0.48067262002650596,0,0,0,1,1,0,0,0,0,1,0
0,1,1,0,-0.06045170099299184,1,1,0,0,0,0,0,1,1,0.6610172367835129,0.14658403907828532,-0.5705298937831644,1,0,0.662104348266958,-0.03471573529864939,1,0,0,0,0,1,0,0,1,0,0
1,0,1,1,1.2014260790034217,1,0,0,0,0,0,0,0,0,-1.4925939364934466,-0.4627177527301069,-1.109762475828853,1,1,-1.4843638325484334,-0.04588904360560781,0,1,1,0,0,0,0,0,0,1,0
1,1,1,0,1.4863662228735797,0,0,0,0,1,0,0,0,1,-1.1657361544167435,-0.0724153302804706,-0.5705298937831644,1,1,-1.1252083595216926,-0.43246571933705236,0,0,1,0,1,0,0,0,0,1,0
0,0,0,1,-1.1595065416350294,1,0,0,0,0,0,0,0,1,-1.477661347464562,-0.9717344195796859,-1.109762475828853,1,0,-1.447633182984878,-0.29992662275139087,0,1,1,0,0,0,1,0,0,0,0
1,0,0,1,1.3642490183577978,1,0,0,0,0,0,0,0,0,-1.4925939364934466,-0.45205519076773915,-1.109762475828853,1,1,-1.512443581070575,0.2807139061145562,0,1,0,1,1,0,0,0,0,1,0
0,0,1,1,1.5270719577121736,1,1,1,1,0,0,1,0,1,0.14169497389007057,1.1290096812858323,0.5079352703082123,1,1,0.15441819318792427,-0.15271828580716976,0,0,0,1,1,0,0,0,0,1,0
0,1,1,0,1.6084834273893616,1,1,0,1,1,0,1,1,1,1.3545530383472797,2.3389691303076106,1.0471678523539008,1,1,1.3576777749849922,-0.08157293487298288,1,0,1,0,1,0,0,0,0,1,0
1,0,0,0,0.9571916699718578,1,0,1,0,1,0,0,0,0,-0.4058332905023768,0.31608805908086474,-0.031297311737476054,0,0,-0.36446498715840575,-0.4676149244058687,0,0,1,0,0,0,1,0,0,1,0
0,0,0,0,-0.8338606629262776,1,0,0,0,1,0,1,1,0,1.0144218438004564,-0.5196066892906412,0.5079352703082123,0,0,0.9261745479443066,0.9925561613122466,1,0,1,0,0,0,1,0,0,0,1
0,0,0,0,-1.2816237461508113,1,0,0,0,0,0,0,0,0,0.19312944721178524,-0.9778774593933958,-1.109762475828853,0,0,0.19230426383836785,0.0031493650749470433,1,0,0,0,0,0,1,0,0,0,1
0,0,0,0,0.346605647392948,1,1,1,1,1,1,1,1,1,1.6449089361311533,0.9776715075895089,2.1256330164452777,0,1,1.5051016038549145,1.5712126640726924,1,0,0,0,0,0,0,0,1,0,1
1,0,0,1,-1.2816237461508113,1,0,0,0,0,1,0,1,1,-0.1785261019515731,-0.9827918912443635,-0.031297311737476054,1,0,-0.1782843748384616,0.0031493650749470433,0,0,0,0,0,0,1,0,0,0,0
0,0,0,0,-0.7931549280876836,1,0,0,0,0,0,0,0,0,-1.5025489958460367,-0.9015063108522386,-1.109762475828853,0,0,-1.525613330082827,0.31843720589062324,0,1,1,0,0,1,0,1,0,0,0
1,0,1,1,-0.2639803751859618,1,1,0,0,0,0,1,0,1,0.6245153524906832,-0.10036616143285051,-0.5705298937831644,1,0,0.486408090755316,1.5855094675724046,1,0,0,0,0,1,0,0,1,0,1
0,0,0,1,-0.6710377235719016,1,1,0,0,0,1,0,0,1,0.48348534499565887,-0.45420525470253753,-0.5705298937831644,1,1,0.4656961055408057,0.19076783372934528,1,0,1,0,1,0,0,1,0,0,0
1,0,0,0,-1.2002122764736234,1,0,0,0,0,0,0,1,0,-0.34112540471054226,-0.9259468335396415,-0.5705298937831644,0,0,-0.06302689644045958,-3.223246865118655,0,0,0,0,0,0,1,0,0,0,0
1,0,0,0,1.0386031396490458,1,0,0,1,1,1,1,0,0,0.17156015194784016,0.7677111825280688,1.0471678523539008,0,1,0.16118417418347092,0.11495736496271272,0,0,0,1,0,0,0,0,0,1,0
0,1,1,0,1.6084834273893616,1,1,1,1,1,1,1,1,0,0.8020472442785371,1.7784386867344932,2.1256330164452777,1,1,0.770613716852904,0.3388314115563216,0,0,0,1,1,0,0,0,0,1,0
1,0,0,1,0.9571916699718578,1,0,0,0,0,0,0,0,1,-1.4511145225243218,-0.465416302362558,-1.109762475828853,1,0,-1.416819730327039,-0.35043928738911434,0,1,1,0,0,0,1,0,0,1,0
1,0,0,0,-1.2816237461508113,1,0,0,0,0,0,0,0,1,0.1566275629189556,-0.97836012680733,-1.109762475828853,0,0,0.15590716539689373,0.0031493650749470433,1,0,0,0,0,1,0,0,0,0,1
0,0,1,0,0.020959768684196134,1,0,0,1,0,1,0,0,1,-0.3709905827683121,-0.1939597608803012,-0.031297311737476054,1,1,-0.28642286153027985,-0.9712421224821663,0,0,1,0,1,0,0,0,1,0,0
1,1,1,0,-0.7931549280876836,1,1,1,1,0,0,0,1,0,0.9580098408024466,-0.45560937808852836,0.5079352703082123,1,1,1.0608713857371868,-1.2283975060923933,1,0,0,0,1,0,0,1,0,0,0
1,0,0,0,0.9978974048104517,1,1,0,0,0,0,1,0,1,0.7290434756928779,1.1583646358242028,-0.5705298937831644,0,0,0.7185238768718042,0.09801358404370641,1,0,1,0,0,1,0,0,0,1,0
0,0,1,0,-0.5896262538947137,1,0,1,0,0,0,0,0,0,0.3275227484717495,-0.37792186387300497,-0.5705298937831644,1,0,0.49478621073455964,-1.9564213075376689,1,0,0,0,0,1,0,1,0,0,0
1,0,0,0,0.387311382231542,1,1,0,1,0,0,1,1,1,1.2218189136460804,0.8662192138264875,0.5079352703082123,0,0,1.2180012836625553,0.0036075298335701165,1,0,0,0,0,1,0,0,1,0,1
1,0,1,0,-0.019745966154397852,1,1,1,0,0,1,1,0,1,0.2611556861211498,0.01479389564630309,0.5079352703082123,1,1,0.26370254927540787,-0.038343180877471475,0,0,1,0,1,0,0,0,1,0,0
1,0,1,1,0.06166550352279012,1,0,0,0,0,0,0,0,0,-1.464387934994442,-0.7298961057706729,-1.109762475828853,1,0,-1.529842939424545,0.8102200628160436,0,1,0,0,0,0,1,0,1,0,0
1,0,1,0,1.2828375486806096,1,1,0,1,0,1,1,1,1,1.3379612727596297,1.985108097610017,1.0471678523539008,1,0,1.3790357945565515,-0.5224228836556438,1,0,0,1,0,1,0,0,0,1,0
0,0,0,0,-0.8745663977648716,1,1,0,0,0,0,0,0,1,0.38393475146975936,-0.6412388776020962,-1.109762475828853,0,0,0.371883336314072,0.12735366600233136,1,0,0,0,0,1,0,0,0,0,1
0,0,1,0,0.6722515261016999,1,1,1,0,0,0,1,1,1,1.1919537355883103,1.1180399673327792,0.5079352703082123,1,0,1.124583189780844,0.7438054234364195,1,0,0,0,0,0,1,0,0,1,0
0,0,1,1,-0.38609757970174374,1,0,0,1,1,1,0,0,0,0.6261745290494481,-0.17511379230895563,0.5079352703082123,1,0,0.5850476580882683,0.4574496035558352,1,0,0,0,0,1,0,1,0,0,1
0,0,1,1,0.9571916699718578,1,1,1,0,1,0,0,1,1,0.12676238486118555,0.6619850794485412,0.5079352703082123,1,1,0.10131151773468207,0.2917931630047922,0,0,1,0,0,0,0,0,0,1,0
0,0,0,0,-0.30468611002455576,1,0,0,0,0,0,0,0,0,-1.5224591145512167,-0.8065085880187972,-1.109762475828853,0,0,-1.5381461491545627,0.23329468662434316,0,1,0,0,0,0,1,0,1,0,0
1,1,1,0,-0.9966836022806536,0,0,0,1,1,0,0,1,1,-0.7160993069914304,-0.8459556793939768,0.5079352703082123,1,0,-0.612567935787871,-1.1802902064374163,0,0,0,0,0,0,1,0,0,0,0
0,0,1,0,0.06166550352279012,1,1,1,1,0,1,0,0,0,-0.07565715530814353,-0.010721659008498911,0.5079352703082123,1,0,0.06520637462829973,-1.6358946325815849,0,0,0,0,0,1,0,0,1,0,1
1,0,0,1,-1.0780950719578415,1,1,0,0,0,0,0,0,0,-1.2802193369715278,-0.9281627157581581,-1.109762475828853,1,0,-1.1337082089271624,-1.6613632029871594,0,1,0,0,0,0,1,0,0,0,0
1,0,0,0,-0.38609757970174374,1,1,0,0,1,1,1,1,1,1.29814103534927,0.07492986753694113,1.0471678523539008,0,0,1.404845545316495,-1.2844529682990558,1,0,0,0,0,0,1,1,0,0,1
1,0,1,1,-0.06045170099299184,0,0,1,0,0,1,0,0,0,-0.9799083798350643,-0.5361270785039396,-0.031297311737476054,1,1,-0.9986066624394904,0.25020362652887856,0,0,0,0,0,0,0,0,1,0,1
1,0,1,1,-0.8338606629262776,0,0,0,1,0,1,0,0,0,-0.9765900267175343,-0.819255395632245,-0.031297311737476054,1,0,-0.9568238252134821,-0.19729771682077965,0,0,0,0,0,0,1,0,0,0,0
0,0,0,0,-1.1595065416350294,1,1,1,0,0,0,0,0,1,0.505054640259604,-0.8685752295651727,-0.5705298937831644,0,0,0.4971299632857154,0.07531031455740833,1,0,0,0,0,1,0,0,0,0,0
0,0,1,1,1.2421318138420157,1,1,1,1,1,0,1,0,1,1.1819986762357204,1.7183027148438554,1.0471678523539008,1,0,1.115677117661687,0.7319367744512484,1,0,0,0,0,1,0,0,0,1,1
1,0,0,0,-1.2409180113122174,1,0,0,0,0,0,0,0,1,-1.5025489958460367,-0.9918967538253978,-1.109762475828853,0,0,-1.506778467952274,0.09936396438489542,0,1,0,0,0,0,1,0,0,0,0
0,0,1,1,1.5677776925507676,1,0,0,0,0,0,0,0,0,-1.4743429943470319,-0.3503220635671228,-1.109762475828853,1,1,-1.4492002155522208,-0.24321421456658296,0,1,0,1,0,0,0,0,0,1,0
0,0,1,1,0.18378270803857208,1,1,0,1,0,0,1,0,1,0.7920921849259474,0.45687336795435085,-0.031297311737476054,1,0,0.8386881152756561,-0.5684173627176664,1,0,0,0,0,1,0,0,1,0,0
0,0,0,0,-1.2816237461508113,1,0,0,0,0,0,0,0,0,-0.6563689508758908,-0.9891104464813223,-1.109762475828853,0,0,-0.6547554817086707,0.0031493650749470433,0,0,0,0,0,1,0,0,0,0,1
1,1,1,0,-1.2409180113122174,1,0,0,0,0,0,0,0,0,0.17156015194784016,-0.9467673506225366,-1.109762475828853,1,0,0.1947858841866503,-0.2758729729239065,1,0,0,0,0,1,0,0,0,0,0
0,0,1,0,-1.0373893371192475,1,0,0,0,0,0,1,0,1,0.5365789948761385,-0.7558943278394092,-0.5705298937831644,1,0,0.5770735902196674,-0.48891958568164473,1,0,0,0,0,1,0,0,0,0,1
1,1,0,0,1.4863662228735797,1,1,1,0,1,1,0,1,0,0.3042942766490395,1.1986234860319085,1.0471678523539008,0,1,0.2638756333033224,0.45995954962478475,0,0,0,1,1,0,0,0,0,1,0
1,0,0,0,-0.5489205190561197,1,0,0,1,1,0,0,0,1,0.44200593102653407,-0.35470994914834414,-0.031297311737476054,0,0,0.4477805481141711,-0.08192459642016871,1,0,0,0,0,1,0,1,0,0,1
0,0,0,0,-0.5489205190561197,1,0,1,0,1,1,1,1,1,1.3827590398462843,-0.16010722362117868,1.5864004343995892,0,0,1.2201304600181833,1.845405745546481,1,0,0,0,0,1,0,1,0,0,1
1,0,1,0,1.6084834273893616,1,1,1,1,1,1,1,1,1,0.7356801819279375,1.7247748460761567,2.1256330164452777,1,1,0.7144096115575468,0.2228393668326596,0,0,0,1,0,0,0,0,0,1,0
0,0,0,0,-0.1418631706701798,1,1,0,0,1,0,1,1,1,1.1172907904438856,0.2781328488033003,0.5079352703082123,0,1,1.1980165654445598,-0.9762489010042501,1,0,0,0,1,0,0,0,1,0,1
0,1,0,0,-1.2002122764736234,1,0,0,0,0,0,0,0,0,-0.6613464805521857,-0.9531517241432136,-1.109762475828853,0,0,-0.7468511701893709,1.0166098111397364,0,0,0,0,0,1,0,0,0,0,1
0,0,1,1,-0.8745663977648716,1,0,1,0,0,0,0,0,0,-0.4622452935003867,-0.7536784456208925,-0.5705298937831644,1,1,-0.3989229839857458,-0.7210841642763011,0,0,0,0,0,0,0,0,0,0,0
0,1,0,0,0.020959768684196134,0,0,1,1,1,0,1,1,1,-0.18184445506910288,-0.18195889381566083,1.5864004343995892,0,1,-0.25899970333814953,0.903484767102584,0,0,0,0,0,0,0,0,1,0,0
0,0,1,0,1.6084834273893616,1,1,0,1,0,0,1,1,1,1.0874256123861161,2.0054240078510723,0.5079352703082123,1,1,1.008343755031877,0.883512948760978,1,0,0,1,1,0,0,0,0,1,0
1,1,0,0,-1.1188008067964355,1,0,0,0,0,0,0,0,0,-1.4892755833759168,-0.9676098071333378,-1.109762475828853,0,1,-1.5256387825992197,0.47267660970749464,0,1,0,0,0,0,0,0,0,0,0
1,1,1,0,1.0386031396490458,0,0,0,1,1,0,0,1,1,-0.6513914211995958,0.15439447541285917,0.5079352703082123,1,0,-0.6362146400261015,-0.1547752875855203,0,0,0,0,0,1,0,0,0,1,1
1,0,1,0,1.5677776925507676,1,1,0,1,0,1,1,1,1,1.3014593884668002,2.222887617256401,1.0471678523539008,1,1,1.2837744866918241,0.1622422377367479,1,0,0,1,1,0,0,0,0,1,0
1,0,0,0,-0.9559778674420595,0,0,0,0,0,0,1,1,1,-0.6480730680820658,-0.8251571017389878,-0.031297311737476054,0,0,-0.6089833730625742,-0.4330234851301521,0,0,0,0,0,1,0,0,0,0,1
0,0,0,0,-1.2816237461508113,1,1,0,0,0,0,0,0,1,-0.49211047155815646,-0.9869384431186178,-1.109762475828853,0,0,-0.4909685387220362,0.0031493650749470433,0,0,0,0,0,1,0,0,0,0,0
0,0,0,0,-1.2409180113122174,1,1,0,0,0,1,0,0,1,-0.35108046406313215,-0.9575615491523409,-0.5705298937831644,0,0,-0.21219985293165353,-1.6036344434011895,0,0,0,0,0,0,1,0,0,0,0
1,0,1,0,0.18378270803857208,1,0,0,0,0,0,0,0,0,-1.4793205240233267,-0.7028009123066312,-1.109762475828853,1,1,-1.5247981616524142,0.5783566452738818,0,1,0,0,0,0,0,0,1,0,0
1,0,1,1,-1.0780950719578415,1,0,0,1,1,0,0,0,1,-0.3195561094465974,-0.8666445599094353,-0.031297311737476054,1,0,-0.3605456026400867,0.4874295149350203,0,0,0,0,0,0,1,0,0,0,1
0,0,1,0,-0.3453918448631497,1,1,1,1,1,0,0,0,0,0.045462733481700844,-0.3246529329169781,0.5079352703082123,1,0,0.001288430919191331,0.5122849530900868,0,0,0,0,0,0,1,1,0,0,0
1,0,0,0,0.8757802002946699,1,1,1,0,1,1,1,1,0,0.7356801819279375,1.0688298305393817,1.5864004343995892,0,1,0.7527828150911716,-0.22348946885515344,0,0,0,1,0,0,0,0,0,1,0
1,0,0,1,-0.38609757970174374,1,0,0,0,0,0,0,0,0,-1.497571466169742,-0.8046876155025903,-1.109762475828853,1,0,-1.4790850234859347,-0.16501702154504969,0,1,1,0,0,0,1,1,0,0,0
1,1,1,0,-0.5896262538947137,1,0,0,0,0,0,0,1,0,0.4519609903791239,-0.3846792076680857,-0.5705298937831644,1,0,0.46647735639119076,-0.18393457802773155,1,0,0,0,0,1,0,1,0,0,1
1,0,1,0,1.6084834273893616,0,0,1,1,1,1,1,1,1,-0.007630916398778715,1.073590686395007,2.1256330164452777,1,0,0.03240059713747184,-0.4653622810093317,0,0,0,1,0,1,0,0,0,1,0
0,0,0,1,0.8350744654560759,1,1,0,1,1,1,1,1,1,0.6527213539896879,0.9435776366234193,1.5864004343995892,1,0,0.6293191679384025,0.25040273160352927,0,0,1,0,0,1,0,0,0,1,0
0,0,1,1,-0.3453918448631497,1,1,1,0,1,0,1,1,0,0.4536201669378888,-0.19863285902430183,1.0471678523539008,1,1,0.39724474426735135,0.6405710855033495,0,0,0,1,1,0,0,1,0,0,0
1,1,1,0,0.9571916699718578,1,0,1,1,1,1,1,1,1,0.6875640617237531,1.1079917093517822,2.1256330164452777,1,1,0.7018931851183923,-0.1896234571139088,0,0,0,1,0,0,0,0,0,1,0
1,0,1,1,-0.38609757970174374,1,0,1,0,0,1,1,1,1,1.1587702044130104,0.01402601566958936,1.0471678523539008,1,0,1.205165021060502,-0.5783214742330071,1,0,0,0,0,1,0,1,0,0,1
0,0,1,1,1.5677776925507676,1,1,0,0,0,0,0,0,0,-1.3100845150292975,-0.2132445180097689,-1.109762475828853,1,1,-1.3036118217863235,-0.03154209608469627,0,1,0,1,0,0,0,0,0,1,0
1,0,0,0,-1.2816237461508113,0,0,0,0,0,0,1,1,1,-0.6513914211995958,-0.9890446281976039,-0.031297311737476054,0,0,-0.6497922410121061,0.0031493650749470433,0,0,0,0,0,0,1,0,0,0,1
0,1,0,0,-0.4268033145403377,1,1,0,0,0,0,0,0,1,0.31424933600162985,-0.26622823640301635,-1.109762475828853,0,1,0.39700034226335357,-0.9729914788332548,1,0,0,0,0,0,0,1,0,0,1
1,0,0,0,0.9978974048104517,1,0,0,0,0,0,0,0,0,-1.472683817788267,-0.45918550483722376,-1.109762475828853,0,1,-1.4214165329312407,-0.5471306239608973,0,1,0,1,1,0,0,0,0,1,0
1,0,1,0,1.4863662228735797,0,0,1,0,1,1,1,1,0,-0.1552976301288631,0.7705852475837689,1.5864004343995892,1,1,-0.20391579659994774,0.5706760595553677,0,0,0,1,0,0,0,0,0,1,0
0,0,1,0,0.9978974048104517,1,1,0,1,1,0,1,1,1,1.313073624378155,1.5892988787559486,1.0471678523539008,1,1,1.2886289865906548,0.24047871003948382,1,0,0,0,1,0,0,0,0,1,1
0,0,0,0,0.590840056424512,1,1,1,0,1,1,0,0,1,0.0023241429538111433,0.2547454186553908,0.5079352703082123,0,0,-0.1212247069722817,1.4369516067066026,0,0,0,1,0,0,1,0,1,0,0
1,0,1,1,-0.7117434584104956,1,0,0,0,0,0,0,0,1,-1.4909347599346818,-0.8825287057134565,-1.109762475828853,1,0,-1.5132858279766588,0.3097532215426493,0,1,0,0,0,1,0,1,0,0,1
0,0,0,0,-0.1418631706701798,0,0,0,0,0,1,0,0,1,-1.1192792107713234,-0.6025157873478181,-0.5705298937831644,0,0,-1.091920004211833,-0.28084959012959054,0,0,0,0,0,1,0,0,1,0,0
0,0,1,0,-0.2639803751859618,1,1,0,0,0,0,0,0,0,-1.2918335728828827,-0.7087684366970923,-1.109762475828853,1,0,-1.2781512394553907,-0.11600871560891184,0,1,1,0,0,0,1,0,1,0,0
1,0,0,0,-0.06045170099299184,1,0,0,0,0,0,0,0,0,-1.4760021709057967,-0.7287333160916493,-1.109762475828853,0,0,-1.4671259105592895,-0.05395865516063523,0,1,0,1,0,0,1,0,1,0,0
1,1,0,0,-0.8745663977648716,1,0,0,0,0,0,0,1,1,0.450301813820359,-0.6253327923701689,-0.5705298937831644,0,0,0.4809242304052658,-0.3712128940583107,1,0,0,0,0,1,0,0,0,0,0
0,0,0,0,0.387311382231542,1,1,0,0,1,1,1,1,1,0.44864263726159415,0.47128757208866284,1.0471678523539008,0,1,0.5089275076398513,-0.7161693059565724,0,0,0,1,1,0,0,0,1,0,0
0,0,1,1,1.4049547531963917,0,0,1,1,1,1,1,0,0,-0.3560579937394271,0.5812260453261628,1.5864004343995892,1,1,-0.3589858445770701,0.045943321185940654,0,0,0,1,1,0,0,0,0,1,0
1,1,1,0,0.020959768684196134,1,1,0,1,0,0,1,1,1,1.1836578527944854,0.4260265323183649,0.5079352703082123,1,1,1.1303066217446822,0.5810200797183334,1,0,0,0,0,0,0,0,1,0,0
0,0,1,1,-0.9966836022806536,1,0,0,0,0,0,0,0,0,-1.497571466169742,-0.9386936411530893,-1.109762475828853,1,0,-1.4867187034703249,-0.07622767935576064,0,1,1,0,0,1,0,0,0,0,0
0,1,0,0,-1.1595065416350294,1,1,0,0,0,0,1,1,1,1.0127626672416914,-0.8351176020083602,-0.031297311737476054,0,0,1.12787513514081,-1.372719405057316,1,0,0,0,0,1,0,0,0,0,1
1,0,1,0,1.3642490183577978,0,0,1,1,1,1,1,0,1,-0.27641751891870747,0.6537358545558452,1.5864004343995892,1,1,-0.2490230882006108,-0.30940230298645843,0,0,0,1,0,0,0,0,0,1,0
1,0,0,0,0.9571916699718578,1,1,0,1,0,1,0,1,1,0.9795791360663916,1.2396940950721402,0.5079352703082123,0,0,0.8792404107224269,1.1343581541047696,1,0,0,0,0,1,0,0,0,1,1
0,1,1,0,-1.1188008067964355,1,1,0,1,0,0,0,0,1,0.5332606417586087,-0.8458459822544462,-0.5705298937831644,1,0,0.3107602751297115,2.5701548746643703,1,0,0,0,0,1,0,0,0,0,1
1,0,1,0,-0.8745663977648716,1,1,0,1,0,0,0,0,1,0.5166688761709587,-0.6153722921007965,-0.5705298937831644,1,1,0.5492063902913369,-0.39570388297356446,1,0,0,0,0,0,0,0,0,0,1
0,1,0,0,-1.0780950719578415,0,0,0,0,0,0,1,1,1,-0.6812565992573657,-0.8934984196665098,-0.031297311737476054,0,0,-0.6980459700064848,0.2180286368671638,0,0,0,0,0,1,0,0,0,0,0
1,0,1,1,0.14307697319997809,1,0,0,0,0,0,0,0,0,-1.5091857020810966,-0.6778557827773881,-1.109762475828853,1,1,-1.4552159118268522,-0.5773453840950746,0,1,0,1,1,0,0,0,1,0,0
1,0,1,0,-1.2816237461508113,1,0,0,0,0,0,1,0,1,0.5183280527297236,-0.9735773315237988,-0.5705298937831644,1,0,0.5165693226805934,0.0031493650749470433,1,0,0,0,0,1,0,0,0,0,1
1,0,1,0,0.30589991255435406,1,0,0,1,1,0,0,0,0,0.5266239355235486,0.3656931055765718,-0.031297311737476054,1,0,0.44274111731919374,0.9580792632261858,1,0,1,0,0,1,0,0,1,0,0
1,0,1,0,1.5270719577121736,1,1,0,1,1,0,1,0,1,0.9978300782128064,1.888355220544087,0.5079352703082123,1,1,0.9724311634203052,0.26210408664629814,1,0,1,0,0,0,0,0,0,1,0
1,0,0,0,0.46872285190873,1,1,0,1,1,1,1,1,1,0.6742906492536329,0.616416887687558,1.5864004343995892,0,1,0.6368527089556725,0.4129360903177718,0,0,1,0,0,0,0,0,1,0,0
0,0,0,0,-1.1188008067964355,1,0,0,0,0,0,1,0,1,0.5332606417586087,-0.8379697276361541,-0.5705298937831644,0,1,0.4295471691341596,1.1885132285735103,1,0,0,0,1,0,0,0,0,0,1
0,0,0,0,-0.6303319887333076,1,0,0,0,0,0,0,0,0,-1.5058673489635668,-0.8856879833319359,-1.109762475828853,0,0,-1.6020532256373095,1.1690439214190267,0,1,1,0,0,0,1,1,0,0,0
1,0,1,0,1.6084834273893616,1,1,0,0,0,0,0,0,0,-1.3316538102932427,-0.18650035539222495,-1.109762475828853,1,1,-1.287338890858789,-0.47097479930240965,0,1,0,1,1,0,0,0,0,1,0
0,0,0,0,-0.3453918448631497,1,0,1,0,0,1,0,0,0,-0.28471340171253245,-0.40286699340224813,-0.031297311737476054,0,1,-0.24446091745932375,-0.45868071161280627,0,0,0,0,1,0,0,1,0,0,0
1,0,0,0,0.346605647392948,1,1,0,1,1,0,1,1,1,1.319710330613215,0.8982288391414969,1.0471678523539008,0,0,1.3589886399340958,-0.5009212674074122,1,0,0,0,0,1,0,0,1,0,1
1,0,1,1,0.8757802002946699,1,1,1,1,0,1,0,0,1,0.02389343821775623,0.5561054003736708,0.5079352703082123,1,1,0.03678938867934115,-0.15079399382096706,0,0,0,1,1,0,0,0,0,1,0
1,0,1,1,-1.1595065416350294,1,1,0,0,0,0,0,0,0,-1.3548822821159523,-0.9768463062818088,-1.109762475828853,1,1,-1.5440027731765091,2.2449495289967456,0,1,1,0,1,0,0,0,0,0,0
0,0,0,1,-0.7931549280876836,0,0,0,1,0,0,0,0,0,-1.1541219185053884,-0.8412167629662578,-0.5705298937831644,1,0,-1.175895754847962,0.2917931630047922,0,0,0,0,0,1,0,1,0,0,0
0,0,1,1,1.6084834273893616,1,1,0,0,0,0,0,0,1,-1.2835376900890578,-0.13658815690583248,-1.109762475828853,1,1,-1.2350640177815455,-0.5209529383884107,0,1,0,1,0,0,0,0,0,1,0
1,0,1,1,-0.7931549280876836,1,0,0,0,0,0,0,0,1,-1.4959122896109767,-0.8983470332337593,-1.109762475828853,1,0,-1.5072875182801266,0.18225654225192894,0,1,0,0,0,0,1,1,0,0,0
0,0,1,0,-1.2816237461508113,1,0,0,0,0,0,0,0,1,-1.469365464670737,-0.9998607661553145,-1.109762475828853,1,0,-1.465418128814235,0.0031493650749470433,0,1,0,0,0,0,1,0,0,0,0
0,0,0,0,1.2421318138420157,1,0,0,0,1,1,1,0,1,0.8335715988950722,1.543511292715904,0.5079352703082123,0,1,0.9064594529551743,-0.8756106419559141,1,0,1,0,1,0,0,0,0,1,0
0,0,1,0,-0.4675090493789317,1,1,1,0,1,0,1,1,1,1.309755271260625,-0.04347722487231609,1.0471678523539008,1,1,1.3180933043766099,-0.14071436913135243,1,0,0,0,0,0,0,1,0,0,1
1,0,1,1,1.6084834273893616,1,1,0,1,1,1,1,1,0,1.5254482239000742,2.467490298981583,1.5864004343995892,1,1,1.4922827009131212,0.33482246991841075,1,0,0,1,1,0,0,0,0,1,0
1,0,0,0,0.631545791263106,1,0,0,0,0,0,0,0,0,-1.4859572302583868,-0.5776145366743871,-1.109762475828853,0,1,-1.4711051754457152,-0.12313229651936156,0,1,0,1,1,0,0,0,1,0,0
0,0,1,1,1.5270719577121736,1,0,0,0,0,0,0,0,1,-1.4859572302583868,-0.38970333665858414,-1.109762475828853,1,1,-1.4816313817563462,-0.0006992188974514933,0,1,0,1,1,0,0,0,0,1,0
1,0,0,0,1.6084834273893616,1,1,0,1,1,0,1,1,1,1.1936129121470758,2.264024044580351,1.0471678523539008,0,1,1.2791850424874691,-1.0351665191449089,1,0,0,1,0,0,0,0,0,1,0
0,0,0,0,-0.5489205190561197,1,0,0,0,0,0,0,1,1,-0.2896909313888274,-0.5291503404297976,-0.5705298937831644,0,0,-0.244547991857509,-0.5153966859428817,0,0,0,0,0,1,0,1,0,0,0
0,0,0,0,0.1023712383613841,1,1,0,0,0,0,1,0,1,0.7141108866639929,0.3202126715272128,-0.5705298937831644,0,0,0.7149571436661359,-0.03368708151800237,1,0,0,0,0,1,0,0,1,0,1
0,0,1,0,1.4456604880349857,1,1,1,1,1,1,1,1,1,0.888324425334317,1.8101630994867237,2.1256330164452777,1,0,0.9775181375684093,-1.06709656019042,0,0,0,1,0,1,0,0,0,1,0
1,0,0,0,-1.1595065416350294,1,0,0,0,1,0,0,1,0,0.7008374741938728,-0.8737309951231078,-0.031297311737476054,0,0,0.3999331663113238,3.4764964001640797,1,0,0,0,0,1,0,0,0,0,0
1,0,1,0,0.46872285190873,1,0,0,0,0,0,1,1,1,0.8534817176002523,0.7348897983805335,-0.031297311737476054,1,1,0.8398943738151368,0.12954036144119732,1,0,1,0,0,0,0,0,1,0,0
0,0,0,0,1.1200146093262338,0,0,0,1,0,0,1,1,1,-0.4688819997354467,0.3194667309784053,0.5079352703082123,0,0,-0.47916705528798237,0.1352840814606069,0,0,0,0,0,1,0,0,0,1,1
1,0,0,1,-0.22327464034736777,1,0,0,0,0,0,0,0,0,-1.4710246412295018,-0.7536126273371742,-1.109762475828853,1,0,-1.435638684634847,-0.3624661123028565,0,1,0,1,0,0,1,0,1,0,0
1,0,0,1,0.1023712383613841,1,0,0,0,0,1,1,1,1,0.23792721429843983,0.08592152091790062,0.5079352703082123,1,0,0.2101719303460009,0.3148846668391752,0,0,1,0,0,0,1,0,1,0,0
0,0,1,0,1.5270719577121736,1,1,0,0,1,0,1,1,1,1.2218189136460804,2.09300620405225,0.5079352703082123,1,0,1.1928935882658074,0.2956417469771866,1,0,1,0,0,1,0,0,0,1,0
0,0,1,0,-1.2409180113122174,1,0,0,0,1,0,1,1,0,0.13505826765501053,-0.9440688009900854,0.5079352703082123,1,1,0.2965323184662263,-1.8826567814000432,0,0,0,0,1,0,0,0,0,0,0
1,0,0,0,-1.2409180113122174,1,0,0,1,0,0,0,0,1,0.3258635719129846,-0.9453851666644518,-0.5705298937831644,0,0,0.24689991150057952,0.9075665985884596,1,0,0,0,0,1,0,0,0,0,0
0,0,1,0,1.6084834273893616,1,1,1,1,1,1,1,1,0,1.6664782313950985,2.6548310738718275,2.1256330164452777,1,0,1.6884915541907408,-0.31168618488927463,1,0,0,1,0,1,0,0,0,1,0
0,0,1,1,1.5677776925507676,1,1,1,1,1,1,1,1,0,0.866755130070372,1.7527037378006303,2.1256330164452777,1,0,0.7843979074989713,0.9289777347729262,0,0,0,1,0,0,1,0,0,1,0
1,0,1,0,1.3642490183577978,1,1,0,1,1,0,1,1,1,1.3296653899658049,2.12106673234416,1.0471678523539008,1,1,1.4274743917334414,-1.1820395627885074,1,0,0,0,1,0,0,0,0,1,1
0,1,0,0,0.7943687306174818,1,1,1,1,1,0,1,1,0,1.4325343366092342,1.5532962775620276,1.5864004343995892,0,1,1.5669310429138394,-1.6110355664250389,1,0,0,0,1,0,0,0,0,1,0
1,0,1,1,0.8350744654560759,1,0,0,1,0,1,1,0,0,0.0023241429538111433,0.4670752019306904,0.5079352703082123,1,1,-0.04864702507221532,0.5927814755630811,0,0,0,0,1,0,0,0,0,1,0
1,0,1,1,1.3642490183577978,1,1,0,1,1,0,1,1,0,0.4950995809070136,1.2881144124609172,1.0471678523539008,1,1,0.4757855216032665,0.20811561754432145,0,0,0,1,0,0,0,0,0,1,0
0,0,0,0,-0.38609757970174374,1,1,1,0,0,0,0,0,0,-0.34942128750436724,-0.4607651436464634,-0.5705298937831644,0,0,-0.3514942820461099,0.035778663971362465,0,0,0,0,0,1,0,1,0,0,0
1,0,0,0,-1.2002122764736234,1,0,0,0,0,0,1,0,0,0.4751894622018339,-0.8915019317270542,-0.5705298937831644,0,0,0.8027828695158234,-3.826191687461,1,0,0,0,0,1,0,0,0,0,1
0,0,0,0,-0.38609757970174374,1,1,0,1,0,0,0,0,1,0.47187110908430413,-0.2730952773376276,-0.5705298937831644,0,0,0.26380370227873456,2.404331104375398,1,0,0,0,0,1,0,1,0,0,1
1,1,1,0,1.0793088744876398,0,0,0,1,0,0,1,1,1,-0.4871329418818615,0.3063250136626473,0.5079352703082123,1,0,-0.4676665442652836,-0.21015350932744528,0,0,0,0,0,1,0,0,0,1,0
0,0,0,0,1.1200146093262338,1,0,1,0,1,1,1,1,1,1.32800621340704,1.7276927899876688,1.5864004343995892,0,1,1.290697003547557,0.38961133896990485,1,0,0,0,0,0,0,0,0,1,0
0,0,0,0,1.3642490183577978,1,1,1,1,1,1,0,1,1,1.266616680732735,1.8848887909349223,1.5864004343995892,0,1,1.157629512447993,1.2253663357031384,1,0,0,0,0,0,0,0,0,1,0
0,0,0,1,-0.7117434584104956,1,0,1,1,1,1,0,0,0,0.02223426165899086,-0.5657453061771834,1.0471678523539008,1,1,0.07925267019439446,-0.6639385234740287,0,0,1,0,1,0,0,1,0,0,0
1,0,0,0,1.1200146093262338,1,1,0,1,0,0,1,0,1,0.8285940692187774,1.3827830438757671,-0.031297311737476054,0,1,0.8572130758214827,-0.36054182031665516,1,0,0,0,0,0,0,0,0,1,0
0,0,0,0,0.5501343215859179,1,0,0,1,1,1,1,1,1,1.309755271260625,1.142985096862022,1.5864004343995892,0,1,1.3789503764648532,-0.8485590009905044,1,0,0,1,0,0,0,0,1,0,0
0,0,0,0,0.5094285867473239,1,1,0,1,0,0,1,0,1,0.8086839505135972,0.7536260698123485,-0.031297311737476054,0,1,0.8048784600321508,0.01726083964040424,1,0,0,0,1,0,0,0,1,0,1
1,0,1,1,0.46872285190873,0,0,1,1,1,1,0,1,1,-0.3610355234157222,0.03328883337115079,1.5864004343995892,1,1,-0.36252588554427173,0.029389710341297344,0,0,0,1,1,0,0,0,1,0,0
0,0,0,1,0.5501343215859179,1,0,0,1,1,0,1,1,1,1.1571110278542456,0.9179085059732747,1.0471678523539008,1,0,1.0099801858412516,1.6726818252749651,1,0,0,0,0,1,0,0,1,0,0
1,0,1,1,-0.7931549280876836,1,1,0,0,0,0,0,0,0,-1.3416088696458326,-0.8581540013097722,-1.109762475828853,1,1,-1.27414246812355,-0.739923386518809,0,1,1,0,0,0,0,1,0,0,0
1,0,1,1,1.4863662228735797,1,1,1,1,1,1,1,1,1,1.6399314064548582,2.3547435789721014,2.1256330164452777,1,1,1.527368057197875,1.2544969218973716,1,0,0,1,0,0,0,0,0,1,0
1,1,0,0,-1.2816237461508113,1,1,0,0,0,0,0,0,1,0.31424933600162985,-0.9762758811562499,-1.109762475828853,0,0,0.3130764541214419,0.0031493650749470433,1,0,0,0,0,1,0,0,0,0,1
0,0,0,0,-1.0373893371192475,1,0,0,0,1,0,1,1,1,1.0094443141241611,-0.7189263918176196,0.5079352703082123,0,0,0.9753145699202145,0.36326686534932434,1,0,0,0,0,1,0,0,0,0,1
0,0,1,0,1.5677776925507676,0,0,0,1,1,1,1,1,0,-0.2216646924794628,0.8102517332380095,1.5864004343995892,1,1,-0.21656890284060135,-0.05186912410792387,0,0,0,1,0,0,0,0,0,1,0
1,0,1,0,-0.22327464034736777,1,0,0,0,0,0,0,0,0,-1.5058673489635668,-0.7805103659500608,-1.109762475828853,1,1,-1.510761315424826,0.10720367247681792,0,1,0,1,0,0,0,0,1,0,0
0,1,0,0,1.2828375486806096,1,1,0,1,1,1,0,1,0,0.32254521879545484,1.127693315611466,1.0471678523539008,0,1,0.36878366089798814,-0.5485812278430382,0,0,0,0,1,0,0,0,0,1,0
1,0,0,0,1.4863662228735797,1,1,1,1,1,1,0,1,1,0.5498524073462585,1.4277808105111918,1.5864004343995892,0,1,0.5143154839101729,0.3949798347285045,0,0,0,1,1,0,0,0,0,1,0
1,0,0,0,-1.2816237461508113,1,0,0,0,0,0,0,0,0,-1.4842980536996218,-1.0000582210064695,-1.109762475828853,0,1,-1.480307850903929,0.0031493650749470433,0,1,0,0,0,0,0,0,0,0,0
1,0,1,1,0.020959768684196134,1,0,0,0,1,1,1,1,1,0.29765757041397994,0.04638667183109658,1.0471678523539008,1,0,0.2627923084784686,0.39558830650279564,0,0,1,0,0,0,1,0,1,0,1
0,0,0,0,-1.2816237461508113,0,0,0,0,0,0,1,0,1,-1.003136851657774,-0.9936957869136986,-0.5705298937831644,0,0,-1.0005279169026766,0.0031493650749470433,0,0,0,0,0,1,0,0,0,0,1
1,1,1,0,-0.5082147842175256,1,1,0,1,0,1,1,1,0,1.3976916288751695,-0.055851062211360124,1.0471678523539008,1,0,1.4447780536164647,-0.5943432966398359,1,0,0,0,0,1,0,1,0,0,0
1,0,0,0,-0.8338606629262776,1,1,0,1,1,1,1,1,1,1.5934744628094386,-0.40130929402091453,1.5864004343995892,0,0,1.6695577100519936,-0.9381501315073784,1,0,0,0,0,0,1,0,0,0,1
0,0,0,1,-0.9152721326034655,1,1,1,0,1,1,0,1,0,0.2860433345026247,-0.7047096425344626,1.0471678523539008,1,1,0.1453189185775555,1.6272518014268753,0,0,1,0,1,0,0,0,0,0,0
0,1,0,0,0.46872285190873,1,1,1,1,1,0,1,1,1,1.488946339607244,1.1237442185883668,1.5864004343995892,0,1,1.5063222382538668,-0.2518193230964194,1,0,1,0,1,0,0,0,1,0,0
0,0,0,0,-0.7931549280876836,0,0,0,1,0,0,0,0,1,-1.1043466217424387,-0.8378161516408112,-0.5705298937831644,0,0,-1.1561700546436664,0.6396459451253745,0,0,0,0,0,1,0,1,0,0,0
1,0,1,0,0.9571916699718578,1,0,0,0,0,0,0,0,0,-1.4925939364934466,-0.5145167420164245,-1.109762475828853,1,1,-1.4829371867491328,-0.06248273659719697,0,1,1,0,1,0,0,0,0,1,0
1,0,0,0,-1.2409180113122174,1,0,0,0,1,0,1,1,1,1.026036079711811,-0.9221732519397912,0.5079352703082123,0,0,1.1220846876614843,-1.1514258266444335,1,0,0,0,0,1,0,0,0,0,1
0,1,0,0,-0.6303319887333076,1,1,0,0,0,0,1,1,1,0.9712832532725666,-0.3032839301364303,-0.031297311737476054,0,0,0.9813622161471215,-0.1496620573585036,1,0,0,0,0,1,0,1,0,0,0
1,0,0,0,-0.4268033145403377,1,1,1,0,0,0,0,0,1,-0.3477621109456021,-0.5142534688815513,-0.5705298937831644,0,0,-0.4531426285648843,1.2373202707689226,0,0,0,0,0,1,0,1,0,0,1
0,0,0,0,0.7536629957788878,1,1,0,1,1,1,1,1,1,1.5453583426052537,1.4935990942295114,1.5864004343995892,0,0,1.5515185461001981,-0.12325020656753405,1,0,1,0,0,1,0,0,0,1,0
1,0,0,0,-1.0780950719578415,1,0,1,1,0,0,0,0,1,-0.3062826969764773,-0.861642370346843,-0.031297311737476054,0,1,-0.29767788715026755,-0.08985808092466717,0,0,0,0,0,0,0,0,0,0,0
0,0,0,0,-1.2816237461508113,1,0,1,0,0,0,1,1,1,1.0177401969179862,-0.9669735637240607,0.5079352703082123,0,0,1.0145478059025828,0.0031493650749470433,1,0,0,0,0,1,0,0,0,0,1
1,1,0,0,-0.9559778674420595,1,0,0,0,0,0,0,1,1,0.4851445215544238,-0.6936302314418787,-0.5705298937831644,0,0,0.4930398853042869,-0.10803194968321649,1,0,0,0,0,1,0,0,0,0,0
1,1,0,0,-0.1418631706701798,1,0,0,1,1,0,1,1,1,1.2118638542934905,0.28489019259838116,1.0471678523539008,0,1,1.2155875784852717,-0.08377554878438351,1,0,0,0,0,0,0,0,1,0,0
1,0,0,0,-1.2816237461508113,1,0,0,0,0,0,0,0,1,-0.6414363618470058,-0.9889129916301673,-1.109762475828853,0,0,-0.6398657596189766,0.0031493650749470433,0,0,0,0,0,1,0,0,0,0,1
0,0,1,1,0.6722515261016999,1,0,1,0,1,1,0,0,0,-0.10552233336591335,0.3180406681645083,0.5079352703082123,1,1,-0.10657061130442481,0.015716169882775816,0,0,0,0,0,0,0,0,0,1,0
1,0,1,1,-0.9966836022806536,1,0,0,0,0,0,0,0,0,-0.6729607164635407,-0.8469429536497516,-1.109762475828853,1,1,-0.6218740120939298,-0.571732865801994,0,0,0,0,0,0,0,0,0,0,0
0,0,0,0,-0.9559778674420595,1,0,0,0,0,0,0,1,1,0.4851445215544238,-0.6915021069349864,-0.5705298937831644,0,0,0.5108707870660194,-0.3154278637513284,1,0,0,0,0,1,0,0,0,0,1
0,0,1,0,0.346605647392948,1,0,0,1,1,1,0,0,1,0.7058150038701679,0.4562151851171677,0.5079352703082123,1,1,0.5460259544569529,1.8349814680346004,1,0,1,0,0,0,0,0,1,0,0
0,0,0,0,-1.0780950719578415,1,0,0,0,0,1,0,0,1,-0.4688819997354467,-0.8825287057134565,-0.5705298937831644,0,1,-0.5601781728796882,1.0775457240360362,0,0,0,0,0,0,0,0,0,0,1
0,0,1,1,0.020959768684196134,1,1,1,0,1,0,1,1,1,1.2865267994379153,0.5123581811288943,1.0471678523539008,1,0,1.327582905997026,-0.5204913026846504,1,0,1,0,0,0,1,0,1,0,1
0,0,1,1,0.26519417771576004,1,0,0,0,0,0,0,0,0,-1.4992306427285067,-0.6763419622518667,-1.109762475828853,1,0,-1.5056331047146052,0.12452778266595772,0,1,0,1,0,0,1,0,1,0,0
0,1,0,0,-1.2816237461508113,1,1,0,0,0,0,0,0,0,-0.4771778825292717,-0.9867409882674627,-1.109762475828853,0,0,-0.47607881663234236,0.0031493650749470433,0,0,0,0,0,0,1,0,0,0,1
1,0,0,0,-0.7931549280876836,1,0,0,1,0,1,1,1,0,0.2794066282675646,-0.6001682685618647,1.0471678523539008,0,0,0.2223382331816821,0.6544481911730595,0,0,0,0,0,0,1,1,0,0,0
1,1,0,0,-0.4268033145403377,1,1,0,0,0,0,1,1,1,1.0542420812108162,-0.09494712274004223,-0.031297311737476054,0,0,0.9840915561736632,0.7807382631344426,1,0,0,0,0,1,0,1,0,0,1
0,1,0,0,0.9164859351332638,1,1,0,0,1,0,1,1,1,1.1687252637656007,1.364814652420666,0.5079352703082123,0,0,1.1058413544727272,0.6923957674043975,1,0,1,0,0,1,0,0,0,1,0
0,0,0,0,-1.2002122764736234,1,0,0,0,0,0,1,0,1,0.5166688761709587,-0.9069692284008593,-0.5705298937831644,0,0,0.41399568161825695,1.176967476656316,1,0,0,0,0,1,0,0,0,0,0
1,0,0,1,0.7536629957788878,1,0,0,0,0,1,0,0,0,-0.5667734167025811,0.025193184473797533,-0.5705298937831644,1,1,-0.6196559625342721,0.6340152868248835,0,0,1,0,1,0,0,0,0,1,0
1,0,0,0,0.7943687306174818,1,0,1,0,1,0,0,0,0,-0.3709905827683121,0.21558353984299056,-0.031297311737476054,0,0,-0.3729643095966619,0.035344250228659654,0,0,1,0,0,1,0,0,0,1,0
0,0,0,0,-0.10115743583158582,0,0,0,0,0,1,0,1,1,-0.8156499005173299,-0.48805779196166005,-0.031297311737476054,0,1,-0.8394431827397274,0.3039803455840522,0,0,1,0,1,0,0,0,1,0,0
1,0,1,1,0.30589991255435406,1,1,0,0,0,0,0,0,0,-1.3167212212643575,-0.567105550707362,-1.109762475828853,1,1,-1.3157764218128098,0.032975890861031254,0,1,0,1,1,0,0,0,1,0,0
1,0,1,0,-0.7524491932490895,1,1,0,0,0,0,0,1,1,0.6709722961361032,-0.509053824467804,-0.5705298937831644,1,0,0.5437489741141623,1.4573643089310224,1,0,0,0,0,1,0,1,0,0,1
0,0,0,1,0.346605647392948,1,0,0,0,0,0,0,0,0,-0.6547097743171256,-0.20071710467538198,-1.109762475828853,1,1,-0.6622205185287069,0.109220094070304,0,0,0,0,0,0,0,0,1,0,0
1,0,0,1,0.428017117070136,0,0,1,1,1,0,0,0,1,-0.8123315473998,-0.1695850564766168,0.5079352703082123,1,0,-0.6767630296035158,-1.5497095168111934,0,0,0,0,0,1,0,0,1,0,0
1,0,1,0,1.6084834273893616,1,1,0,1,1,1,1,1,1,0.6709722961361032,1.7625545409304721,1.5864004343995892,1,1,0.7539776693329372,-0.9878610078175168,0,0,0,1,0,0,0,0,0,1,0
1,0,1,1,-0.1825689055087738,0,0,1,0,1,1,1,0,0,-0.4688819997354467,-0.4004097774767642,1.0471678523539008,1,0,-0.5098761223279971,0.4924693272798276,0,0,1,0,0,0,1,0,1,0,0
0,0,1,1,1.4456604880349857,1,1,0,1,1,0,0,0,1,0.6460846477546283,1.5126863965078243,-0.031297311737476054,1,1,0.647632938525662,-0.03958123638329416,1,0,0,1,1,0,0,0,0,1,0
0,0,1,1,1.2014260790034217,1,1,0,1,1,1,1,1,1,1.522129870782544,1.992808836805061,1.5864004343995892,1,0,1.5021995463849456,0.1809911889607572,1,0,1,0,0,1,0,0,0,1,0
1,0,0,1,-1.2816237461508113,1,0,0,0,0,0,0,0,1,-0.6812565992573657,-0.9894395378999139,-1.109762475828853,1,0,-0.6795716851914941,0.0031493650749470433,0,0,0,0,0,1,0,0,0,0,1
1,0,0,0,1.2014260790034217,1,1,0,0,1,0,1,1,1,1.0559012577695812,1.6788336840407694,0.5079352703082123,0,0,1.120323537736897,-0.7845688705658562,1,0,1,0,0,1,0,0,0,1,1
0,0,1,1,0.26519417771576004,1,1,0,0,0,0,0,0,1,-1.3515639289984223,-0.6076057346220348,-1.109762475828853,1,0,-1.3727285482843732,0.2912997548032017,0,1,1,0,0,0,1,0,1,0,0
0,0,0,0,-1.2816237461508113,1,0,0,0,0,0,0,0,1,0.19147027065302033,-0.977899398821302,-1.109762475828853,0,0,0.1906498502728464,0.0031493650749470433,1,0,0,0,0,0,1,0,0,0,0
0,0,0,0,-1.2409180113122174,1,0,0,0,1,1,1,1,0,0.38061639835222955,-0.9383645497344977,1.0471678523539008,0,0,0.511606081984029,-1.536284223884227,0,0,0,0,0,1,0,0,0,0,1
0,0,1,0,1.5677776925507676,1,1,0,0,0,0,1,1,1,0.9546914876849167,1.880654481349044,-0.031297311737476054,1,1,0.9202928358668832,0.36822278837212974,1,0,0,1,0,0,0,0,0,1,1
0,0,0,0,-1.2002122764736234,1,1,0,0,0,0,0,0,1,-0.47385952941174164,-0.9425330410366579,-1.109762475828853,0,0,-0.47993911495189245,0.08653535114356696,0,0,0,0,0,0,1,0,0,0,1
0,0,0,0,0.7129572609402939,1,1,1,0,1,1,1,1,1,0.5830359385215584,0.8248195133676646,1.5864004343995892,0,1,0.6168929612938212,-0.4132674207385126,0,0,1,0,1,0,0,0,0,1,0
0,0,1,0,-0.4675090493789317,1,0,1,0,1,1,1,1,0,0.5299422886410788,-0.2564213121289866,1.5864004343995892,1,0,0.5534391107122167,-0.29099240995832026,0,0,1,0,0,0,1,1,0,0,0
0,0,0,0,-0.9966836022806536,1,0,0,1,0,1,1,0,1,0.01725673198269617,-0.7656354338297205,0.5079352703082123,0,0,0.14453307213393302,-1.4809608292810077,0,0,0,0,0,1,0,0,0,0,0
0,0,1,1,-0.6303319887333076,1,1,0,0,0,0,0,1,1,0.680927355488693,-0.3719762789104501,-0.5705298937831644,1,0,0.6766581647560617,0.02692003078682237,1,0,0,0,0,1,0,1,0,0,1
1,1,1,0,0.5094285867473239,1,1,0,0,0,0,0,0,0,-1.3349721634107725,-0.4936304066498111,-1.109762475828853,1,1,-1.2851973444100864,-0.5343695297366305,0,1,1,0,1,0,0,0,1,0,0
1,0,1,1,-1.1595065416350294,1,1,0,0,0,0,0,0,1,-0.4655636466179167,-0.9099310511681836,-1.109762475828853,1,0,-0.2825124294663198,-2.113571819743917,0,0,0,0,0,1,0,0,0,0,1
1,0,1,0,1.4049547531963917,0,0,1,1,0,1,0,1,1,-0.46390447005915153,0.5363599152581748,1.0471678523539008,1,1,-0.4094824974351535,-0.6175066024140021,0,0,0,1,0,0,0,0,0,1,0
0,0,0,0,-1.2002122764736234,0,0,1,0,0,1,0,0,0,-1.018069440686659,-0.9477765643062175,-0.031297311737476054,0,0,-0.6117407290051102,-4.692123081250532,0,0,0,0,0,0,1,0,0,0,1
0,0,1,0,1.1607203441648277,1,1,0,1,0,1,0,1,1,0.9762607829488613,1.493489397089981,0.5079352703082123,1,1,0.9447912208120673,0.333433579755326,1,0,0,1,0,0,0,0,0,1,0
1,0,0,0,1.2828375486806096,1,1,1,1,1,1,1,0,0,0.5415565245524336,1.4340554868923383,1.5864004343995892,0,0,0.7297560207252234,-2.2070803834482744,0,0,1,0,0,1,0,0,0,1,0
1,0,0,0,-0.4268033145403377,1,0,0,0,0,0,0,0,0,-1.5042081724048018,-0.8235335840739358,-1.109762475828853,0,0,-1.513245720981131,0.15534336761977552,0,1,1,0,0,0,1,1,0,0,0
1,0,0,0,-1.1595065416350294,1,0,0,0,0,0,0,1,1,-0.29964599074141746,-0.904270678768408,-0.5705298937831644,0,0,-0.17580275449017918,-1.4304481646432843,0,0,0,0,0,1,0,0,0,0,0
1,1,1,1,0.7943687306174818,1,1,0,1,1,0,1,1,1,0.5282831120823135,0.7811381124066062,1.0471678523539008,1,0,0.44717939986516053,0.9256993499968715,0,0,1,0,0,1,0,0,0,1,0
0,1,0,0,0.6722515261016999,1,1,1,0,0,0,1,1,0,1.2151822074110203,1.2159117552219203,0.5079352703082123,0,1,1.2752023513276123,-0.7386848312372659,1,0,0,0,1,0,0,0,0,1,0
0,0,1,0,0.8350744654560759,1,1,0,1,1,1,1,1,1,1.4607403381082393,1.5001589831734374,1.5864004343995892,1,1,1.4212213895179582,0.41088142177333214,1,0,1,0,0,0,0,0,0,1,0
1,0,1,1,-0.6303319887333076,1,0,0,0,0,0,0,0,0,-1.4942531130522119,-0.8642312228397636,-1.109762475828853,1,1,-1.5068757863973046,0.19671050015731276,0,1,1,0,0,0,0,1,0,0,0
1,1,1,0,1.3235432835192036,1,0,0,0,0,0,0,0,1,0.1997661534468453,0.989847890077398,-1.109762475828853,1,1,0.1701351220603789,0.33797617067356917,1,0,1,0,0,0,0,0,0,1,0
0,0,0,0,0.06166550352279012,1,0,0,1,1,1,1,1,1,1.3329837430833347,0.5859869011817881,1.5864004343995892,0,0,1.3886399086005168,-0.6918596228816236,1,0,0,0,0,1,0,0,1,0,0
1,1,1,0,-1.2002122764736234,1,1,0,0,0,0,1,1,1,0.9845566657426863,-0.8862584084574946,-0.031297311737476054,1,0,0.9345844835690411,0.5483654278313175,1,0,0,0,0,1,0,0,0,0,1
1,0,0,0,-0.9559778674420595,1,0,0,0,0,0,0,0,0,-1.4959122896109767,-0.9304663556882993,-1.109762475828853,0,0,-1.4913372746740727,-0.003264941545715817,0,1,0,0,0,0,1,0,0,0,0
1,1,0,0,1.5270719577121736,0,0,0,0,0,0,1,1,1,-0.6530505977583607,0.4234815586812565,-0.031297311737476054,0,0,-0.6056193988126805,-0.5298795151021662,0,0,1,0,0,1,0,0,0,1,1
0,0,1,1,1.6084834273893616,1,1,1,1,1,1,1,1,1,1.6880475266590431,2.710469463041713,2.1256330164452777,1,1,1.7467636764430001,-0.7393066262668242,1,0,0,1,0,0,0,0,0,1,0
1,0,1,1,0.30589991255435406,0,0,0,1,1,1,1,1,0,-0.1536384535700982,0.06545203468150312,1.5864004343995892,1,0,-0.1232751237848697,-0.34803392240636505,0,0,1,0,0,0,1,0,1,0,0
0,0,0,0,1.0386031396490458,1,1,1,1,1,1,0,0,1,0.20474368312314,0.8775180191981323,1.0471678523539008,0,1,0.3039486551392538,-1.1607155120950514,0,0,1,0,1,0,0,0,0,1,0
0,0,1,1,-1.2002122764736234,0,0,1,0,0,0,0,0,0,-1.1690545075342733,-0.9686848391007371,-0.5705298937831644,1,1,-1.137292771652459,-0.33039457919954085,0,0,0,0,1,0,0,0,0,0,1
1,0,0,0,-1.2816237461508113,1,0,1,0,0,0,0,0,1,-0.4705411762942116,-0.9866532305558383,-0.5705298937831644,0,0,-0.46946116237025604,0.0031493650749470433,0,0,0,0,0,0,1,0,0,0,0
1,0,1,1,0.631545791263106,1,1,0,0,0,0,0,0,0,-1.2818785135302928,-0.4626080555905764,-1.109762475828853,1,1,-1.2904294273110484,0.14225963991058138,0,1,0,1,0,0,0,0,1,0,0
1,0,0,0,-0.30468611002455576,1,0,0,0,1,1,1,1,0,1.1405192622665956,0.0939732909594417,1.0471678523539008,0,1,1.1780038661761134,-0.4740750475024004,1,0,0,1,0,0,0,0,1,0,0
0,0,1,1,0.6722515261016999,1,1,0,1,1,1,1,1,1,1.4275568069329394,1.3136738459715314,1.5864004343995892,1,1,1.425652695163614,-0.025518658392915172,1,0,0,1,0,0,0,0,0,1,1
0,0,0,0,-0.9559778674420595,1,0,1,0,0,0,0,0,1,0.3092718063253347,-0.7282506486777149,-0.5705298937831644,0,1,0.2029660401495068,1.226143827414735,1,0,0,0,1,0,0,0,0,0,1
0,0,1,0,-0.7117434584104956,1,0,1,0,1,0,1,1,0,1.2218189136460804,-0.2764081309514497,1.0471678523539008,1,0,1.53381307700095,-3.669682605916817,1,0,0,0,0,1,0,1,0,0,0
1,0,0,0,1.3642490183577978,1,1,1,1,1,0,0,1,1,0.32088604223668943,1.0965612674127005,1.0471678523539008,0,1,0.25692666038252815,0.7332140822631591,0,0,0,1,1,0,0,0,0,1,0
0,0,1,1,1.0386031396490458,1,1,0,1,1,0,1,1,1,1.336302096200865,1.7227125398529826,1.0471678523539008,1,1,1.4028215551074013,-0.81832424834378,1,0,1,0,1,0,0,0,0,1,0
1,0,1,1,0.428017117070136,1,1,1,0,0,1,0,1,1,0.23129050806338025,0.3835079210363303,0.5079352703082123,1,1,0.2931850166011009,-0.727634079916424,0,0,1,0,1,0,0,0,1,0,0
0,0,1,0,0.428017117070136,1,1,0,0,0,1,1,0,1,-0.0026533867224840216,0.267163134850247,-0.031297311737476054,1,1,0.08915350176480255,-1.0677415007329905,0,0,1,0,0,0,0,0,1,0,0
0,0,0,0,0.590840056424512,1,0,1,0,0,0,0,0,0,0.3490920437356946,0.5466275675182328,-0.5705298937831644,0,1,0.3470799329362038,0.011747265438817656,1,0,0,0,1,0,0,0,1,0,0
0,0,0,0,0.9571916699718578,1,1,0,1,1,0,1,1,1,1.3893957460813444,1.5862492982769996,1.0471678523539008,0,0,1.345903208597044,0.45948146465927264,1,0,1,0,0,1,0,0,0,1,0
1,0,1,1,1.6084834273893616,0,0,1,0,1,1,1,0,0,-0.5319307089685164,0.5386854946162223,1.0471678523539008,1,0,-0.5278251964872664,-0.029991219131814715,0,0,0,1,0,0,1,0,0,1,0
0,0,0,0,-0.6710377235719016,1,0,0,1,0,0,0,0,0,0.3374778078243394,-0.4767370471621091,-0.5705298937831644,0,1,0.3595034348038903,-0.26745419548428273,1,0,0,0,0,0,0,1,0,0,0
0,0,1,0,1.4456604880349857,1,0,0,1,0,1,1,0,0,-0.027541035103958902,0.8893872496953361,0.5079352703082123,1,1,-0.04357131730474264,0.18737202434193295,0,0,0,1,0,0,0,0,0,1,0
0,0,1,1,-0.7117434584104956,1,0,0,0,0,0,0,0,0,-1.472683817788267,-0.8790622761042917,-1.109762475828853,1,0,-1.4958593384198315,0.31873325081157783,0,1,1,0,0,0,1,1,0,0,0
1,0,1,1,1.3642490183577978,0,0,0,0,1,1,1,1,0,-0.34112540471054226,0.584758293219046,1.0471678523539008,1,1,-0.32783333441272855,-0.14321344963291469,0,0,0,1,0,0,0,0,0,1,0
0,1,1,0,-1.2002122764736234,1,0,0,0,0,0,1,0,1,0.5133505230534289,-0.9106111734332728,-0.5705298937831644,1,0,0.32245146432606403,2.203256535962434,1,0,0,0,0,1,0,0,0,0,1
0,0,1,1,1.6084834273893616,1,1,1,1,1,0,1,1,0,1.4856279864897142,2.55812207566171,1.5864004343995892,1,1,1.5872046792349208,-1.2310701338510024,1,0,0,1,1,0,0,0,0,1,0
1,0,0,0,-0.22327464034736777,1,0,0,0,0,0,0,0,0,-1.4793205240233267,-0.7756617523828113,-1.109762475828853,0,1,-1.4972196340181494,0.2575835276945884,0,1,0,1,1,0,0,0,1,0,0
0,0,1,1,-1.2002122764736234,1,0,0,0,0,0,0,0,0,-1.5025489958460367,-0.9823092238304292,-1.109762475828853,1,0,-1.4797563797154216,-0.21493706002760252,0,1,0,0,0,0,1,0,0,0,0
1,0,0,0,-0.4268033145403377,1,1,0,1,0,0,0,0,1,0.4785078153193637,-0.24966396833390586,-0.5705298937831644,0,0,0.45377680780738855,0.2716755649672594,1,0,0,0,0,1,0,1,0,0,1
0,0,1,0,1.0386031396490458,1,0,1,1,0,0,1,0,1,0.010620025747636104,0.6547889470953383,0.5079352703082123,1,1,0.01436923242934216,-0.043962611138889524,0,0,0,0,1,0,0,0,0,1,0
0,0,1,1,1.6084834273893616,1,1,0,0,0,0,0,0,1,-1.3814291070561924,-0.2967021017645983,-1.109762475828853,1,1,-1.4027572150201058,0.29419852798754004,0,1,1,0,0,0,0,0,0,1,0
0,0,0,0,-0.019745966154397852,1,1,0,1,1,0,1,1,1,1.29814103534927,0.4903529349390694,1.0471678523539008,0,1,1.384360938220574,-1.0461911086491775,1,0,1,0,1,0,0,0,1,0,0
0,0,1,1,-0.9559778674420595,1,0,0,1,0,1,1,0,1,0.02223426165899086,-0.7485884983466757,0.5079352703082123,1,0,0.03256144290078598,-0.12086056292454221,0,0,1,0,0,0,1,0,0,0,0
0,0,1,1,-0.9966836022806536,1,0,0,1,0,1,0,0,0,-0.2863725782712976,-0.8327481437945007,-0.031297311737476054,1,1,-0.48807331498237355,2.355596318203184,0,0,0,0,0,0,0,0,0,0,0
1,0,0,0,-1.1188008067964355,1,0,0,0,1,0,1,1,1,0.16824179883031035,-0.8564866047889079,0.5079352703082123,0,0,0.1502821592741199,0.2032757316396436,0,0,1,0,0,0,1,0,0,0,1
0,0,0,0,0.26519417771576004,1,0,0,0,0,0,0,0,0,-1.4859572302583868,-0.6464824008716556,-1.109762475828853,0,0,-1.447898313363968,-0.3930574208014048,0,1,0,1,0,0,1,0,1,0,0
1,0,0,0,-0.3453918448631497,1,0,0,0,0,0,0,1,1,0.4950995809070136,-0.13090584507815084,-0.5705298937831644,0,1,0.6100436891325617,-1.3534764851953274,1,0,0,0,1,0,0,1,0,0,0
1,0,1,1,-0.38609757970174374,1,1,0,0,0,0,0,0,0,-1.3465863993221274,-0.7726341113317686,-1.109762475828853,1,0,-1.3739937965630216,0.36374495031484055,0,1,1,0,0,0,1,1,0,0,0
0,1,0,0,-0.9966836022806536,1,1,0,0,0,0,0,1,0,0.6726314726948681,-0.7036346105670633,-0.5705298937831644,0,0,0.7289546641544238,-0.6775689250429366,1,0,0,0,0,1,0,0,0,0,0
1,0,0,0,0.9164859351332638,1,0,0,1,0,1,0,1,1,-0.024222681986428636,0.5826959869958721,0.5079352703082123,0,0,0.03351064179494404,-0.6707027013649093,0,0,1,0,0,1,0,0,0,1,0
1,0,1,1,-1.2816237461508113,1,0,0,0,0,0,0,0,1,0.11846650206736059,-0.9788647336491705,-1.109762475828853,1,0,0.11785565338989767,0.0031493650749470433,1,0,0,0,0,1,0,0,0,0,1
0,0,1,0,-0.38609757970174374,1,0,0,0,0,1,1,0,0,-0.16359351292268806,-0.4178077438063067,-0.031297311737476054,1,1,-0.21065333590301366,0.5528275541761292,0,0,1,0,0,0,0,1,0,0,0
0,0,1,0,-1.1595065416350294,1,1,0,1,0,0,1,0,1,0.8866652487755522,-0.8485884107427095,-0.031297311737476054,1,0,0.8739226528332502,0.11860688424688948,1,0,0,0,0,1,0,0,0,0,1
0,0,0,0,0.8757802002946699,1,0,0,0,1,0,1,1,1,0.9679649001550363,1.21174326391976,0.5079352703082123,0,1,0.9523541107542722,0.14925301587894416,1,0,1,0,1,0,0,0,0,1,0
0,1,0,0,1.3235432835192036,1,1,0,1,1,0,1,0,1,1.0127626672416914,1.7217910838809263,0.5079352703082123,0,1,1.0192819739516141,-0.10964374980840831,1,0,0,0,0,0,0,0,0,1,0
1,0,1,1,0.26519417771576004,0,0,0,0,0,0,0,0,1,-1.3167212212643575,-0.5930598939202861,-1.109762475828853,1,1,-1.3446035176705067,0.3682714342511615,0,0,1,0,1,0,0,0,1,0,0
1,0,1,0,0.7536629957788878,1,1,1,0,1,1,1,1,1,1.5470175191640188,1.5011023785734001,1.5864004343995892,1,0,1.562612848833696,-0.23304804342712623,1,0,1,0,0,1,0,0,0,1,0
0,0,0,0,-0.6710377235719016,1,1,0,0,0,0,0,1,1,-0.06238374283802364,-0.5407124189363158,-0.5705298937831644,0,1,0.05798656248758614,-1.3979757373761763,0,0,0,0,0,0,0,1,0,0,0
0,0,1,1,0.18378270803857208,1,1,0,1,1,0,0,1,1,1.0028076078891015,0.5412524076812367,0.5079352703082123,1,0,1.0106576983295998,-0.1247900480615226,1,0,0,0,0,1,0,0,1,0,0
0,0,1,1,1.0793088744876398,1,1,1,0,1,1,1,0,1,0.38227557491099445,0.974183138552438,1.0471678523539008,1,0,0.38592673282017087,-0.05523169687922587,0,0,0,1,0,0,1,0,0,1,0
0,1,1,1,0.631545791263106,1,0,1,0,1,1,1,1,1,1.313073624378155,1.2148806021103336,1.5864004343995892,1,0,1.3449135147676696,-0.41418145943195733,1,0,0,0,0,1,0,0,1,0,0
1,0,1,1,1.3235432835192036,1,0,1,0,0,1,1,1,1,0.3275227484717495,1.1061049185518568,1.0471678523539008,1,1,0.3050080064249749,0.2509389639131839,0,0,0,1,0,0,0,0,0,1,1
0,0,1,1,-0.3453918448631497,1,0,0,0,0,0,0,0,0,-1.4942531130522119,-0.7748280541223792,-1.109762475828853,1,0,-1.4131662337031787,-0.8932499851627397,0,1,1,0,0,0,1,1,0,0,0
0,0,0,0,-0.9966836022806536,1,0,1,0,0,1,0,1,0,0.03716685068787588,-0.7568377232393718,0.5079352703082123,0,1,0.22746055210570099,-2.214597149019364,0,0,0,0,0,0,0,0,0,0,0
1,0,0,0,-0.4268033145403377,1,1,0,1,0,0,0,0,1,0.4619160497317138,-0.30675035974559517,-0.5705298937831644,0,0,0.25810480337615704,2.3551589791154117,1,0,0,0,0,0,1,1,0,0,0
1,0,0,0,-0.9152721326034655,1,0,1,0,0,1,1,0,0,-0.08893056777826343,-0.7399663031795758,0.5079352703082123,0,1,-0.12054534140175902,0.3706891344389492,0,0,0,0,0,0,0,0,0,0,0
1,0,0,0,1.3235432835192036,1,1,0,1,1,1,1,1,1,1.4673770443432994,2.0367973897568046,1.5864004343995892,0,0,1.3847292043171302,0.9123033173237218,1,0,0,0,0,1,0,0,0,1,1
0,0,1,0,-0.38609757970174374,1,1,0,0,1,0,0,1,0,0.8368899520126024,-0.11162108794868314,-0.031297311737476054,1,0,0.7932160432456337,0.48003911817643047,1,0,0,0,0,0,1,1,0,0,0
1,0,0,0,-0.22327464034736777,1,0,1,0,0,1,0,0,0,-0.38094564212090193,-0.36765421161294704,-0.031297311737476054,0,0,-0.35769633483279945,-0.2576991041653572,0,0,0,0,0,0,1,0,1,0,0
0,0,0,0,-0.3453918448631497,1,0,0,0,0,0,0,0,0,-1.4760021709057967,-0.7775266037548304,-1.109762475828853,0,1,-1.4216451032264772,-0.5829579023881554,0,1,1,0,1,0,0,1,0,0,0
0,0,0,0,-1.2816237461508113,1,0,1,0,0,0,0,0,1,-0.5418857683211062,-0.987596625955801,-0.5705298937831644,0,1,-0.540600945687683,0.0031493650749470433,0,0,0,0,1,0,0,0,0,0,1
1,0,1,0,1.2421318138420157,1,0,1,0,1,0,1,1,0,1.1537926747367158,1.7687853384558063,1.0471678523539008,1,1,1.1761026036024025,-0.29801760292381024,1,0,0,1,1,0,0,0,0,1,0
1,0,1,1,1.1200146093262338,1,0,1,1,1,0,0,0,0,-0.14700174733503815,0.6121606386737731,0.5079352703082123,1,1,-0.11130819899426382,-0.4102526966267965,0,0,0,1,0,0,0,0,0,1,0
0,0,0,0,-0.06045170099299184,0,0,1,1,0,1,0,1,1,-0.5004063543519814,-0.34191926267908407,1.0471678523539008,0,1,-0.5261915372137858,0.3166227370202648,0,0,0,1,0,0,0,0,1,0,0
0,0,1,1,1.6084834273893616,0,0,0,1,0,1,1,1,0,-0.37430893588584213,0.6514541540536101,1.0471678523539008,1,1,-0.4097184502819774,0.42435549983183096,0,0,0,1,1,0,0,0,0,1,0
1,0,1,1,-0.4268033145403377,1,0,0,0,0,0,0,0,0,-1.4826388771408567,-0.7946832363774057,-1.109762475828853,1,1,-1.4143569101329105,-0.7447004750160148,0,1,1,0,0,0,0,1,0,0,0
0,1,0,0,-1.0373893371192475,1,0,0,1,1,0,1,0,1,0.0006649663950462456,-0.7923137781635462,0.5079352703082123,0,0,0.1847412303959836,-2.1410617052610443,0,0,0,0,0,1,0,0,0,0,0
1,0,1,1,-1.1595065416350294,1,0,0,0,0,0,0,0,0,-0.6530505977583607,-0.9407559473762634,-1.109762475828853,1,0,-0.8636251943557677,2.4710538373751234,0,0,0,0,0,0,1,0,0,0,0
0,0,0,0,-1.1188008067964355,1,1,0,0,0,0,0,0,0,-1.3100845150292975,-0.9497949916735793,-1.109762475828853,0,0,-1.2569620195585183,-0.5741382307847432,0,1,0,0,0,0,1,0,0,0,0
0,0,0,0,-0.38609757970174374,1,0,0,1,0,1,0,0,1,0.4702119325255387,-0.22623265933018397,-0.031297311737476054,0,0,0.41744837079847563,0.5980065834173225,1,0,0,0,0,0,1,1,0,0,0
1,0,1,1,-0.9966836022806536,1,0,0,0,0,0,0,0,0,-1.5042081724048018,-0.9540731801152701,-1.109762475828853,1,1,-1.6316866921491517,1.5329614941031267,0,1,0,1,1,0,0,0,0,0,0
0,0,0,0,-0.9559778674420595,1,0,0,0,0,0,0,0,0,0.1367174442137754,-0.7230510042639677,-1.109762475828853,0,0,0.24653226404157444,-1.2818500612645856,1,0,0,0,0,1,0,0,0,0,0
0,1,1,0,-0.38609757970174374,1,0,1,0,0,0,1,1,1,1.0011484313303363,0.011722375739448168,0.5079352703082123,1,0,1.1976122634787731,-2.3185507487085943,1,0,0,0,0,1,0,1,0,0,0
1,0,1,1,1.6084834273893616,1,1,1,1,1,1,0,0,0,0.16326426915401518,1.2299310496539226,1.0471678523539008,1,1,0.19614158419173047,-0.3878560760096523,0,0,0,1,0,0,0,0,0,1,0
1,0,0,0,-0.30468611002455576,1,0,0,0,0,0,0,0,0,0.1997661534468453,-0.23342879168338698,-1.109762475828853,0,0,0.1904513206449838,0.10167311476833427,1,0,0,0,0,0,1,0,1,0,1
1,0,1,1,-0.7117434584104956,0,0,1,0,0,0,0,0,1,-1.1524627419466233,-0.8028447035584773,-0.5705298937831644,1,1,-1.1126971566450383,-0.42404345586122355,0,0,0,0,0,0,0,1,0,0,0
1,0,0,0,-1.0373893371192475,1,0,0,0,0,0,1,0,0,-0.33448869847548224,-0.8463944679520989,-0.5705298937831644,0,0,-0.39784868946268004,0.7481252625891205,0,0,0,0,0,0,1,0,0,0,0
0,0,0,0,-1.2816237461508113,1,0,0,0,0,0,1,0,1,-0.37762728900337217,-0.9854246225930963,-0.5705298937831644,0,0,-0.37681400270104876,0.0031493650749470433,0,0,0,0,0,0,1,0,0,0,1
1,1,1,0,-1.0373893371192475,1,1,0,0,0,0,1,1,1,1.0177401969179862,-0.726188342454541,-0.031297311737476054,1,1,0.8970844427505522,1.3693966752762128,1,0,0,0,0,0,0,0,0,0,1
0,0,1,1,0.631545791263106,1,0,1,0,1,0,1,1,1,1.1537926747367158,1.1750166616049378,1.0471678523539008,1,1,1.282287067922822,-1.5330770705738928,1,0,1,0,0,0,0,0,1,0,0
0,0,1,1,1.4863662228735797,1,1,0,1,1,1,1,1,1,1.4541036318731793,2.278942855556503,1.5864004343995892,1,1,1.444527493880817,0.06283030493676671,1,0,1,0,0,0,0,0,0,1,0
1,1,1,1,0.9571916699718578,1,1,1,0,1,0,1,1,1,1.31473280093692,1.5337043684418743,1.0471678523539008,1,1,1.2751474855716127,0.41652851853876155,1,0,1,0,0,0,0,0,0,1,1
1,1,0,0,-1.2002122764736234,1,0,0,0,0,0,1,0,1,0.49675875746577897,-0.8944418150664724,-0.5705298937831644,0,0,0.72888573025586,-2.7165166420862534,1,0,0,0,0,1,0,0,0,0,1
1,0,0,0,0.30589991255435406,1,0,1,0,1,0,0,1,0,0.08362379433329585,0.18940980235100535,0.5079352703082123,0,0,0.11041079234505084,-0.3143588126478837,0,0,0,0,0,1,0,0,1,0,0
0,0,0,0,-1.0780950719578415,1,0,0,0,0,0,0,0,0,-1.5058673489635668,-0.9543145138222373,-1.109762475828853,0,0,-1.4623850372774454,-0.4554735583024735,0,1,0,1,0,0,1,0,0,0,0
0,0,0,0,1.1607203441648277,1,1,0,0,1,1,1,1,1,1.3827590398462843,1.8117866171517751,1.0471678523539008,0,0,1.3382704340675886,0.4712885958158082,1,0,0,1,0,1,0,0,0,1,1
1,1,1,0,-1.2816237461508113,1,1,0,0,0,0,1,0,1,0.7008374741938728,-0.971163994454127,-0.5705298937831644,1,0,0.698554814887965,0.0031493650749470433,1,0,0,0,0,1,0,0,0,0,1
1,0,0,0,-0.22327464034736777,1,0,1,1,0,0,0,0,0,-0.31457857977030224,-0.3605458369713685,-0.031297311737476054,0,1,-0.3378433720465407,0.28110265197035317,0,0,1,0,0,0,0,0,1,0,0
0,0,1,0,0.428017117070136,1,1,1,1,0,1,1,1,0,0.7141108866639929,0.5595279511270235,1.5864004343995892,1,1,0.6018678081401586,1.2816847614866809,0,0,0,1,1,0,0,0,1,0,0
0,1,0,0,-0.5082147842175256,1,1,0,0,0,0,0,1,1,-0.11049986304220827,-0.4936304066498111,-0.5705298937831644,0,0,-0.20583036070439567,1.1125036951186547,0,0,0,0,0,0,1,1,0,0,1
0,0,1,0,-0.6303319887333076,1,1,0,0,0,0,1,1,0,0.9181896033920867,-0.31576746461500493,-0.031297311737476054,1,0,0.9259880209246641,-0.12136364579675246,1,0,0,0,0,1,0,1,0,0,0
1,0,0,0,-1.0780950719578415,1,0,0,0,0,0,0,0,1,0.13837662077254032,-0.8180487270974092,-1.109762475828853,0,0,0.25020873863162246,-1.305369185540353,1,0,0,0,0,1,0,0,0,0,0
0,0,1,0,0.346605647392948,0,0,0,1,0,1,0,0,0,-0.9782492032762992,-0.3982816529698718,-0.031297311737476054,1,0,-1.0255862296877714,0.5832529979876115,0,0,1,0,0,0,1,0,1,0,0
1,0,0,0,-1.2816237461508113,1,0,0,0,0,0,0,1,0,0.49675875746577897,-0.9738625440865781,-0.5705298937831644,0,0,0.49506194632881345,0.0031493650749470433,1,0,0,0,0,1,0,0,0,0,1
0,0,0,0,-1.2816237461508113,1,0,0,0,0,0,0,0,1,0.15496838636019022,-0.9783820662352362,-1.109762475828853,0,0,0.1542527518313718,0.0031493650749470433,1,0,0,0,0,1,0,0,0,0,1
1,0,0,0,-0.7931549280876836,0,0,0,0,0,0,0,0,1,-1.3200395743818876,-0.8633097668677071,-1.109762475828853,0,1,-1.304049174884901,-0.14191264619236127,0,0,0,0,0,0,0,1,0,0,0
1,0,0,0,0.7943687306174818,1,0,0,1,1,1,1,1,1,1.3296653899658049,1.3723179367645544,1.5864004343995892,0,1,1.3044837832602367,0.24849659331531102,1,0,1,0,0,0,0,0,0,1,1
0,0,0,0,-1.1188008067964355,1,0,0,1,0,0,0,0,0,-0.4771778825292717,-0.9015282502801448,-0.5705298937831644,0,1,-0.529020050729032,0.6189228006586144,0,0,0,0,0,0,0,0,0,0,0
1,0,1,1,1.6084834273893616,1,1,1,1,1,1,1,1,1,0.8518225410414869,1.817688323258518,2.1256330164452777,1,1,0.8117212983628777,0.4379859014007361,0,0,0,1,1,0,0,0,0,1,0
0,0,1,0,-0.30468611002455576,1,1,0,1,0,0,0,0,0,-0.3593763468569571,-0.4064650595788496,-0.5705298937831644,1,0,-0.33148307100575786,-0.31243452066168376,0,0,0,0,0,1,0,0,1,0,0
0,0,0,0,1.3642490183577978,1,1,1,1,1,1,1,0,1,1.31473280093692,1.9656478250573013,1.5864004343995892,0,1,1.2499006690341274,0.7101808903071403,1,0,1,0,0,0,0,0,0,1,0
1,0,0,1,0.9571916699718578,1,1,0,0,0,0,0,0,1,-1.3316538102932427,-0.38399908540299643,-1.109762475828853,1,0,-1.3071852885118516,-0.24013612175163634,0,1,0,1,0,0,1,0,0,1,0
0,0,0,0,-1.0780950719578415,1,0,0,0,1,1,1,1,1,1.1620885575305409,-0.768619196024951,1.0471678523539008,0,0,0.8714410324849678,3.3417959611301598,1,0,0,0,0,0,1,0,0,0,1
0,0,1,1,1.1200146093262338,0,0,1,0,1,1,1,1,0,-0.168571042598983,0.5664169314895409,1.5864004343995892,1,1,-0.16879907039613792,0.008280810371478426,0,0,0,1,1,0,0,0,0,1,0
1,1,0,0,0.631545791263106,1,1,0,1,0,0,1,1,1,1.1305642029140057,1.0728447458461996,0.5079352703082123,0,0,1.1217744851179492,0.06448617213503804,1,0,1,0,0,1,0,0,1,0,0
1,0,1,1,-0.22327464034736777,1,0,1,1,0,0,0,0,1,-0.3378070515930122,-0.34621939054868095,-0.031297311737476054,1,1,-0.2978310735915194,-0.45369180646340035,0,0,0,0,1,0,0,0,1,0,0
1,0,1,1,1.6084834273893616,1,1,1,1,1,1,1,0,1,1.3661672742586346,2.3033175599601874,1.5864004343995892,1,1,1.320338579929818,0.48742951493501757,1,0,0,1,1,0,0,0,0,1,0
0,0,0,0,0.22448844287716607,1,1,1,1,1,0,0,0,1,0.04048520380540615,0.0978785091267287,0.5079352703082123,0,1,0.04767368845250938,-0.08496295218784536,0,0,0,0,0,0,0,0,1,0,0
1,0,1,0,-1.1595065416350294,1,1,0,1,0,0,1,1,1,1.1703844403243657,-0.8245427977576167,0.5079352703082123,1,0,1.3272319697861577,-1.863413861538049,1,0,0,0,0,1,0,0,0,0,1
1,0,1,1,-1.1595065416350294,1,0,0,0,0,0,0,0,0,-1.5058673489635668,-0.9787330970817338,-1.109762475828853,1,1,-1.5795726648352224,0.9075665985884622,0,1,0,1,1,0,0,0,0,0,0
0,0,1,1,0.387311382231542,1,1,1,1,0,0,1,0,1,0.9795791360663916,0.7127967944790842,0.5079352703082123,1,1,0.9425414250032161,0.39808738700435514,1,0,1,0,1,0,0,0,1,0,0
1,0,0,0,0.5501343215859179,1,1,0,1,1,0,1,0,1,0.9945117250952766,0.9318181032657461,0.5079352703082123,0,1,1.0327823206356141,-0.47834195581961797,1,0,1,0,1,0,0,0,1,0,0
1,0,1,0,0.30589991255435406,0,0,1,1,1,0,0,0,1,-0.7492828381667302,-0.25576312929180345,0.5079352703082123,1,0,-0.7288318491048984,-0.21285241037588748,0,0,1,0,0,1,0,0,1,0,1
0,0,1,1,-0.06045170099299184,1,0,1,0,1,1,1,1,1,0.5382381714349038,0.10812422195888044,1.5864004343995892,1,0,0.5685499295456904,-0.3705357238578839,0,0,1,0,0,0,1,0,1,0,0
0,0,1,1,-0.10115743583158582,1,1,0,1,1,1,1,1,1,1.4126242179040545,0.41385014983047574,1.5864004343995892,1,0,1.4275997260944655,-0.221351366648264,1,0,0,0,0,1,0,0,1,0,0
1,0,1,0,-0.7931549280876836,1,1,1,0,0,0,0,1,1,0.03053014445281582,-0.6130247733148432,-0.031297311737476054,1,0,0.14776236015124916,-1.364578169731093,0,0,0,0,0,1,0,1,0,0,0
1,1,1,0,-0.7524491932490895,1,0,0,0,0,0,0,0,0,-1.5025489958460367,-0.9085927460659111,-1.109762475828853,1,0,-1.6082885574367753,1.2800545473455462,0,1,1,0,0,0,1,1,0,0,0
0,0,0,0,-0.9152721326034655,1,0,0,0,0,0,0,0,1,-1.5141632317573919,-0.9276581089163178,-1.109762475828853,0,0,-1.5358961467054535,0.3033389149219864,0,1,1,0,0,0,1,0,0,0,0
1,1,0,0,-0.10115743583158582,1,1,0,0,1,1,1,0,1,0.13837662077254032,-0.09014238802860476,0.5079352703082123,0,1,0.16076011185575678,-0.26496865166877803,0,0,0,1,1,0,0,0,1,0,0
1,1,0,0,0.1023712383613841,1,1,1,0,0,0,0,1,0,0.8650959535116071,0.38664525922690357,-0.031297311737476054,0,1,0.8580875515632582,0.05263115900577951,1,0,0,0,1,0,0,0,1,0,0
1,0,1,0,-0.019745966154397852,1,1,0,0,0,1,0,0,1,0.4751894622018339,0.14033130212504497,-0.5705298937831644,1,0,0.5595323749602317,-0.99688112650283,1,0,1,0,0,1,0,0,1,0,0
1,0,0,0,-1.2409180113122174,1,0,1,0,0,0,0,0,1,0.35738792652951956,-0.9259029546838293,-0.5705298937831644,0,0,0.9814595345921516,-7.270674342757147,1,0,0,0,0,1,0,0,0,0,1
1,0,1,1,0.1023712383613841,1,0,0,0,0,0,0,0,0,-1.4942531130522119,-0.7166885701711968,-1.109762475828853,1,0,-1.5190683972961485,0.33852596838390947,0,1,1,0,0,1,0,0,1,0,0
1,0,1,1,-0.22327464034736777,1,1,1,1,0,1,1,0,0,1.1886353824707805,0.21685602666154477,1.0471678523539008,1,0,1.2747809323014743,-1.0416699133575296,1,0,0,0,0,1,0,0,1,0,0
1,0,1,1,1.6084834273893616,1,1,0,0,0,0,0,0,0,-1.3333129868520075,-0.1931699414756814,-1.109762475828853,1,1,-1.2943241925798803,-0.408969835302665,0,1,0,1,1,0,0,0,0,1,0
1,0,0,1,-1.2816237461508113,1,0,0,0,0,0,0,0,1,-1.5174815848749215,-1.0004970095645918,-1.109762475828853,1,0,-1.5133961222143602,0.0031493650749470433,0,1,0,0,0,0,1,0,0,0,0
0,0,0,0,-1.2816237461508113,1,0,0,0,0,0,0,0,0,-0.6961891882862504,-0.989636992751069,-1.109762475828853,0,0,-0.694461407281188,0.0031493650749470433,0,0,0,0,0,0,1,0,0,0,1
1,0,0,0,1.2828375486806096,1,0,1,1,0,0,1,1,1,1.1737027934418955,1.8887501302463976,1.0471678523539008,0,1,1.2655016636226346,-1.1069265744635846,1,0,1,0,1,0,0,0,0,1,0
0,0,0,0,-0.5489205190561197,1,1,0,0,1,0,0,0,1,-0.29300928450635744,-0.5552582596380644,-0.5705298937831644,0,0,-0.34816652569807,0.6513319288472301,0,0,0,0,0,0,1,1,0,0,0
1,0,0,1,-1.1595065416350294,1,0,1,0,0,0,0,0,1,-0.5153389433808665,-0.9280091397628154,-0.5705298937831644,1,0,-0.623321623963761,1.2731820759662644,0,0,0,0,0,1,0,0,0,0,1
1,0,0,0,-1.2816237461508113,1,0,0,0,0,0,0,0,1,0.15496838636019022,-0.9783820662352362,-1.109762475828853,0,0,0.1542527518313718,0.0031493650749470433,1,0,0,0,0,1,0,0,0,0,1
0,0,0,0,0.06166550352279012,1,1,0,0,0,1,1,0,0,0.0023241429538111433,-0.06223543573203722,-0.031297311737476054,0,0,-0.04904547983771858,0.5974160078716879,0,0,0,0,0,0,1,0,1,0,0
0,0,1,0,1.6084834273893616,0,0,1,1,1,0,0,1,1,-0.5219756496159262,0.5623581373269112,1.0471678523539008,1,0,-0.503031970970631,-0.20291023511385758,0,0,0,1,0,1,0,0,0,1,0
1,0,1,1,1.5270719577121736,1,1,1,1,1,1,1,1,1,1.712935175040518,2.5682142124985186,2.1256330164452777,1,1,1.7048164143971924,0.03723682311618536,1,0,0,1,1,0,0,0,0,1,0
0,0,1,0,1.3642490183577978,1,1,1,1,1,0,0,0,0,0.06537285218688103,0.9086939462527098,0.5079352703082123,1,1,0.042279033692208326,0.2664274959139888,0,0,0,1,0,0,0,0,0,1,0
1,1,1,0,1.4863662228735797,1,1,0,1,1,1,1,1,1,1.4424893959618246,2.2022206761688485,1.5864004343995892,1,1,1.3606798962195283,0.9033833551402066,1,0,0,1,0,0,0,0,0,1,1
1,0,0,1,-0.7117434584104956,1,0,1,0,1,0,0,1,0,-0.0026533867224840216,-0.5917435282459198,0.5079352703082123,1,0,-0.05144600148180862,0.5676083476933088,0,0,1,0,0,0,1,1,0,0,0
0,0,0,0,1.5270719577121736,1,1,1,1,1,0,1,1,1,1.533744106693899,2.3862266580173643,1.5864004343995892,0,0,1.5087684068828877,0.23928748166707914,1,0,0,1,0,0,1,0,0,1,0
0,0,0,0,1.3642490183577978,1,1,0,0,0,0,0,0,1,-1.3200395743818876,-0.2701773334261155,-1.109762475828853,0,1,-1.3046392104921851,-0.13504978666116071,0,1,0,1,1,0,0,0,0,1,0
0,1,0,0,0.387311382231542,1,1,0,0,0,0,1,0,1,0.6543805305484532,0.5449821104252748,-0.5705298937831644,0,0,0.6412412020823965,0.13097733272959758,1,0,0,0,0,1,0,0,1,0,1
0,0,1,1,-1.2002122764736234,1,0,0,0,0,0,1,0,1,0.5233055824060188,-0.9038538296381922,-0.5705298937831644,1,0,0.4923045903862772,0.34310761597010053,1,0,0,0,0,1,0,0,0,0,0
1,0,0,0,-0.06045170099299184,1,1,0,1,1,0,1,1,1,1.2782309166440902,0.33660142417307437,1.0471678523539008,0,0,1.124326151201868,1.7474269396617583,1,0,1,0,0,1,0,0,1,0,1
0,0,0,0,0.387311382231542,0,0,1,1,1,1,0,1,1,-0.3378070515930122,0.02155123944138376,1.5864004343995892,0,0,-0.29854448473220746,-0.4453939336128575,0,0,1,0,0,1,0,0,1,0,0
1,0,0,0,-1.2002122764736234,1,0,0,0,1,1,1,1,1,1.1206091435614158,-0.8800714897879724,1.0471678523539008,0,0,1.0900993587280674,0.3174503894874491,1,0,0,0,0,1,0,0,0,0,1
1,0,0,0,1.2421318138420157,1,0,0,0,0,0,0,0,0,-1.4743429943470319,-0.4261447264106272,-1.109762475828853,0,0,-1.45113239897862,-0.22074048030344098,0,1,1,0,0,0,1,0,0,1,0
1,0,1,0,0.7129572609402939,1,0,0,0,0,0,0,0,0,-1.472683817788267,-0.5404491458014425,-1.109762475828853,1,0,-1.4421570740830016,-0.3058919279086075,0,1,0,1,0,0,1,0,0,1,0
1,0,0,0,-1.2816237461508113,1,0,0,0,0,0,0,0,1,0.16492344571278056,-0.9782504296677995,-1.109762475828853,0,0,0.16417923322450154,0.0031493650749470433,1,0,0,0,0,1,0,0,0,0,1
0,0,1,0,1.2828375486806096,1,0,1,0,0,1,1,1,1,1.0608787874458763,1.7617427820979463,1.0471678523539008,1,0,1.1158547865788175,-0.6748628894373454,1,0,1,0,0,0,1,0,0,1,0
1,0,1,0,-0.6303319887333076,1,0,1,1,0,0,0,1,0,-0.004312563281248919,-0.49308192095215847,0.5079352703082123,1,0,0.13946034818670824,-1.6721165993806213,0,0,1,0,0,0,1,1,0,0,0
1,0,1,1,0.631545791263106,1,0,0,1,1,0,0,0,1,-0.3029643438589475,0.15439447541285917,-0.031297311737476054,1,1,-0.32111541266182303,0.22123579017749798,0,0,1,0,1,0,0,0,1,0,0
1,0,1,0,0.22448844287716607,0,0,1,1,0,1,1,1,1,-0.16359351292268806,-0.0465706842070772,1.5864004343995892,1,1,-0.23897523037364737,0.8822469671911095,0,0,0,1,0,0,0,0,1,0,0
1,0,0,1,-0.7117434584104956,1,0,0,0,1,1,0,0,0,-0.3228744625641272,-0.6295671019560475,-0.031297311737476054,1,1,-0.24159326727908664,-0.934622262866014,0,0,1,0,1,0,0,1,0,0,0
0,0,1,1,-0.1825689055087738,1,0,0,0,0,0,0,0,1,0.1815152113004305,-0.1347671843896256,-1.109762475828853,1,1,0.20553957236254053,-0.28549443285489806,1,0,1,0,0,0,0,0,1,0,0
1,0,1,1,1.6084834273893616,1,0,1,1,1,1,1,1,0,1.560290931634139,2.5159106163703604,2.1256330164452777,1,1,1.5429950722895946,0.14907484069503396,1,0,0,1,0,0,0,0,0,1,0
1,0,1,1,0.387311382231542,0,0,1,0,1,1,1,0,0,-0.5568183573499913,-0.11717176320892814,1.0471678523539008,1,1,-0.5476125079415601,-0.08848358664881435,0,0,0,1,1,0,0,0,1,0,0
0,0,0,0,-1.2816237461508113,1,0,0,0,0,0,0,0,0,-1.4743429943470319,-0.9999265844390328,-1.109762475828853,0,0,-1.4703813695107997,0.0031493650749470433,0,1,0,0,0,0,1,0,0,0,1
0,0,0,1,-0.06045170099299184,1,1,0,0,0,0,1,0,1,0.7174292397815226,0.17466650679810178,-0.5705298937831644,1,1,0.7304156180691385,-0.1750028284860562,1,0,0,0,1,0,0,0,1,0,1
1,1,1,0,0.46872285190873,0,0,0,1,0,0,0,0,1,-1.1474852122703283,-0.41230094740187395,-0.5705298937831644,1,0,-1.1261881472657005,-0.20939743158248383,0,0,0,0,0,1,0,0,1,0,1
0,0,0,0,-0.8745663977648716,1,0,0,0,1,1,0,0,0,-0.3693314062095472,-0.7230290648360616,-0.031297311737476054,0,1,-0.18881246116450795,-2.087331474477567,0,0,1,0,0,0,0,0,0,0,0
0,0,0,0,-1.0780950719578415,1,0,0,0,0,0,0,1,1,-0.3295111687991873,-0.8595581246957629,-0.5705298937831644,0,0,-0.2714830056961762,-0.663938523474026,0,0,0,0,0,1,0,0,0,0,0
1,0,0,0,1.4456604880349857,1,1,1,1,1,0,1,0,0,1.2085455011759603,2.1111939897864116,1.0471678523539008,0,1,1.3113447336348991,-1.2360380772140642,1,0,1,0,0,0,0,0,0,1,0
1,0,1,1,1.2014260790034217,1,0,1,1,0,0,0,0,1,0.5481932307874936,1.1775835746699523,-0.031297311737476054,1,1,0.5106721388422023,0.4181136208084985,1,0,1,0,1,0,0,0,0,1,0
0,0,1,0,-0.4675090493789317,1,1,1,0,1,0,1,1,1,1.293163505672975,-0.01980458216162716,1.0471678523539008,1,0,1.4030986490050745,-1.3218631168506196,1,0,0,0,0,1,0,1,0,0,1
0,0,1,1,-1.3223294809894055,1,1,0,1,1,1,1,0,0,0.2794066282675646,-1.0089217498805365,1.0471678523539008,1,0,0.27833376924548875,0.0031493650749470433,0,0,0,1,0,0,1,0,0,0,0
1,1,0,0,-0.9559778674420595,1,1,0,0,0,0,0,1,1,0.6278337056082129,-0.662212970680334,-0.5705298937831644,0,0,0.756275465951717,-1.514903201815349,1,0,0,0,0,1,0,0,0,0,1
1,0,1,0,1.4863662228735797,1,1,1,1,1,1,1,1,1,1.5802010503393187,2.416481129099885,2.1256330164452777,1,1,1.5948393582613192,-0.22302466402757282,1,0,0,1,0,0,0,0,0,1,0
1,0,0,0,-1.0373893371192475,1,0,0,0,0,0,0,0,0,-1.466047111553207,-0.9470086843295038,-1.109762475828853,0,0,-1.481725919674376,0.23131541486711124,0,1,0,0,0,0,1,0,0,0,0
0,0,1,0,1.4049547531963917,1,1,1,0,1,1,1,1,1,1.5370624598114289,2.2871043227375742,1.5864004343995892,1,0,1.5609734445805914,-0.3294372200024221,1,0,1,0,0,1,0,0,0,1,0
0,0,1,1,0.5094285867473239,1,0,0,1,0,1,0,0,1,-0.3577171702981922,0.008979947251184844,-0.031297311737476054,1,1,-0.44295378057601054,1.0033535774570317,0,0,1,0,1,0,0,0,1,0,1
1,1,1,0,-0.6303319887333076,1,1,0,0,0,0,1,1,1,0.9911933719777464,-0.32270032383333463,-0.031297311737476054,1,0,0.8952353922949695,1.0830167502713055,1,0,0,0,0,1,0,1,0,0,0
0,0,0,0,0.1023712383613841,1,0,0,0,0,0,0,0,0,-1.4544328756418519,-0.6837794283120369,-1.109762475828853,0,0,-1.448164958773796,-0.024340520442180283,0,1,1,0,0,0,1,0,1,0,0
0,1,0,0,-1.2002122764736234,1,0,0,0,1,0,1,0,1,0.7273842991341125,-0.9119714179634516,-0.031297311737476054,0,0,0.28826025063861804,5.083280208640222,1,0,0,0,0,1,0,0,0,0,1
0,0,0,0,-0.8338606629262776,1,1,0,0,0,0,0,1,1,0.7174292397815226,-0.5407782372200342,-0.5705298937831644,0,0,0.793132123716948,-0.9044750217489052,1,0,0,0,0,1,0,0,0,0,0
1,0,0,0,0.06166550352279012,0,0,0,0,0,0,0,0,1,-1.3233579274994176,-0.6347667463697948,-1.109762475828853,0,1,-1.318856550598031,-0.008169999549753408,0,0,0,0,0,0,0,0,1,0,0
0,0,1,0,0.9571916699718578,1,0,1,1,1,0,1,1,1,1.3495755086709846,1.6539324333673384,1.5864004343995892,1,1,1.437043670197651,-1.06242732228273,1,0,1,0,1,0,0,0,0,1,0
1,1,1,0,-1.0373893371192475,1,0,0,0,0,0,1,1,1,0.7987288911610074,-0.7432572173654919,-0.031297311737476054,1,0,0.7132081921825848,0.9680443467261418,1,0,0,0,0,1,0,0,0,0,0
0,0,0,0,-1.2816237461508113,1,1,0,0,0,0,0,0,1,-1.3017886322354726,-0.9976448839367978,-1.109762475828853,0,0,-1.2983223586965573,0.0031493650749470433,0,1,0,0,0,1,0,0,0,0,0
0,0,0,0,0.8350744654560759,1,0,0,0,0,0,0,0,0,-1.4826388771408567,-0.5488738861173874,-1.109762475828853,0,0,-1.4941362510836658,0.1832340490663972,0,1,0,1,0,0,1,0,0,1,0
0,1,1,0,0.387311382231542,1,1,1,0,1,0,1,1,1,1.336302096200865,1.0091326472068656,1.0471678523539008,1,1,1.4745929495151135,-1.6531162373320165,1,0,1,0,0,0,0,0,1,0,0
1,0,0,0,0.7943687306174818,1,0,1,0,1,0,1,0,0,0.873391836305432,1.0701900750695605,0.5079352703082123,0,0,0.8663505292064402,0.05273688933469001,1,0,1,0,0,1,0,0,0,1,0
0,0,1,0,1.6084834273893616,1,1,1,1,1,1,1,1,1,1.7328452937456982,2.7337252566221864,2.1256330164452777,1,1,1.7711203206020671,-0.5030463324057212,1,0,0,1,1,0,0,0,0,1,0
0,0,1,1,-1.2409180113122174,0,0,0,0,0,0,0,0,1,-1.3449272227633626,-0.9928840280811725,-1.109762475828853,1,0,-1.5440027731765091,2.3604070481686823,0,0,0,0,0,0,1,0,0,0,1
0,0,0,0,-1.2409180113122174,1,1,0,1,0,0,0,0,0,0.4851445215544238,-0.9423355861855031,-0.5705298937831644,0,0,0.3618816543043277,1.417503974931187,1,0,0,0,0,1,0,0,0,0,0
0,0,1,1,0.7943687306174818,1,1,0,0,1,0,1,1,0,1.2052271480584305,1.3171402755806965,0.5079352703082123,1,1,1.2244674348508764,-0.2640311760857563,1,0,1,0,0,0,0,0,0,1,0
1,0,1,0,-1.0780950719578415,1,1,0,0,0,0,0,0,0,-1.3216987509406526,-0.933888906441652,-1.109762475828853,1,0,-1.20567519902735,-1.3053691855403504,0,1,1,0,0,0,1,0,0,0,0
1,0,1,0,1.6084834273893616,1,1,1,1,1,1,1,1,0,1.6880475266590431,2.6471303346767834,2.1256330164452777,1,1,1.6804262880588225,0.0322810076437952,1,0,0,1,1,0,0,0,0,1,0
0,1,0,0,-1.2816237461508113,1,0,0,0,0,0,1,1,1,0.875051012864197,-0.9688603545239858,-0.031297311737476054,0,0,0.8722682392677288,0.0031493650749470433,1,0,0,0,0,1,0,0,0,0,1
0,0,0,0,0.7129572609402939,1,1,1,1,0,1,1,1,1,1.4839688099309494,1.426859354539135,1.5864004343995892,0,0,1.5248682143233632,-0.5252612143352858,1,0,0,1,0,1,0,0,0,1,1
0,0,0,0,1.4456604880349857,1,0,1,1,1,1,1,1,1,0.5813767619627935,1.4687417224118928,2.1256330164452777,0,1,0.5989007271765491,-0.22323792741905105,0,0,0,1,1,0,0,0,0,1,0
1,0,1,0,-1.2816237461508113,1,0,0,0,0,0,0,0,1,0.14003579733130567,-0.9785795210863911,-1.109762475828853,1,0,0.13936302974167813,0.0031493650749470433,1,0,0,0,0,1,0,0,0,0,1
1,0,0,0,-1.2002122764736234,1,0,0,0,0,1,0,1,0,-0.1420242176587432,-0.9225242827862887,-0.031297311737476054,0,0,0.0230026089666618,-1.9147283145033602,0,0,0,0,0,0,1,0,0,0,0
1,0,1,0,-0.4268033145403377,1,0,1,0,0,0,1,0,1,-0.17188939571651304,-0.40587269502538476,-0.031297311737476054,1,1,-0.08165158248867956,-1.0438404110523998,0,0,1,0,0,0,0,1,0,0,0
0,0,1,1,1.6084834273893616,1,1,1,1,1,1,0,1,1,0.48348534499565887,1.475367429639537,1.5864004343995892,1,1,0.4531960919346427,0.3361587837977126,0,0,0,1,0,0,0,0,0,1,0
0,0,1,1,1.2828375486806096,1,0,0,0,0,0,0,0,0,-1.497571466169742,-0.42241502366658906,-1.109762475828853,1,1,-1.4576372150138912,-0.41448213005479795,0,1,1,0,0,0,0,0,0,1,0
1,0,0,0,-1.0780950719578415,1,0,0,0,0,0,0,0,0,-1.4710246412295018,-0.957759004003496,-1.109762475828853,0,0,-1.5056755255752594,0.4521508285213732,0,1,1,0,0,0,1,0,0,0,0
1,0,1,1,1.4456604880349857,1,0,0,0,0,0,0,0,1,-1.4925939364934466,-0.43707056150786827,-1.109762475828853,1,1,-1.5145396139434706,0.30509341643881466,0,1,0,1,0,0,0,0,0,1,0
1,0,0,0,1.3642490183577978,1,1,0,1,0,1,1,1,1,1.30477774158433,2.0014310319721607,1.0471678523539008,0,0,1.290784737600274,0.11919000303058012,1,0,1,0,0,1,0,0,0,1,0
0,1,0,0,-1.2816237461508113,1,0,0,0,0,0,1,0,0,0.44864263726159415,-0.9744987874958554,-0.5705298937831644,0,0,0.44708395292868813,0.0031493650749470433,1,0,0,0,0,1,0,0,0,0,1
0,0,0,0,-1.0780950719578415,1,0,0,0,0,0,1,1,1,0.8153206567486573,-0.7573642695091184,-0.031297311737476054,0,0,1.0128933923370613,-2.3252439382258023,1,0,0,0,0,1,0,0,0,0,1
0,1,0,0,-1.2002122764736234,1,0,0,0,0,0,0,0,1,0.1815152113004305,-0.9191017320329362,-1.109762475828853,0,0,0.10903211437378271,0.8370092257611681,1,0,0,0,0,1,0,0,0,0,1
1,0,0,0,0.06166550352279012,1,1,1,1,1,1,1,1,0,1.702980115687928,0.7019367776655615,2.1256330164452777,0,1,1.645803899594089,0.6081694042651484,1,0,1,0,1,0,0,0,1,0,0
0,0,1,0,1.1200146093262338,1,0,1,0,0,1,1,1,1,1.0708338467984662,1.4534499411613364,1.0471678523539008,1,0,0.9460275107305651,1.4159003982760228,1,0,0,1,0,1,0,0,0,1,0
0,0,0,0,-0.9152721326034655,1,0,0,0,0,0,0,1,1,0.5083729933771337,-0.6377066297092131,-0.5705298937831644,0,1,0.6505768214878397,-1.6709846629181524,1,0,0,0,0,0,0,0,0,0,1
0,0,1,1,0.6722515261016999,1,1,0,0,0,0,0,0,0,-1.3167212212643575,-0.47726359343185554,-1.109762475828853,1,0,-1.330499014368844,0.2042182420002266,0,1,0,1,0,0,1,0,0,1,0
0,0,0,0,0.631545791263106,1,1,0,1,1,1,1,0,1,0.29599839385521454,0.5625555921780663,1.0471678523539008,0,1,0.32010771177490827,-0.2903051628203966,0,0,1,0,0,0,0,0,1,0,0
0,1,0,0,-0.7524491932490895,0,0,1,0,1,1,0,0,0,-0.8372191957812748,-0.7051264916646787,0.5079352703082123,0,0,-0.5123577426762793,-3.7505945022888953,0,0,0,1,0,0,1,1,0,0,0
1,1,1,0,1.4456604880349857,1,1,0,0,1,0,0,0,1,0.5116913464946635,1.4435991380314948,-0.5705298937831644,1,1,0.5710189926752592,-0.7071407651249708,1,0,0,0,1,0,0,0,0,1,0
0,0,0,0,0.18378270803857208,0,0,0,0,1,0,0,1,1,-0.8206274301936248,-0.360019290701622,-0.031297311737476054,0,1,-0.8261884982008237,0.09208285957225272,0,0,0,0,1,0,0,0,1,0,0
0,0,1,1,1.4863662228735797,1,1,1,1,1,1,1,1,0,1.6034295221620285,2.455379734777412,2.1256330164452777,1,1,1.637350593792764,-0.44808316154387956,1,0,0,1,1,0,0,0,0,1,0
0,0,0,0,-0.7931549280876836,0,0,0,0,1,1,0,0,0,-0.9799083798350643,-0.8112913833023283,-0.031297311737476054,0,0,-1.0023095930501615,0.29327338760956095,0,0,0,1,0,0,1,1,0,0,0
1,0,0,1,-0.9966836022806536,1,0,0,0,0,0,0,0,0,-1.5091857020810966,-0.9390666114274933,-1.109762475828853,1,1,-1.4902343322970584,-0.17003691368295976,0,1,0,0,0,0,0,0,0,0,0
1,0,1,1,-0.7931549280876836,1,1,0,1,1,1,1,0,1,0.2611556861211498,-0.6008264513990479,1.0471678523539008,1,0,0.21852035572278627,0.48718281083422643,0,0,0,0,0,1,0,1,0,0,0
1,0,1,0,0.9978974048104517,1,0,1,1,0,1,0,0,1,-0.17188939571651304,0.5049645939245364,0.5079352703082123,1,0,-0.1458926987135129,-0.29663507066973616,0,0,0,1,0,1,0,0,0,1,0
1,0,1,1,1.6084834273893616,1,1,1,1,1,1,1,1,0,0.8269348926600121,1.8708036782192017,2.1256330164452777,1,1,0.8673509545035398,-0.49770107688850856,0,0,0,1,1,0,0,0,0,1,0
0,0,1,1,-0.9966836022806536,1,0,0,0,0,0,0,0,0,-1.5224591145512167,-0.9204180977073027,-1.109762475828853,1,0,-1.3144528909603928,-2.3685405079152795,0,1,0,1,0,0,1,0,0,0,0
1,0,1,0,0.5094285867473239,1,0,1,0,1,0,0,0,0,-0.3859231717971971,-0.0013535232925914384,-0.031297311737476054,1,1,-0.4602699758951362,0.8776331676920319,0,0,0,1,1,0,0,0,1,0,0
1,0,0,0,-0.4675090493789317,0,0,1,0,0,1,1,0,1,-0.7094626007563706,-0.5650871233400002,0.5079352703082123,0,0,-0.55493919658887,-1.7736135688487664,0,0,0,0,0,0,1,1,0,0,0
1,0,0,0,0.26519417771576004,0,0,0,0,0,1,0,1,1,-0.807354017723505,-0.3531522497670106,-0.031297311737476054,0,0,-0.8807314064146541,0.8804291475010421,0,0,0,0,0,1,0,0,1,0,0
1,0,0,1,-0.7117434584104956,1,1,0,0,0,0,0,0,1,-1.3316538102932427,-0.8666884387652475,-1.109762475828853,1,0,-1.433653388356221,1.2308476522698888,0,1,0,0,0,1,0,1,0,0,0
1,0,1,1,0.8757802002946699,1,1,0,0,1,0,0,1,0,-0.05242868348543355,0.4869523236136229,-0.031297311737476054,1,1,-0.05977934388591726,0.08724805187919951,0,0,0,1,1,0,0,0,0,1,0
1,0,0,0,1.1200146093262338,1,1,0,0,1,0,1,0,1,0.8169798333074222,1.2864689553679591,-0.031297311737476054,0,0,0.7361651499441553,0.9126980438849909,1,0,0,1,0,1,0,0,0,1,0
0,0,0,0,-1.2409180113122174,0,0,0,0,0,0,1,1,1,-0.6530505977583607,-0.9714053281610943,-0.031297311737476054,0,0,-0.7341673328537055,0.9652953581744308,0,0,0,0,0,1,0,0,0,0,1
1,0,1,0,0.18378270803857208,1,0,0,0,1,1,0,1,1,0.8435266582476619,0.4914279669064687,0.5079352703082123,1,0,0.9091124765106957,-0.791011138418524,1,0,0,0,0,1,0,0,1,0,0
0,0,1,0,-0.8338606629262776,1,0,1,0,0,1,0,0,0,-0.3560579937394271,-0.7059382504972045,-0.031297311737476054,1,1,-0.24473665305357756,-1.2829191123680277,0,0,0,0,0,0,0,0,0,0,0
0,0,0,0,-0.10115743583158582,1,1,1,0,0,1,1,1,0,1.376122333611225,0.4004232199519386,1.0471678523539008,0,1,1.3938496893578258,-0.2521400384274468,1,0,0,0,0,0,0,0,1,0,0
1,0,1,0,1.1607203441648277,1,1,1,1,0,0,1,1,1,1.3694856273761649,1.788443065859678,1.0471678523539008,1,0,1.3094131220394747,0.6529922325454188,1,0,0,0,0,1,0,0,0,1,0
1,1,1,1,1.6084834273893616,0,0,1,1,1,1,1,1,1,-0.004312563281248919,1.0675792831487338,2.1256330164452777,1,1,0.026104634402014725,-0.3536464406994485,0,0,0,1,0,0,0,0,0,1,0
1,0,1,1,-1.2816237461508113,1,0,0,0,0,0,0,0,1,-1.4842980536996218,-1.0000582210064695,-1.109762475828853,1,0,-1.480307850903929,0.0031493650749470433,0,1,1,0,0,1,0,0,0,0,0
0,1,1,0,0.22448844287716607,1,1,1,1,0,0,0,1,0,0.9978300782128064,0.5668776594755692,0.5079352703082123,1,1,0.9783683934565722,0.19304660055510686,1,0,1,0,1,0,0,0,1,0,0
0,0,0,0,-0.30468611002455576,1,0,0,1,0,1,0,1,1,0.028870967894050924,-0.2719105482306979,0.5079352703082123,0,1,0.07437766488799132,-0.5302643734994106,0,0,0,0,0,0,0,0,1,0,0
0,0,1,0,1.5677776925507676,1,1,0,0,0,0,0,0,1,-1.3366313399695375,-0.25852749720797286,-1.109762475828853,1,1,-1.3517063231840205,0.21997099732271638,0,1,0,1,0,0,0,0,0,1,0
0,0,1,1,-0.2639803751859618,1,0,0,0,0,0,0,0,1,-1.4826388771408567,-0.7921821415961096,-1.109762475828853,1,1,-1.520077407767428,0.48496247392707326,0,1,0,0,1,0,0,0,1,0,0
0,0,0,0,-0.5082147842175256,1,1,1,0,0,0,1,0,1,0.8020472442785371,-0.1843283520295204,-0.031297311737476054,0,1,0.9603657616317521,-1.8682245915035531,1,0,0,0,0,0,0,1,0,0,0
1,0,0,0,-0.1825689055087738,1,1,1,1,0,0,0,1,1,0.9812383126251565,0.15799254158946074,0.5079352703082123,0,1,0.9939858087311008,-0.18103286788981096,1,0,0,0,1,0,0,0,1,0,1
1,0,1,0,-0.06045170099299184,1,0,0,0,1,0,1,1,1,0.9580098408024466,0.2810288532869065,0.5079352703082123,1,0,0.9891445524448975,-0.3941238191725869,1,0,1,0,0,1,0,0,1,0,0
1,1,0,0,-0.019745966154397852,1,1,0,0,0,0,1,1,1,1.0359911390644014,0.3158906042297098,-0.031297311737476054,0,1,0.9732391671884666,0.6952931388608903,1,0,0,0,1,0,0,0,1,0,1
0,0,0,0,-0.7931549280876836,0,0,0,0,0,0,0,1,1,-0.9898634391876541,-0.8131781741022536,-0.5705298937831644,0,0,-1.0132541750989963,0.3051151844477084,0,0,0,0,0,1,0,1,0,0,1
1,0,0,0,-0.7117434584104956,1,1,0,0,0,0,0,0,1,-1.2802193369715278,-0.8427964017754975,-1.109762475828853,0,0,-1.3135429634993556,0.43034218601111757,0,1,0,0,0,1,0,1,0,0,0
1,0,0,0,1.1200146093262338,0,0,1,1,1,0,0,0,0,-0.8405375488988048,0.05492110928657196,0.5079352703082123,0,1,-0.8116490348389653,-0.30794450602721807,0,0,0,1,0,0,0,0,0,1,0
0,0,0,0,-1.2002122764736234,1,1,0,0,0,0,0,0,0,0.34245533750063456,-0.9027349188149807,-1.109762475828853,0,0,0.520429621000144,-2.081500286640603,1,0,0,0,0,1,0,0,0,0,1
0,0,0,0,0.8757802002946699,1,0,1,1,0,0,1,1,1,1.1654069106480704,1.316504032171419,1.0471678523539008,0,1,1.098647162149929,0.7375874731408856,1,0,1,0,1,0,0,0,0,1,0
0,0,1,1,-1.2002122764736234,1,0,0,0,0,0,0,0,0,-1.5207999379924515,-0.9861047448581857,-1.109762475828853,1,0,-1.5751608953271652,0.6830658668652498,0,1,0,1,0,0,1,0,0,0,0
0,0,0,0,-0.9559778674420595,1,0,0,0,0,0,0,0,0,0.2014253300056102,-0.7138145051154968,-1.109762475828853,0,0,0.3239220541620829,-1.4315172157467264,1,0,0,0,0,1,0,0,0,0,1
0,0,1,1,-0.6303319887333076,1,1,1,0,1,0,1,1,1,1.303118565025565,-0.24389389879459977,1.0471678523539008,1,0,1.244803246845172,0.6347699111331961,1,0,0,0,0,1,0,1,0,0,1
0,1,0,0,-0.7117434584104956,1,0,1,0,1,1,0,1,1,1.040968668740696,-0.382880174579785,1.0471678523539008,0,0,0.9985551414358744,0.45856513514203745,1,0,0,0,0,0,1,1,0,0,1
0,0,1,1,-0.5489205190561197,1,1,0,0,0,0,0,0,0,-1.3051069853530026,-0.7957143894889926,-1.109762475828853,1,0,-1.3025019298094542,0.013277217633890632,0,1,0,1,0,0,1,1,0,0,0
0,0,1,1,-1.1595065416350294,1,1,0,0,0,0,0,1,1,0.697519121076343,-0.8416116726685677,-0.5705298937831644,1,0,1.0054485312922146,-3.604898109048117,1,0,0,0,0,1,0,0,0,0,1
0,0,0,1,-1.2816237461508113,1,0,0,0,0,0,1,0,1,0.4785078153193637,-0.9741038777935455,-0.5705298937831644,1,0,0.4768633971080759,0.0031493650749470433,1,0,0,0,0,1,0,0,0,0,1
1,0,1,1,1.6084834273893616,0,0,1,0,1,1,1,1,0,-0.13206915830615312,0.9871493404449471,1.5864004343995892,1,1,-0.05813258964245805,-0.8555659337663434,0,0,0,1,0,0,0,0,0,1,0
1,0,1,1,-0.30468611002455576,1,1,0,0,0,1,0,0,1,-0.32619281568165726,-0.36561384481767917,-0.5705298937831644,1,0,-0.20826234864571222,-1.36078879474288,0,0,1,0,0,0,1,0,1,0,0
1,0,0,0,-0.9559778674420595,1,1,0,0,0,0,0,0,1,0.3756388686759344,-0.7084174058505947,-1.109762475828853,0,0,0.3691426916196725,0.06301622686780223,1,0,0,0,0,1,0,0,0,0,0
0,0,0,0,-1.1188008067964355,1,0,0,0,0,0,0,0,1,-1.4743429943470319,-0.9631561032683981,-1.109762475828853,0,0,-1.4584695918390445,-0.1353996579313784,0,1,0,0,0,0,1,0,0,0,0
1,0,1,1,1.1607203441648277,0,0,1,0,1,0,0,0,0,-1.0396387359506039,-0.07991861462435922,-0.031297311737476054,1,1,-1.0002567015640667,-0.42334944891538034,0,0,0,0,0,0,0,0,0,1,0
0,0,1,0,1.5677776925507676,1,1,1,0,1,0,1,1,1,1.2998002119080347,2.2434887400602346,1.0471678523539008,1,1,1.3056546886358344,-0.11149507297606474,1,0,1,0,1,0,0,0,0,1,0
0,0,1,1,1.1200146093262338,1,0,0,0,0,0,0,0,1,-1.5158224083161567,-0.5248282731322946,-1.109762475828853,1,1,-1.5402803426540854,0.3350897326942692,0,1,0,1,1,0,0,0,0,1,0
1,0,0,0,0.9164859351332638,1,0,1,0,1,1,0,0,1,-0.19014033786292786,0.38460489243163565,0.5079352703082123,0,0,-0.23808390517040445,0.5639930112343928,0,0,0,1,0,1,0,0,0,1,0
0,1,1,1,1.1200146093262338,1,0,1,1,1,1,0,1,1,0.3291819250305144,0.9464736411070256,1.5864004343995892,1,1,0.308857699529362,0.22540508948092255,0,0,1,0,1,0,0,0,0,1,0
0,0,0,0,-0.10115743583158582,1,0,1,1,1,1,1,1,0,0.6776090023711627,0.10138881759170576,2.1256330164452777,0,1,0.6421944594225305,0.38929062363887196,0,0,1,0,0,0,0,0,1,0,1
0,0,1,0,0.346605647392948,1,1,1,1,1,1,1,1,1,1.6150437580733834,1.0072897352627528,2.1256330164452777,1,1,1.5595761968659902,0.5912317696377057,1,0,0,0,0,0,0,0,1,0,1
0,0,0,0,-0.8745663977648716,1,0,1,0,0,1,0,0,1,-0.34278458126930716,-0.7378162392447775,-0.031297311737476054,0,0,-0.2901828923610105,-0.6003785760510936,0,0,1,0,0,0,1,0,0,0,0
1,1,0,0,0.22448844287716607,1,0,0,1,1,1,1,0,1,0.1732193285066055,0.08688685574576922,1.0471678523539008,0,1,0.02586155170708041,1.7081733433728241,0,0,1,0,1,0,0,0,1,0,1
0,1,0,0,-1.2409180113122174,1,0,0,0,0,0,0,0,0,-0.6961891882862504,-0.9715808435843432,-1.109762475828853,0,0,-0.7407849871157919,0.5419511212106601,0,0,0,0,0,1,0,0,0,0,0
1,0,1,1,1.6084834273893616,1,1,1,1,0,1,0,1,1,1.089084788944881,2.05891233308616,1.0471678523539008,1,1,1.064364036597732,0.2511692210739256,1,0,0,1,1,0,0,0,0,1,0
0,0,1,1,0.346605647392948,1,1,1,1,1,0,0,1,1,1.2168413839697851,0.7157586172464087,1.0471678523539008,1,1,1.023384795435491,2.2095143960801487,1,0,1,0,0,0,0,0,1,0,0
0,0,0,0,-1.2816237461508113,1,1,0,0,0,0,1,1,1,0.9596690173612115,-0.9677414437007745,-0.031297311737476054,0,0,0.9566433311093282,0.0031493650749470433,1,0,0,0,0,1,0,0,0,0,1
1,0,0,1,-1.2409180113122174,1,0,0,0,0,0,0,0,0,-1.477661347464562,-0.990097720737097,-1.109762475828853,1,0,-1.4389475117658899,-0.4009519520268364,0,1,0,0,0,0,1,0,0,0,0
1,0,1,1,0.590840056424512,1,1,0,1,0,0,1,1,1,1.1421784388253606,1.0749509309251855,0.5079352703082123,1,0,1.1947380833899204,-0.6494722149252986,1,0,0,0,0,1,0,0,1,0,1
0,1,0,0,-0.8745663977648716,1,0,0,1,0,0,1,1,1,0.9978300782128064,-0.5173469282163123,0.5079352703082123,0,0,1.2211991003595486,-2.6313812996665478,1,0,0,0,0,1,0,0,0,0,1
1,0,0,0,-1.2816237461508113,0,0,0,0,0,0,0,0,1,-1.3449272227633626,-0.9982153090623564,-1.109762475828853,0,0,-1.341337111400118,0.0031493650749470433,0,0,0,0,0,1,0,0,0,0,0
1,0,1,1,-1.1188008067964355,1,0,0,0,0,0,0,0,0,-1.5091857020810966,-0.971163994454127,-1.109762475828853,1,0,-1.5792417821221183,0.8652321748920838,0,1,0,0,0,0,1,0,0,0,0
0,0,1,0,1.1200146093262338,0,0,1,1,1,0,0,1,0,-0.4937696481169216,0.26861113709205015,1.0471678523539008,1,0,-0.5430825660359655,0.5900584208656315,0,0,1,0,0,1,0,0,0,1,0
0,0,0,0,0.7129572609402939,1,0,0,0,0,0,0,0,0,-1.5108448786398618,-0.5596242057913797,-1.109762475828853,0,1,-1.4710762232083188,-0.4121128455467904,0,1,0,1,1,0,0,0,0,1,0
1,0,0,0,0.9571916699718578,1,1,1,1,0,0,0,0,1,0.712451710105228,1.1509710486198448,-0.031297311737476054,0,0,0.7597681168122625,-0.5741382307847378,1,0,0,0,0,1,0,0,0,1,0
0,0,0,0,0.22448844287716607,1,0,1,1,1,0,0,0,1,0.6294928821669784,0.40994493166318874,0.5079352703082123,0,1,0.6669468083466847,-0.45665514110101457,1,0,0,0,1,0,0,0,1,0,1
1,0,1,0,0.8757802002946699,1,1,1,1,1,0,1,1,0,1.4806504568134191,1.6760034978408815,1.5864004343995892,1,0,1.600669767420971,-1.4454148800914968,1,0,0,0,0,1,0,0,0,1,0
1,0,0,0,0.631545791263106,1,1,0,1,1,0,1,1,1,1.3661672742586346,1.221352733342635,1.0471678523539008,0,1,1.3550812648057706,0.08332819783323554,1,0,1,0,1,0,0,0,1,0,1
1,0,0,0,-1.1595065416350294,1,1,0,0,0,0,0,1,1,0.6875640617237531,-0.8602163075329461,-0.5705298937831644,0,0,0.6547128554016436,0.3591433825217604,1,0,0,0,0,1,0,0,0,0,1
1,0,1,0,-1.2816237461508113,1,0,0,0,1,0,0,0,0,0.3457736906181643,-0.975859032026034,-0.5705298937831644,1,1,0.34451031186635117,0.0031493650749470433,1,0,0,0,1,0,0,0,0,0,0
0,1,1,0,-0.1825689055087738,1,1,0,1,1,1,1,1,1,1.5237890473413087,0.3971323057660226,1.5864004343995892,1,0,1.6380253753091367,-1.3795918764366017,1,0,0,0,0,1,0,0,1,0,0
1,0,0,0,-0.9152721326034655,1,1,1,0,0,0,1,1,0,1.1156316138851208,-0.5663815495864606,0.5079352703082123,0,0,1.1884266716388985,-0.8839492405627741,1,0,0,0,0,1,0,0,0,0,1
1,0,1,1,-0.5896262538947137,1,0,0,0,0,0,0,0,0,-1.497571466169742,-0.8587244264353309,-1.109762475828853,1,1,-1.5194623052879392,0.30462177624611925,0,1,1,0,0,0,0,1,0,0,0
1,0,1,1,1.4049547531963917,1,1,1,0,0,1,1,1,0,1.3163919774956847,2.0124665642089323,1.0471678523539008,1,1,1.2518697279656834,0.7065211671945354,1,0,0,1,0,0,0,0,0,1,0
1,0,0,0,-1.2816237461508113,1,0,0,0,0,0,0,0,1,0.1781968581829002,-0.9780749142445506,-1.109762475828853,0,0,0.17741454174867372,0.0031493650749470433,1,0,0,0,0,1,0,0,0,0,1
1,0,1,1,1.3642490183577978,1,0,1,1,1,1,0,0,0,0.03053014445281582,0.7888169121737435,1.0471678523539008,1,0,-0.09468635603521296,1.455406695871468,0,0,0,1,0,0,1,0,0,1,0
1,0,1,0,-0.9559778674420595,1,0,1,1,0,1,1,0,1,0.13339909109624562,-0.7483471646397086,1.0471678523539008,1,0,0.03458350392531253,1.1448959435530017,0,0,0,0,0,0,1,0,0,0,0
1,0,1,1,1.4456604880349857,1,1,0,1,0,0,1,1,1,1.1985904418233704,1.9618961828853565,0.5079352703082123,1,1,1.145781729026455,0.5742113103910526,1,0,1,0,1,0,0,0,0,1,0
0,0,1,0,0.9978974048104517,1,1,0,1,1,1,1,0,0,0.32088604223668943,0.908123521127151,1.0471678523539008,1,1,0.38746701497112174,-0.7851351590960368,0,0,1,0,0,0,0,0,0,1,0
0,0,1,1,-0.7524491932490895,1,1,0,0,0,1,1,0,1,0.8866652487755522,-0.4380578357636431,-0.031297311737476054,1,0,0.9261548525447169,-0.48891958568164473,1,0,0,0,0,1,0,1,0,0,1
1,1,1,1,1.3642490183577978,1,1,1,1,1,1,1,1,1,1.702980115687928,2.440943591215194,2.1256330164452777,1,0,1.7929493884804768,-1.1033185269894592,1,0,1,0,0,1,0,0,0,1,0
0,0,0,0,0.1023712383613841,1,1,0,0,0,0,0,0,0,-1.3814291070561924,-0.6591633902013854,-1.109762475828853,0,1,-1.3951291867590763,0.2054749224810103,0,1,0,1,0,0,0,0,1,0,0
1,1,0,0,-1.2002122764736234,1,1,0,0,0,0,0,0,1,0.3690021624408743,-0.9072105621078264,-1.109762475828853,0,0,0.40792949854467775,-0.46509501823346916,1,0,0,0,0,1,0,0,0,0,1
1,0,1,0,-0.4268033145403377,1,0,1,0,0,1,0,0,1,-0.2880317548300625,-0.44191917507511785,-0.031297311737476054,1,1,-0.205206195586494,-0.9537485589712689,0,0,1,0,1,0,0,1,0,0,0
0,0,0,1,0.18378270803857208,1,0,0,0,0,0,0,0,0,-1.480979700582092,-0.6774608730750782,-1.109762475828853,1,1,-1.473153630080052,-0.0415774216312992,0,1,1,0,0,0,0,0,1,0,0
1,0,0,1,-0.22327464034736777,1,1,0,0,0,0,0,0,1,-1.2968111025591778,-0.6629150323733295,-1.109762475828853,1,1,-1.182329585380546,-1.288264367885247,0,1,0,1,1,0,0,0,1,0,0
1,0,0,0,-0.9966836022806536,0,0,1,0,0,0,0,0,1,-1.1441668591527983,-0.9095580808937799,-0.5705298937831644,0,0,-1.2120860515937462,0.8281895541577546,0,0,0,0,0,1,0,0,0,0,1
1,0,1,0,1.4049547531963917,1,1,0,0,0,0,0,0,0,-1.3299946337344775,-0.31410006809414087,-1.109762475828853,1,1,-1.3666718624184033,0.47101080470451784,0,1,0,1,1,0,0,0,0,1,0
1,0,1,0,0.8350744654560759,1,1,1,0,1,0,0,1,0,0.9613281939199768,1.1978336666272886,0.5079352703082123,1,0,0.9910738624823526,-0.3780782925682434,1,0,0,0,0,1,0,0,0,1,1
0,0,1,1,1.6084834273893616,1,1,1,1,1,1,0,1,0,1.4109650413452897,2.3514526647861858,1.5864004343995892,1,1,1.3707522377458499,0.4206138209697799,1,0,0,1,1,0,0,0,0,1,0
1,0,0,1,-1.2002122764736234,1,1,0,0,1,0,0,1,0,0.8933019550106117,-0.8961311510152425,-0.031297311737476054,1,0,0.6864224487408072,2.376442814720337,1,0,0,0,0,1,0,0,0,0,1
0,0,0,0,-1.0780950719578415,1,0,1,0,0,0,0,0,1,-0.5136797668221014,-0.8708788694953139,-0.5705298937831644,0,0,-0.41376257233103003,-1.1450115200237707,0,0,0,0,0,1,0,0,0,0,0
0,1,1,0,1.5677776925507676,1,1,1,1,1,1,0,0,1,1.042627845299461,1.9603384835040232,1.0471678523539008,1,1,1.0049242453031406,0.4037273306527036,1,0,0,1,1,0,0,0,0,1,0
1,0,1,0,1.2421318138420157,1,0,0,0,0,0,0,0,0,-1.5158224083161567,-0.4658550909206801,-1.109762475828853,1,0,-1.4986639633213823,-0.1489613347864953,0,1,0,1,0,0,1,0,0,1,0
1,0,0,0,0.8757802002946699,1,0,1,1,0,1,1,1,1,1.342938802435925,1.4673375990259019,1.5864004343995892,0,1,1.3092785188714235,0.3466711196482496,1,0,1,0,1,0,0,0,0,1,1
1,0,0,0,-1.2816237461508113,1,0,0,0,0,0,0,0,1,-0.6845749523748957,-0.989483416755726,-1.109762475828853,0,0,-0.6828805123225373,0.0031493650749470433,0,0,0,0,0,0,1,0,0,0,0
0,0,1,1,1.1607203441648277,1,1,1,1,1,1,0,1,1,0.48016699187812906,1.106280433975106,1.5864004343995892,1,0,0.4661232696991166,0.1473135351885426,0,0,1,0,0,1,0,0,0,1,0
0,0,0,0,-0.7931549280876836,1,0,0,0,0,0,0,0,0,-1.5091857020810966,-0.9070789255403898,-1.109762475828853,0,1,-1.5579380259014792,0.6174425760538483,0,1,0,0,1,0,0,1,0,0,0
1,0,0,0,-0.4268033145403377,1,1,0,0,0,0,0,0,1,-1.3299946337344775,-0.7924234753030767,-1.109762475828853,0,1,-1.4066112466216052,0.9355563002059023,0,1,0,0,1,0,0,1,0,0,0
1,0,0,0,-1.1595065416350294,1,0,0,0,0,0,0,0,1,-1.4925939364934466,-0.9829235278118003,-1.109762475828853,0,0,-1.658570912588877,1.980359380894386,0,1,0,0,0,0,1,0,0,0,0
0,0,1,1,-0.3453918448631497,0,0,1,1,1,0,1,1,0,-0.24323398774340765,-0.4087686995089908,1.5864004343995892,1,0,-0.263004136172878,0.2380733450567373,0,0,1,0,0,1,0,1,0,0,0
0,1,1,0,1.5677776925507676,1,1,1,1,1,1,0,1,1,0.5896726447566184,1.5497420902412382,1.5864004343995892,1,1,0.568834810391366,0.22268126772581942,0,0,0,1,0,0,0,0,0,1,0
1,0,0,0,1.5270719577121736,1,1,1,0,0,1,1,1,1,1.296481858790505,2.172361114788637,1.0471678523539008,0,1,1.2783795006442569,0.1672639816122026,1,0,0,1,1,0,0,0,0,1,1
0,1,0,0,-0.30468611002455576,1,1,0,1,0,0,0,1,1,0.8219573629837174,-0.04904983956046708,-0.031297311737476054,0,0,0.7465989848307115,0.8490681222080105,1,0,0,0,0,1,0,0,1,0,1
0,0,1,1,1.6084834273893616,1,1,0,1,0,1,1,1,1,0.46523440284924406,1.5054025064429968,1.0471678523539008,1,0,0.4846529276457399,-0.24139607483783476,0,0,0,1,0,1,0,0,0,1,0
0,1,0,0,-1.2816237461508113,1,0,0,0,0,0,0,0,1,0.18649274097672516,-0.97796521710502,-1.109762475828853,0,0,0.18568660957628152,0.0031493650749470433,1,0,0,0,0,1,0,0,0,0,1
0,0,1,1,0.9571916699718578,1,1,0,0,1,0,1,1,1,1.1571110278542456,1.411194603014175,0.5079352703082123,1,1,1.110178818609606,0.5072451407452823,1,0,1,0,1,0,0,0,0,1,0
0,0,0,1,-0.2639803751859618,1,0,0,1,1,1,1,1,1,1.3445979789946898,0.18252082198848796,1.5864004343995892,1,0,1.3068699566720468,0.3939286607338101,1,0,0,1,0,1,0,0,1,0,0
1,0,1,0,0.590840056424512,1,1,0,1,0,0,0,0,1,0.46357522629047915,0.5928100632605872,-0.5705298937831644,1,0,0.4211765404983931,0.47767158039507657,1,0,1,0,0,1,0,0,1,0,0
1,1,0,0,0.9978974048104517,1,1,0,1,1,0,1,1,1,0.4917812277894838,0.9385096287771086,1.0471678523539008,0,1,0.4276663621333561,0.729316393551083,0,0,0,1,0,0,0,0,0,1,0
0,0,1,1,1.5270719577121736,1,1,1,1,1,1,1,0,0,0.5233055824060188,1.4561704302216936,1.5864004343995892,1,0,0.5068555516030313,0.1738615541363136,0,0,0,1,0,1,0,0,0,1,0
1,0,1,1,1.6084834273893616,1,1,1,1,1,1,1,1,1,1.5818602268980835,2.5569592859826855,2.1256330164452777,1,1,1.5859868470269674,-0.10081585473497146,1,0,0,1,1,0,0,0,0,1,0
0,0,0,0,-1.2816237461508113,1,0,0,0,0,0,0,0,0,0.20474368312314,-0.977723883398053,-1.109762475828853,0,0,0.20388515879701857,0.0031493650749470433,1,0,0,0,0,0,1,0,0,0,0
1,0,1,1,-0.7931549280876836,1,0,0,0,0,0,0,0,0,-1.4909347599346818,-0.9130245105029445,-1.109762475828853,1,0,-1.5924261856135054,1.230255562427981,0,1,1,0,0,0,1,1,0,0,0
1,0,1,0,0.8350744654560759,1,0,0,1,0,0,1,1,1,0.9729424298313315,1.1270790116300948,0.5079352703082123,1,1,0.8904043577878804,0.9275356663697709,1,0,1,0,0,0,0,0,0,1,1
1,0,1,1,0.26519417771576004,1,0,1,1,1,0,0,0,0,-0.17023021915774814,0.019532812074021993,0.5079352703082123,1,0,-0.16012824647837878,-0.11181474589540213,0,0,1,0,0,1,0,0,1,0,0
0,0,1,1,-1.2816237461508113,1,0,0,0,0,0,0,0,1,0.1616050925952503,-0.9782943085236117,-1.109762475828853,1,0,0.16087040609345812,0.0031493650749470433,1,0,0,0,0,1,0,0,0,0,1
1,1,1,0,1.2828375486806096,1,1,0,0,1,1,1,1,0,1.233433149557435,1.860075297973116,1.0471678523539008,1,0,1.2317154365892489,-0.021204955375384735,1,0,0,1,0,1,0,0,0,1,0
1,1,1,0,0.631545791263106,1,1,0,0,1,0,0,1,1,0.866755130070372,0.908913340531771,-0.031297311737476054,1,1,0.8642374400850932,0.00034310592840396554,1,0,0,0,1,0,0,0,1,0,0
1,0,0,1,-1.2816237461508113,0,0,0,0,0,0,0,0,0,-1.3333129868520075,-0.9980617330670137,-1.109762475828853,1,0,-1.3297562164414671,0.0031493650749470433,0,0,0,0,0,1,0,0,0,0,1
1,0,0,0,-1.2816237461508113,1,0,0,0,0,0,0,1,1,0.4751894622018339,-0.9741477566493576,-0.5705298937831644,0,0,0.473554569977033,0.0031493650749470433,1,0,0,0,0,1,0,0,0,0,1
0,1,1,0,-1.2816237461508113,1,1,0,0,1,0,1,1,1,1.1902945590295455,-0.9646918632218255,0.5079352703082123,1,0,1.186606816716825,0.0031493650749470433,1,0,0,0,0,1,0,0,0,0,1
1,0,1,0,1.3235432835192036,1,1,0,1,0,0,0,1,1,0.8534817176002523,1.5935331883418271,-0.031297311737476054,1,0,0.8704865631202441,-0.2262854486641581,1,0,0,0,0,1,0,0,0,1,0
1,0,0,0,-1.1595065416350294,1,0,1,1,0,1,0,1,1,0.9945117250952766,-0.8507165352496019,1.0471678523539008,0,0,0.8338031238693527,1.836037481929465,1,0,0,0,0,0,1,0,0,0,0
0,0,1,0,0.9164859351332638,1,0,1,0,0,0,1,1,1,0.9895341954189815,1.3061705616276431,0.5079352703082123,1,0,1.0254368551883797,-0.4506336723977943,1,0,1,0,0,1,0,0,0,1,0
1,0,1,0,0.6722515261016999,1,1,1,0,0,0,0,0,1,-0.3178969328878323,0.14682537278525237,-0.5705298937831644,1,0,-0.3700612942703486,0.617351950057641,0,0,1,0,0,1,0,0,0,1,0
0,0,1,1,-0.06045170099299184,1,0,0,0,0,0,0,0,1,-1.5058673489635668,-0.7197820295059578,-1.109762475828853,1,0,-1.4453516933098443,-0.6535928676342492,0,1,0,0,0,0,1,0,1,0,1
0,0,1,1,1.6084834273893616,1,1,1,1,1,1,1,1,1,1.7228902343931078,2.7109960093114602,2.1256330164452777,1,1,1.7473151476315072,-0.34161961578570493,1,0,0,1,0,0,0,0,0,1,0
0,0,1,1,-0.10115743583158582,1,1,0,0,1,0,1,1,1,1.1654069106480704,0.32769401644319524,0.5079352703082123,1,0,1.2110369903676939,-0.569648216150283,1,0,0,0,0,1,0,0,1,0,1
0,0,1,0,1.6084834273893616,0,0,0,1,1,0,1,1,1,-0.3560579937394271,0.7187862582974511,1.0471678523539008,1,0,-0.33919907205162114,-0.18420184080358865,0,0,0,1,0,1,0,0,0,1,1
0,0,0,1,-0.9559778674420595,1,0,1,0,1,1,0,1,0,0.9314630158622067,-0.6270660071747514,1.0471678523539008,1,1,1.0507610806145549,-1.4186886025054006,1,0,0,0,0,0,0,0,0,0,0
0,0,0,0,-0.9966836022806536,1,1,0,0,1,0,1,1,1,1.152133498177951,-0.6488957379413274,0.5079352703082123,0,0,1.2449248949014602,-1.1177507168859493,1,0,0,0,0,1,0,0,0,0,1
0,0,1,1,1.0793088744876398,1,1,0,1,1,0,1,1,1,1.3678264508173998,1.7362272274431443,1.0471678523539008,1,0,1.3598996274782358,0.0465274725604534,1,0,1,0,0,1,0,0,0,1,0
0,0,0,0,-0.4268033145403377,1,0,0,1,0,0,0,1,1,0.642766294637098,-0.19468376200120266,-0.031297311737476054,0,0,0.6422295530436178,-0.015218876611502818,1,0,0,0,0,0,1,1,0,0,1
1,1,0,0,1.2014260790034217,1,1,0,1,1,1,1,1,1,1.520470694223779,2.0860075265502016,1.5864004343995892,0,1,1.6155535597129393,-1.1567021111227216,1,0,1,0,0,0,0,0,0,1,0
0,1,1,0,-1.2816237461508113,1,0,0,0,0,0,0,0,0,-0.6281629493768859,-0.9887374762069184,-1.109762475828853,1,0,-0.6266304510948042,0.0031493650749470433,0,0,0,0,0,1,0,0,0,0,1
0,0,0,0,-1.2816237461508113,1,0,0,1,0,0,0,0,1,0.3242043953542197,-0.9761442445888133,-0.5705298937831644,0,0,0.32300293551457115,0.0031493650749470433,1,0,0,0,0,1,0,0,0,0,1
0,0,1,1,1.5677776925507676,1,0,0,0,0,0,0,0,0,-1.4959122896109767,-0.4269345458152471,-1.109762475828853,1,1,-1.5305694010564643,0.4530542519890724,0,1,0,1,0,0,0,0,0,1,0
0,0,0,0,-0.38609757970174374,1,1,0,0,0,0,0,0,0,-1.3316538102932427,-0.7389132106400828,-1.109762475828853,0,1,-1.2634358117714288,-0.7489978069219534,0,1,1,0,1,0,0,1,0,0,0
0,0,0,0,1.4049547531963917,1,1,1,0,1,1,1,1,1,0.6742906492536329,1.4984038289409487,1.5864004343995892,0,0,0.6732941420890314,-0.010923815122627266,0,0,0,1,0,0,1,0,0,1,0
1,0,0,0,-0.2639803751859618,1,0,0,0,0,0,0,0,0,-1.497571466169742,-0.8082637422512857,-1.109762475828853,0,1,-1.5667191440569397,0.8542785128167988,0,1,1,0,1,0,0,0,1,0,0
1,0,1,1,1.2014260790034217,1,1,0,0,1,0,1,0,1,0.8020472442785371,1.3656483506810977,-0.031297311737476054,1,1,0.739408156320441,0.7017915039352486,1,0,0,1,1,0,0,0,0,1,0
0,0,0,0,-1.2409180113122174,1,0,0,0,0,0,0,0,0,-1.4793205240233267,-0.9890446281976039,-1.109762475828853,0,0,-1.3992415861933727,-0.882024948576577,0,1,0,0,0,0,1,0,0,0,0
1,1,0,0,-1.2816237461508113,1,0,0,0,0,0,0,0,0,-0.6945300117274855,-0.9896150533231627,-1.109762475828853,0,0,-0.6928069937156666,0.0031493650749470433,0,0,0,0,0,1,0,0,0,0,0
0,0,0,0,-1.2409180113122174,1,0,0,0,0,0,0,0,0,-1.4760021709057967,-0.9936519080578863,-1.109762475828853,0,0,-1.5729550105731362,1.1769674766563174,0,1,1,0,0,0,1,0,0,0,0
1,1,1,0,1.5677776925507676,0,0,0,1,1,0,1,1,1,-0.41910670297249697,0.6431391108771958,1.0471678523539008,1,1,-0.3940571863416959,-0.2773636216456081,0,0,0,0,0,0,0,0,0,1,0
1,0,1,1,-0.7931549280876836,1,0,0,0,1,0,1,1,1,1.0525829046520514,-0.49867647506821566,0.5079352703082123,1,0,0.8110549373434308,2.774129825201467,1,0,0,0,0,0,1,1,0,0,1
0,0,1,1,1.5677776925507676,1,1,1,1,1,1,0,0,1,1.0028076078891015,1.9620497588806993,1.0471678523539008,1,1,1.0067417700652632,-0.07924285517920787,1,0,1,0,1,0,0,0,0,1,0
0,0,0,0,1.6084834273893616,1,1,0,1,1,1,1,1,1,1.4308751600504692,2.4165250079556975,1.5864004343995892,0,1,1.4389048854588635,-0.141172533889981,1,0,0,1,1,0,0,0,0,1,0
1,0,1,0,0.14307697319997809,1,0,1,0,0,0,1,1,1,0.9513731345673865,0.46806247618646524,0.5079352703082123,1,0,0.9451083920830534,0.04110067924719911,1,0,0,0,0,1,0,0,1,0,0
1,1,1,0,-0.5489205190561197,1,0,1,0,1,0,1,0,0,0.04878108659923111,-0.444617724707569,0.5079352703082123,1,1,0.09094966435062583,-0.4921026250573096,0,0,0,0,0,0,0,1,0,0,0
1,0,1,0,0.8757802002946699,1,0,1,1,0,0,1,1,1,0.3192268656779245,0.8302385520604726,1.0471678523539008,1,1,0.41960230536807974,-1.1781521042305296,0,0,0,1,0,0,0,0,0,1,0
0,1,1,0,1.4049547531963917,1,1,1,1,1,1,0,1,1,1.342938802435925,2.0782190296435337,1.5864004343995892,1,1,1.3258738690980434,0.15364623086125348,1,0,1,0,1,0,0,0,0,1,0
0,0,1,1,1.1200146093262338,1,1,1,1,0,0,1,0,0,0.9696240767138018,1.541229592213669,0.5079352703082123,1,1,1.0563493219914277,-1.0410997527690224,1,0,1,0,0,0,0,0,0,1,0
1,0,1,1,1.0386031396490458,0,0,1,1,1,0,1,0,0,-0.4954288246756865,0.2722750215523699,1.0471678523539008,1,0,-0.4829531902408025,-0.12856510363556836,0,0,1,0,0,0,1,0,0,1,0
0,0,1,1,-0.10115743583158582,1,0,0,0,0,0,0,0,0,-1.5008898192872717,-0.745977706425849,-1.109762475828853,1,0,-1.487752711948776,-0.10268669416599699,0,1,0,1,0,0,1,0,1,0,0
0,0,0,0,1.6084834273893616,1,1,1,1,0,0,0,0,0,-0.17188939571651304,0.8625114505103555,-0.031297311737476054,0,1,-0.18867041555534675,0.20092381921206193,0,0,0,1,0,0,0,0,0,1,0
0,0,1,1,1.3235432835192036,1,1,1,0,1,0,1,1,1,1.3064369181430948,1.9420629400582365,1.0471678523539008,1,1,1.2748252385337133,0.3240620593887438,1,0,0,1,1,0,0,0,0,1,0
0,1,1,0,0.631545791263106,1,0,0,1,0,0,0,1,1,-0.19843622065675282,0.21516669071277442,-0.031297311737476054,1,1,-0.2256419631515162,0.32306290778052704,0,0,1,0,0,0,0,0,1,0,0
0,1,0,0,-1.1595065416350294,1,1,0,0,0,0,0,0,1,0.33084110158927976,-0.8677415313047406,-1.109762475828853,0,0,0.51284689215817,-2.1280040096404074,1,0,0,0,0,1,0,0,0,0,1
0,0,1,1,-1.1188008067964355,1,0,0,0,0,0,1,0,1,0.5282831120823135,-0.8526691443332455,-0.5705298937831644,1,0,0.20785575135427048,3.7093357304941565,1,0,0,0,0,1,0,0,0,0,0
1,0,1,0,1.1607203441648277,0,0,1,0,1,1,1,1,1,-0.09224892089579345,0.649194392979281,1.5864004343995892,1,0,-0.09892676676114878,0.08075195992821763,0,0,0,1,0,0,1,0,0,1,0
1,0,0,0,-0.9559778674420595,1,0,0,0,0,1,1,0,0,0.7074741804289328,-0.670835165847434,-0.031297311737476054,0,0,0.684032740257276,0.24903111886703613,1,0,0,0,0,1,0,0,0,0,0
0,1,0,0,-1.2816237461508113,1,1,0,0,0,0,1,0,1,0.689223238282518,-0.9713175704494699,-0.5705298937831644,0,0,0.6869739199293143,0.0031493650749470433,1,0,0,0,0,1,0,0,0,0,1
1,0,1,1,-0.38609757970174374,1,0,0,1,1,1,0,0,0,0.7257251225753476,-0.1573209162771032,0.5079352703082123,1,0,0.6433837190290502,0.933502707967667,1,0,1,0,0,0,1,1,0,0,0
0,0,0,0,-1.2816237461508113,1,0,0,0,0,0,0,0,0,-1.5025489958460367,-1.0002995547134366,-1.109762475828853,0,0,-1.4985064001246662,0.0031493650749470433,0,1,0,0,0,0,1,0,0,0,0
0,0,0,0,-0.1825689055087738,0,0,0,0,1,0,0,0,1,-1.1673953309755083,-0.6619716369733669,-0.5705298937831644,0,0,-1.2143017840475696,0.5845604437622053,0,0,0,0,0,0,1,0,1,0,0
1,0,0,0,-0.8338606629262776,1,0,0,0,1,0,1,1,0,1.0210585500355165,-0.4893960970639325,0.5079352703082123,0,0,1.1160185045879054,-1.1385972134031077,1,0,1,0,0,1,0,0,0,0,0
1,0,1,0,1.6084834273893616,1,0,0,0,0,0,0,0,0,-1.5141632317573919,-0.43639043924277904,-1.109762475828853,1,1,-1.549057925737825,0.45642703293514936,0,1,0,1,1,0,0,0,0,1,0
0,0,1,1,-1.2816237461508113,1,0,0,1,0,0,0,0,1,0.3242043953542197,-0.9761442445888133,-0.5705298937831644,1,0,0.32300293551457115,0.0031493650749470433,1,0,0,0,0,1,0,0,0,0,1
1,0,0,0,1.5677776925507676,1,1,1,1,1,1,1,1,1,1.704639292246693,2.637213713263223,2.1256330164452777,0,1,1.7238251935210442,-0.280073892048703,1,0,1,0,0,0,0,0,0,1,0
0,0,0,0,-0.4268033145403377,1,1,1,0,0,1,0,0,1,-0.19511786753922303,-0.45890029227444434,-0.031297311737476054,0,0,-0.26341147284620725,0.8008558611719727,0,0,0,0,0,0,1,1,0,0,0
1,0,1,1,-0.06045170099299184,1,0,0,0,0,0,0,0,1,-1.469365464670737,-0.7008702426508939,-1.109762475828853,1,0,-1.3993483225524386,-0.7653259507038662,0,1,0,0,0,1,0,0,1,0,0
0,0,1,0,0.5501343215859179,1,0,0,1,0,1,1,0,1,-0.024222681986428636,0.31161241578801907,0.5079352703082123,1,1,0.016073253598027946,-0.46788384719897474,0,0,0,1,1,0,0,0,1,0,0
0,0,1,0,-0.6710377235719016,1,1,0,0,0,0,1,0,1,0.6643355899010431,-0.4041614196487084,-0.5705298937831644,1,0,0.7015534394754729,-0.455072664138681,1,0,0,0,0,1,0,1,0,0,1
1,1,0,0,0.26519417771576004,1,1,0,0,0,0,1,1,1,1.0193993734767515,0.640506379528463,-0.031297311737476054,0,1,1.0405517934837294,-0.2800669426374108,1,0,0,0,0,0,0,0,1,0,1
1,0,0,0,0.8757802002946699,0,0,1,1,0,0,0,1,0,-0.6215262431418258,0.058190084044581765,0.5079352703082123,0,1,-0.65852386816347,0.4510817774179326,0,0,0,1,0,0,0,0,0,1,0
0,0,1,0,-0.7524491932490895,1,1,1,0,0,0,1,0,1,-0.007630916398778715,-0.5960217166876105,-0.031297311737476054,1,1,0.07531359027648593,-0.9644946051279589,0,0,0,0,0,0,0,1,0,0,1
1,0,0,1,0.6722515261016999,1,1,1,1,1,0,1,1,1,1.4690362209020642,1.3124671774366954,1.5864004343995892,1,1,1.4237957003451713,0.47715353392028503,1,0,1,0,1,0,0,0,0,1,0
0,0,0,0,-0.7117434584104956,1,1,0,0,0,0,0,0,0,-1.3233579274994176,-0.8469648930776578,-1.109762475828853,0,1,-1.3344988686626287,0.17376992118458817,0,1,0,1,0,0,0,1,0,0,0
1,0,0,1,0.7943687306174818,1,0,0,0,0,0,0,0,0,-1.5025489958460367,-0.6015504525199493,-1.109762475828853,1,1,-1.5579380259014792,0.6944142555018068,0,1,1,0,1,0,0,0,0,1,0
0,0,1,1,-1.0780950719578415,1,0,0,0,0,0,0,0,0,-1.4876164068171518,-0.9648893180729806,-1.109762475828853,1,0,-1.5952895937076776,1.3020464557592515,0,1,0,1,0,0,1,0,0,0,0
0,0,1,0,-1.2002122764736234,1,1,0,0,0,0,1,1,1,1.0044667844478665,-0.8804225206344702,-0.031297311737476054,1,0,1.0812758197119527,-0.9269250949212224,1,0,0,0,0,1,0,0,0,0,1
1,1,1,0,-1.0780950719578415,1,0,0,1,0,0,0,1,1,0.6394479415195682,-0.7811246699314318,-0.031297311737476054,1,0,0.7142717437604197,-0.8916464085075685,1,0,0,0,0,1,0,0,0,0,1
1,0,0,0,-1.2816237461508113,1,0,0,0,0,0,0,1,0,0.4868036981131887,-0.9739941806540149,-0.5705298937831644,0,0,0.4851354649356837,0.0031493650749470433,1,0,0,0,0,1,0,0,0,0,1
0,0,0,0,-0.7524491932490895,1,0,1,0,0,1,0,0,0,-0.3062826969764773,-0.6600190278897234,-0.031297311737476054,0,0,-0.26939529333968454,-0.4188203776129681,0,0,1,0,0,0,1,1,0,0,0
1,0,1,1,0.590840056424512,1,0,0,0,0,0,0,0,0,-1.4892755833759168,-0.591392497399422,-1.109762475828853,1,0,-1.47879423849292,-0.0721846190656083,0,1,1,0,0,0,1,0,1,0,0
1,1,1,0,-1.2002122764736234,0,0,0,0,0,0,1,0,1,-0.9450656721009992,-0.9678072619844929,-0.5705298937831644,1,0,-1.1152339241121714,2.0108273373425374,0,0,0,0,0,0,1,0,0,0,1
1,0,0,0,-1.2816237461508113,1,0,0,0,0,1,0,0,0,-0.5286123558509863,-0.9874211105325521,-0.5705298937831644,0,1,-0.5273656371635106,0.0031493650749470433,0,0,0,0,1,0,0,0,0,0,0
0,0,1,0,1.5677776925507676,1,1,0,0,0,0,0,0,0,-1.3233579274994176,-0.1867636285270982,-1.109762475828853,1,1,-1.275486791172457,-0.5126150926344382,0,1,0,1,1,0,0,0,0,1,0
0,0,0,0,-1.2409180113122174,1,0,0,0,0,0,0,0,1,0.1582867394777205,-0.9495975368224244,-1.109762475828853,0,0,0.0880762092105094,0.8113519992785166,1,0,0,0,0,1,0,0,0,0,0
1,0,0,0,-0.7931549280876836,1,0,0,0,0,0,0,0,1,-1.4925939364934466,-0.8961530904431487,-1.109762475828853,0,0,-1.494561260083807,0.07271992149906298,0,1,1,0,0,0,1,1,0,0,0
0,0,1,1,0.8757802002946699,1,1,0,1,1,1,1,1,1,0.7058150038701679,0.9761796264918938,1.5864004343995892,1,0,0.623401546809736,0.9350055769101855,0,0,0,0,0,1,0,0,0,1,0
0,0,0,0,-1.1188008067964355,1,0,1,0,1,0,0,0,0,-0.3029643438589475,-0.8771096670206481,-0.031297311737476054,0,1,-0.16074759104393305,-1.6440445751113695,0,0,0,0,1,0,0,0,0,0,0
0,0,0,0,-0.4268033145403377,0,0,0,1,0,0,1,1,1,-0.48381458876433153,-0.526758942788032,0.5079352703082123,0,0,-0.49600698003521565,0.15796740214641083,0,0,0,0,0,1,0,1,0,0,0
1,1,1,0,-0.7931549280876836,1,0,0,1,1,0,1,1,1,1.097380671738706,-0.4657673332090558,1.0471678523539008,1,0,1.0019488102882264,1.0733517543225293,1,0,0,0,0,1,0,1,0,0,1
1,1,0,0,-1.1595065416350294,1,0,0,0,0,0,0,0,1,0.18981109409425545,-0.8799837320763482,-1.109762475828853,0,0,0.28205619976791263,-1.0792648771619722,1,0,0,0,0,1,0,0,0,0,0
1,0,1,0,0.631545791263106,1,1,1,1,1,0,1,1,1,1.543699166046489,1.3232833153944064,1.5864004343995892,1,1,1.515214711168545,0.2797663380910486,1,0,0,0,0,0,0,0,1,0,0
1,0,1,1,-0.1418631706701798,1,0,0,0,0,0,0,0,1,-1.469365464670737,-0.7215810625942586,-1.109762475828853,1,0,-1.4015235359389193,-0.7400254709743103,0,1,0,0,0,0,1,0,1,0,0
0,0,1,1,-0.7931549280876836,1,0,0,0,0,0,0,0,0,-1.5307549973450416,-0.8986761246523509,-1.109762475828853,1,0,-1.5091964570095746,-0.19964140577832837,0,1,0,0,0,0,1,1,0,0,0
1,0,0,0,-1.2816237461508113,1,1,0,1,0,1,0,0,0,-0.16027515980515805,-0.9825505575373965,-0.031297311737476054,0,0,-0.1600858256177243,0.0031493650749470433,0,0,0,0,0,0,1,0,0,0,1
0,0,1,1,1.5677776925507676,1,1,1,1,1,1,1,1,0,0.8285940692187774,1.7741824377207087,2.1256330164452777,1,1,0.8072101734235572,0.22105510548395813,0,0,0,1,0,0,0,0,0,1,0
1,0,1,0,1.6084834273893616,1,1,1,1,0,1,1,1,1,1.4939238692835393,2.4366215239176907,1.5864004343995892,1,1,1.459952702486887,0.34524571817698996,1,0,0,1,1,0,0,0,0,1,0
1,0,0,0,1.2828375486806096,1,1,0,1,1,1,1,1,0,0.7174292397815226,1.462576743170277,1.5864004343995892,0,1,0.76336129627488,-0.5582026877740353,0,0,0,1,1,0,0,0,0,1,0
1,0,0,0,0.5501343215859179,0,0,1,0,1,1,1,1,1,-0.1387058645412132,0.2606690641900396,1.5864004343995892,0,1,-0.06743866594851707,-0.8242961889906085,0,0,0,1,0,0,0,0,1,0,0
0,0,1,1,0.387311382231542,1,0,0,0,1,1,1,1,1,1.1770211465594258,0.8794706282817757,1.0471678523539008,1,0,1.2417933263667225,-0.7926828206459036,1,0,0,1,0,1,0,0,1,0,0
1,1,0,0,-0.4675090493789317,1,1,0,1,1,0,1,1,1,1.3080960947018598,-0.012059964110771494,1.0471678523539008,0,0,1.4309085532255086,-1.472141157677593,1,0,0,0,0,1,0,1,0,0,0
0,0,0,0,-0.30468611002455576,1,1,0,0,0,0,1,0,1,0.6527213539896879,-0.09270930109361919,-0.5705298937831644,0,0,0.6149076650151952,0.4180267172994401,1,0,0,0,0,0,1,0,1,0,0
1,0,1,1,-0.3453918448631497,1,0,0,0,0,0,0,0,0,-1.4826388771408567,-0.815964481446329,-1.109762475828853,1,0,-1.5424172935095506,0.744803568089132,0,1,1,0,0,0,1,1,0,0,0
0,0,1,1,0.346605647392948,0,0,1,0,1,0,0,0,0,-0.9799083798350643,-0.38917679038883757,-0.031297311737476054,1,1,-1.0088403362806628,0.3692341819615778,0,0,1,0,1,0,0,0,1,0,0
1,0,0,0,0.9571916699718578,1,1,1,1,0,1,0,0,1,-0.009290092957543614,0.5994796493440437,0.5079352703082123,0,1,0.017143227588772632,-0.3071427176996332,0,0,1,0,0,0,0,0,0,1,0
1,0,0,0,-1.2816237461508113,0,0,0,0,0,0,0,0,0,-1.3449272227633626,-0.9982153090623564,-1.109762475828853,0,0,-1.341337111400118,0.0031493650749470433,0,0,0,0,0,0,1,0,0,0,0
1,0,0,0,-1.2816237461508113,0,0,0,0,0,0,0,0,1,-1.3499047524396575,-0.9982811273460749,-1.109762475828853,0,0,-1.3463003520966825,0.0031493650749470433,0,0,0,0,0,1,0,0,0,0,1
0,0,0,0,-0.06045170099299184,1,0,0,0,0,0,0,0,0,-1.459410405318147,-0.70911946754359,-1.109762475828853,0,0,-1.419414758056829,-0.4164704357865051,0,1,1,0,0,0,1,0,1,0,0
1,0,1,1,1.0386031396490458,1,1,0,0,1,1,0,1,0,0.9762607829488613,1.4323442115156617,0.5079352703082123,1,1,1.025301494078473,-0.6030026105777289,1,0,0,1,0,0,0,0,0,1,0
1,0,0,0,-1.0780950719578415,1,0,1,0,0,0,0,1,1,-0.191799514421693,-0.8611816423608147,-0.031297311737476054,0,1,-0.29188743967094194,1.1705531700356533,0,0,0,0,0,0,0,0,0,0,0
1,0,1,1,-0.6303319887333076,1,0,1,0,1,0,1,0,1,0.8120023036311275,-0.33342870407942077,0.5079352703082123,1,0,0.8476466726749671,-0.4417016646757556,1,0,0,0,0,1,0,1,0,0,1
0,1,0,0,0.5094285867473239,1,1,1,1,0,1,1,0,1,1.065856317122171,0.9151880169129175,1.0471678523539008,0,0,1.0756140488432788,-0.14908351205546208,1,0,0,0,0,1,0,0,1,0,0
0,1,0,0,1.0793088744876398,1,1,0,1,0,0,0,0,1,0.473530285643069,1.0052713078953912,-0.5705298937831644,0,1,0.42566069930057854,0.5409726676583521,1,0,0,1,1,0,0,0,0,1,0
0,1,0,0,-1.2409180113122174,1,0,0,0,0,0,0,0,1,0.17985603474166512,-0.947908200873654,-1.109762475828853,0,0,0.15177113148308982,0.3206575427977723,1,0,0,0,0,1,0,0,0,0,1
1,0,1,0,-1.1595065416350294,1,1,0,0,1,0,1,0,0,0.02223426165899086,-0.8991807314941914,-0.031297311737476054,1,0,-0.07984676768992875,1.1865889365873104,0,0,0,0,0,1,0,0,0,0,0
0,0,0,0,-0.5896262538947137,1,1,0,0,0,0,0,0,1,0.30595345320780487,-0.4184220477876777,-1.109762475828853,0,0,0.3251169084038485,-0.233110928786145,1,0,0,0,0,1,0,1,0,0,0
0,1,0,0,-0.5896262538947137,1,0,0,0,0,0,0,0,0,-1.4793205240233267,-0.8467454987985966,-1.109762475828853,0,1,-1.4692784271337853,-0.06740800775234852,0,1,1,0,0,0,0,1,0,0,0
0,0,0,0,-1.2816237461508113,0,0,0,0,1,1,0,0,0,-0.9633166142474143,-0.993169240643952,-0.031297311737476054,0,0,-0.9608219913301593,0.0031493650749470433,0,0,0,0,0,0,1,0,0,0,0
1,0,1,0,0.387311382231542,1,1,1,0,1,0,0,1,1,0.9779199595076267,0.7526387955565736,0.5079352703082123,1,0,1.0140751163124342,-0.4531827345093786,1,0,0,0,0,1,0,0,1,0,0
1,0,0,0,-0.5082147842175256,1,1,0,0,0,0,1,0,1,0.6742906492536329,-0.24784299581769897,-0.5705298937831644,0,0,0.720889398022506,-0.5645167708537462,1,0,0,0,0,1,0,1,0,0,1
0,0,1,0,1.4863662228735797,1,1,0,1,1,0,0,0,1,0.6792681789299281,1.5665038131615037,-0.031297311737476054,1,1,0.6659221067332571,0.13255102907441743,1,0,0,0,0,0,0,0,0,1,0
0,0,1,0,-1.2816237461508113,1,0,0,0,0,0,1,0,1,-0.3195561094465974,-0.9846567426163826,-0.5705298937831644,1,0,-0.3189095279077942,0.0031493650749470433,0,0,0,0,0,0,1,0,0,0,0
1,0,0,0,-0.5082147842175256,1,0,0,0,0,0,0,0,0,-1.5108448786398618,-0.8266489828366029,-1.109762475828853,0,0,-1.4614475362569832,-0.5241066391435705,0,1,0,0,0,0,1,1,0,0,0
0,0,1,0,1.0386031396490458,1,1,1,1,1,0,1,1,1,1.4773321036958893,1.6872364849288084,1.5864004343995892,1,1,1.356697645875533,1.3538032746983955,1,0,0,1,0,0,0,0,0,1,1
0,0,1,0,1.6084834273893616,1,1,1,1,1,1,0,0,1,0.9729424298313315,1.9966701761165355,1.0471678523539008,1,1,0.9991755465229454,-0.3376106741477886,1,0,0,1,0,0,0,0,0,1,0
0,0,1,1,-0.5489205190561197,1,0,0,0,1,0,0,0,1,-0.5087022371458064,-0.5864122472647358,-0.5705298937831644,1,1,-0.47181217112126045,-0.4120925898416704,0,0,0,0,0,0,0,1,0,0,0
0,0,0,0,-0.6710377235719016,1,1,0,0,1,0,0,1,1,0.008960849188871207,-0.5511117077638104,-0.031297311737476054,0,1,0.008974560609009837,-0.00045868239917273916,0,0,0,0,1,0,0,1,0,0,1
0,0,0,0,-0.8338606629262776,1,1,0,0,0,0,1,1,1,0.9712832532725666,-0.5499050392289745,-0.031297311737476054,0,0,0.7357791201122001,2.7067796056844986,1,0,0,0,0,1,0,0,0,0,1
1,0,1,1,-1.2816237461508113,1,0,0,0,0,0,1,1,1,0.8352307754538371,-0.9693869007937325,-0.031297311737476054,1,0,0.8325623136952113,0.0031493650749470433,1,0,0,0,0,1,0,0,0,0,0
0,0,0,0,-1.2816237461508113,1,0,0,1,1,0,0,0,1,0.5763992322864984,-0.972809451547085,-0.031297311737476054,0,0,0.5744737974738481,0.0031493650749470433,1,0,0,0,0,1,0,0,0,0,1
1,1,0,0,1.6084834273893616,1,1,0,0,0,0,0,0,0,-1.3117436915880627,-0.21499967224225744,-1.109762475828853,0,1,-1.3171872689367408,0.10711458488486282,0,1,0,1,0,0,0,0,0,1,0
0,0,0,1,-0.2639803751859618,1,1,0,0,0,0,0,0,1,-0.5120205902633365,-0.45356901129326044,-1.109762475828853,1,0,-0.5379920627574374,0.31917731819300627,0,0,0,0,0,0,1,0,1,0,0
0,0,1,1,-1.1595065416350294,1,0,0,0,1,0,0,0,1,0.2926800407376848,-0.8661180136396888,-0.5705298937831644,1,0,0.5434535431203188,-2.9265851839129797,1,0,0,0,0,1,0,0,0,0,1
1,0,1,1,-0.3453918448631497,1,1,1,0,1,1,1,1,1,0.659358060224748,-0.13551312493843323,1.5864004343995892,1,0,0.595567570434248,0.7199481299340613,0,0,1,0,0,0,1,1,0,0,0
0,0,0,0,0.7129572609402939,1,0,0,0,0,0,0,0,1,-1.5125040551986266,-0.5556531693403745,-1.109762475828853,0,0,-1.4650872461011308,-0.501015135309182,0,1,1,0,0,0,1,0,0,1,0
1,0,0,0,0.7536629957788878,1,0,1,0,0,0,1,0,0,0.7107925335464625,0.863454845910318,-0.031297311737476054,0,0,0.6197917533764677,1.0347207945392587,1,0,1,0,0,0,1,0,0,1,0
1,0,1,1,1.6084834273893616,1,1,1,1,1,1,0,1,0,1.2948226822317401,2.2897589935142135,1.5864004343995892,1,1,1.3061381968257577,-0.17484764364845418,1,0,0,1,1,0,0,0,0,1,0
0,0,1,1,1.5270719577121736,0,0,0,1,1,1,1,1,1,-0.21668716280316785,0.7958814079595097,1.5864004343995892,1,1,-0.20444774365320975,-0.1351247590762062,0,0,1,0,0,0,0,0,0,1,0
0,0,1,0,1.5270719577121736,1,1,0,0,1,1,1,1,1,1.3064369181430948,2.1453098001804074,1.0471678523539008,1,1,1.2492381874115697,0.621671789210331,1,0,0,1,0,0,0,0,0,1,0
0,1,0,0,-0.7117434584104956,1,0,0,0,0,0,1,1,1,0.881687719099257,-0.3944861319421154,-0.031297311737476054,0,0,0.940209489691814,-0.7101215311428003,1,0,0,0,0,1,0,1,0,0,0
0,0,0,0,0.590840056424512,1,1,1,0,1,0,1,0,0,0.9945117250952766,1.0161971429926322,0.5079352703082123,0,1,1.1004717104438195,-1.2656550743358144,1,0,1,0,1,0,0,0,1,0,0
1,0,0,0,1.2421318138420157,1,0,1,1,1,1,1,1,1,0.7224067694578178,1.320826099468922,2.1256330164452777,0,1,0.6399150451767007,0.9353619272780059,0,0,0,1,0,0,0,0,0,1,0
0,0,0,0,1.2828375486806096,1,1,1,1,1,1,1,1,1,1.664819054836333,2.2091754748150843,2.1256330164452777,0,1,1.6430440093170469,0.19768325805474563,1,0,0,1,0,0,0,0,0,1,0
0,1,0,0,1.0793088744876398,1,1,1,1,1,0,0,0,1,0.8236165395424823,1.4030550752610096,0.5079352703082123,0,0,0.9340704002577206,-1.3122183604064819,1,0,0,0,0,1,0,0,0,1,0
0,0,0,1,-1.2816237461508113,1,1,0,0,0,0,0,0,0,-1.3582006352334823,-0.9983908244856053,-1.109762475828853,1,0,-1.3545724199242903,0.0031493650749470433,0,1,0,0,0,0,1,0,0,0,0
1,0,0,0,0.30589991255435406,1,1,0,0,0,0,1,0,1,0.6626764133422782,0.4693788418608316,-0.5705298937831644,0,0,0.6382100800855665,0.26244771021525726,1,0,0,0,0,1,0,0,1,0,0
1,0,1,0,0.9164859351332638,1,1,0,0,0,0,0,0,0,-1.3017886322354726,-0.37546464794752094,-1.109762475828853,1,1,-1.280183969969112,-0.2078230108665043,0,1,0,1,0,0,0,0,0,1,0
1,0,0,0,0.7129572609402939,1,0,0,0,0,0,0,0,0,-1.4859572302583868,-0.5749379264698421,-1.109762475828853,0,1,-1.4941718365829997,0.14516211365643075,0,1,1,0,1,0,0,0,0,1,0
0,1,1,1,1.3235432835192036,1,1,0,1,1,0,1,1,1,1.4109650413452897,2.083440613485187,1.0471678523539008,1,0,1.4388412541678814,-0.37134745993146506,1,0,1,0,0,1,0,0,0,1,0
1,0,0,0,1.4456604880349857,1,1,0,0,0,0,0,0,0,-1.3399496930870676,-0.2816735936489153,-1.109762475828853,0,0,-1.3422129774053941,0.07106555282314565,0,1,0,1,0,0,1,0,0,1,0
0,0,0,0,-1.2409180113122174,1,0,1,0,0,0,1,1,1,0.19312944721178524,-0.9444637106923953,0.5079352703082123,0,0,0.28164259637653216,-1.0359683074724966,0,0,0,0,0,1,0,0,0,0,1
1,1,1,0,1.2421318138420157,1,0,1,1,1,1,1,1,1,0.6328112352845081,1.329623810059271,2.1256330164452777,1,1,0.6504455188239099,-0.22623845740687,0,0,1,0,0,0,0,0,0,1,0
0,0,1,1,1.4049547531963917,1,1,0,0,1,1,1,1,1,1.3512346852297499,1.9388159047281321,1.0471678523539008,1,1,1.1689762005111175,2.0747789317097514,1,0,0,1,0,0,0,0,0,1,0
0,1,0,0,1.1200146093262338,1,1,0,0,1,1,1,1,1,1.3628489211411048,1.8174908684073627,1.0471678523539008,0,0,1.403555582275552,-0.5189751938470349,1,0,1,0,0,1,0,0,0,1,1
1,1,0,0,1.4049547531963917,1,1,1,1,0,1,0,0,1,-0.01260844607507388,0.8559735009943359,0.5079352703082123,0,1,-0.049758664263241735,0.4325249649805352,0,0,0,1,0,0,0,0,0,1,0
0,0,1,0,1.2014260790034217,1,1,1,1,1,1,1,1,0,1.6266579939847385,2.014945719562322,2.1256330164452777,1,0,1.5291237929593207,1.080132137995987,1,0,0,1,0,0,1,0,0,1,0
1,0,0,0,1.0793088744876398,1,0,0,0,1,0,0,1,1,-0.11879574583603324,0.5906819387536949,-0.031297311737476054,0,1,-0.10422833710045407,-0.16547079710553825,0,0,1,0,0,0,0,0,0,1,0
1,0,0,0,-0.06045170099299184,0,0,0,0,1,0,1,1,1,-0.4937696481169216,-0.34047126043728093,0.5079352703082123,0,0,-0.5226692373646105,0.35262561934269165,0,0,1,0,0,1,0,0,1,0,0
0,1,1,0,1.4863662228735797,1,1,0,1,0,1,1,1,0,1.342938802435925,2.0621374289883576,1.0471678523539008,1,1,1.2075866988882944,1.5294754578962448,1,0,0,1,1,0,0,0,0,1,0
0,0,0,0,-1.1595065416350294,1,0,0,0,0,0,1,0,0,-0.3129194032115374,-0.9091631711914699,-0.5705298937831644,0,1,-0.26803631076800616,-0.5115987412332763,0,0,0,0,1,0,0,0,0,0,0
0,0,0,0,-1.2816237461508113,1,0,0,1,0,0,1,0,0,0.642766294637098,-0.9719318744308407,-0.031297311737476054,0,0,0.6406503400947104,0.0031493650749470433,1,0,0,0,0,1,0,0,0,0,1
0,0,0,0,-0.1825689055087738,1,0,1,1,0,0,0,0,0,-0.29466846106512257,-0.34080035185587254,-0.031297311737476054,0,0,-0.34933892027363705,0.6457254390378153,0,0,0,0,0,1,0,0,1,0,0
0,0,1,0,1.4456604880349857,1,1,1,1,0,0,0,0,1,0.6560397071072182,1.4970216449828642,-0.031297311737476054,1,1,0.6302615960876854,0.2779269413395366,1,0,0,1,0,0,0,0,0,1,0
1,0,0,0,-0.8338606629262776,1,0,0,0,0,0,0,0,0,-1.4760021709057967,-0.8968770915640503,-1.109762475828853,0,0,-1.4446000914480885,-0.31596238930304804,0,1,0,0,0,0,1,0,0,0,0
0,1,1,0,1.3235432835192036,1,0,0,1,1,1,1,1,1,1.3578713914648095,1.9421506977698606,1.5864004343995892,1,1,1.2749270485992836,0.9194083954266097,1,0,0,1,1,0,0,0,0,1,0
0,0,0,0,-1.2002122764736234,1,0,0,1,0,1,1,1,1,1.0940623186211762,-0.8705717175046284,1.0471678523539008,0,0,1.3288863833516795,-2.767831095051567,1,0,0,0,0,1,0,0,0,0,1
1,0,1,1,-0.8745663977648716,1,0,0,0,0,0,1,0,1,0.48348534499565887,-0.627833887151465,-0.5705298937831644,1,1,0.4637784898171328,0.213072127205744,1,0,0,0,0,0,0,0,0,0,1
1,0,1,1,0.590840056424512,1,1,0,1,0,0,0,0,0,-0.3543988171806622,0.10481136834505826,-0.5705298937831644,1,0,-0.3617834794568423,0.09772626907749371,0,0,0,0,0,1,0,0,1,0,0
1,0,0,0,-0.30468611002455576,1,1,0,0,0,0,0,0,0,-1.3150620447055927,-0.7121471085946327,-1.109762475828853,0,1,-1.2535208393422335,-0.6718922636836513,0,1,1,0,0,0,0,0,1,0,1
1,0,0,0,-1.2816237461508113,1,1,0,0,0,0,0,0,1,-0.5020655309107466,-0.9870700796860543,-1.109762475828853,0,1,-0.5008950201151657,0.0031493650749470433,0,0,0,0,1,0,0,0,0,0,0
1,0,0,0,1.2421318138420157,1,1,0,1,1,0,1,1,1,1.32136950717198,1.8592196602847777,1.0471678523539008,0,1,1.2843485197465274,0.38648054645267815,1,0,0,1,0,0,0,0,0,1,0
0,1,1,0,-0.4268033145403377,1,1,0,0,0,0,0,0,0,-1.3051069853530026,-0.7681145891831106,-1.109762475828853,1,1,-1.3232889634126104,0.25505667963190476,0,1,1,0,0,0,0,1,0,0,0
1,0,1,0,1.1200146093262338,0,0,0,1,1,1,1,1,1,-0.15695680668762801,0.5629943807361883,1.5864004343995892,1,1,-0.17310054566649383,0.1930128410465781,0,0,0,0,0,0,0,0,0,1,0
0,0,0,0,-1.2816237461508113,1,0,0,1,0,0,0,0,0,-0.4771778825292717,-0.9867409882674627,-0.5705298937831644,0,0,-0.47607881663234236,0.0031493650749470433,0,0,0,0,0,1,0,0,0,0,1
0,0,1,1,1.2014260790034217,1,0,0,1,1,0,1,1,1,1.1687252637656007,1.7481183973682541,1.0471678523539008,1,0,1.2045918932194306,-0.456197754211256,1,0,0,0,0,1,0,0,0,1,1
1,1,0,0,0.590840056424512,1,1,0,0,0,0,1,0,1,0.7008374741938728,0.6872593003963761,-0.5705298937831644,0,1,0.5727137830424424,1.4668395460667119,1,0,0,0,1,0,0,0,1,0,0
1,1,1,0,1.6084834273893616,1,1,0,1,1,1,1,1,1,1.4872871630484792,2.4717684874232737,1.5864004343995892,1,1,1.4967634043197422,-0.15988092820024447,1,0,0,1,0,0,0,0,0,1,0
0,0,1,0,-0.2639803751859618,1,0,0,1,1,1,1,1,0,0.5631258198163787,-0.09687779239577944,1.5864004343995892,1,1,0.4965254660213901,0.7558435765996986,0,0,0,0,0,0,0,0,1,0,0
0,0,1,0,-0.8745663977648716,1,1,0,0,1,0,1,1,1,1.1471559685016557,-0.5451441833733494,0.5079352703082123,1,0,1.030640737858111,1.3169159847435121,1,0,0,0,0,1,0,0,0,0,1
0,1,1,0,1.5270719577121736,1,1,1,1,1,1,1,1,1,1.6167029346321486,2.376178400036367,2.1256330164452777,1,0,1.4979438152684752,1.3273371504350107,1,0,0,1,0,1,0,0,0,1,0
0,0,0,1,0.428017117070136,1,0,1,1,0,0,0,1,1,-0.0325185647802536,0.19206447312764433,0.5079352703082123,1,0,-0.0425455129975297,0.11771186471842011,0,0,0,0,0,1,0,0,1,0,0
0,0,1,0,1.4863662228735797,1,1,0,0,0,0,0,0,1,-1.2818785135302928,-0.23509618820425104,-1.109762475828853,1,0,-1.3029978752947706,0.2884465682461855,0,1,1,0,0,1,0,0,0,1,0
1,0,1,1,1.6084834273893616,1,1,1,1,1,1,1,1,1,1.6283171705435033,2.5422598692855938,2.1256330164452777,1,0,1.5705916096811414,0.617051961227593,1,0,0,1,0,1,0,0,0,1,0
1,0,1,1,1.1200146093262338,1,1,0,1,0,1,1,1,1,1.28818597599668,1.610624002680684,1.0471678523539008,1,1,1.1435644904538393,1.6391182686751025,1,0,0,0,0,0,0,0,0,1,0
0,0,0,0,-0.7931549280876836,1,0,0,0,0,0,0,0,1,0.1732193285066055,-0.6198479353936422,-1.109762475828853,0,0,0.10818369716069486,0.7506627904830079,1,0,0,0,0,0,1,1,0,0,0
1,0,1,0,1.0793088744876398,0,0,0,1,0,0,0,1,1,-0.7924214286946202,0.067294946625616,-0.031297311737476054,1,1,-0.7731722357289682,-0.19743361314748742,0,0,0,0,0,0,0,0,0,1,1
1,0,0,0,1.4049547531963917,1,0,1,0,1,0,0,1,0,0.020575085100225963,0.9048764857970474,0.5079352703082123,0,1,0.005281452715080117,0.17719726711025305,0,0,0,1,0,0,0,0,0,1,0
1,0,1,1,-0.8338606629262776,1,0,0,0,0,0,0,0,0,-1.4743429943470319,-0.8968112732803318,-1.109762475828853,1,0,-1.4441864880567081,-0.3015301994065566,0,1,0,0,0,0,1,0,0,0,0
1,0,0,0,-1.2002122764736234,1,1,0,0,0,0,0,0,0,-0.4821554122055666,-0.948698020278274,-1.109762475828853,0,1,-0.634902518922412,1.7927409122399864,0,0,0,0,0,0,0,0,0,0,0
0,0,0,0,-1.2816237461508113,1,0,0,0,0,0,0,0,0,-0.6497322446408307,-0.9890226887696979,-1.109762475828853,0,0,-0.6481378274465844,0.0031493650749470433,0,0,0,0,0,0,1,0,0,0,0
1,0,1,1,0.5094285867473239,1,0,1,1,1,1,1,1,1,0.6444254711958629,0.683946446782554,2.1256330164452777,1,0,0.6881136270522292,-0.5296657048814822,0,0,0,1,0,0,1,0,1,0,0
1,0,1,1,-0.06045170099299184,1,0,0,0,1,1,0,0,0,-0.35108046406313215,-0.2862369946533855,-0.031297311737476054,1,0,-0.39074309755914943,0.47304905331772634,0,0,0,0,0,0,1,0,1,0,0
1,0,0,0,-1.0373893371192475,1,0,0,0,0,0,0,0,0,-1.5091857020810966,-0.9363680617950421,-1.109762475828853,0,0,-1.3670986940632395,-1.602259949125334,0,1,0,1,0,0,1,0,0,0,0
0,0,1,1,0.020959768684196134,1,0,0,0,0,0,0,0,0,-1.4876164068171518,-0.7546876593045734,-1.109762475828853,1,0,-1.5677411011545228,0.9816226841179373,0,1,1,0,0,0,1,0,1,0,0
1,0,1,1,0.30589991255435406,1,1,1,1,0,1,1,1,1,1.4989013989598339,0.9520681952230827,1.5864004343995892,1,1,1.5481789014615623,-0.6232076764328215,1,0,0,0,1,0,0,0,1,0,0
1,0,1,0,0.020959768684196134,1,0,0,0,1,0,1,1,1,1.0243769031530463,0.32356940399684714,0.5079352703082123,1,0,0.8961820353511767,1.456864492830714,1,0,1,0,0,1,0,0,1,0,1
0,0,1,1,-1.2816237461508113,1,0,0,0,0,0,0,0,1,-0.6829157758161306,-0.9894614773278201,-1.109762475828853,1,1,-0.6812260987570156,0.0031493650749470433,0,0,0,0,0,0,0,0,0,0,1
0,0,1,1,1.5677776925507676,1,0,0,0,0,0,0,0,0,-1.4876164068171518,-0.39918116951402227,-1.109762475828853,1,1,-1.5010928776707633,0.20641964530723403,0,1,0,1,0,0,0,0,0,1,0
1,0,0,0,-1.2002122764736234,1,0,0,0,0,0,1,0,0,-0.38260481867966706,-0.9261223489628904,-0.5705298937831644,0,1,-0.06743866594851707,-3.653005408703091,0,0,0,0,1,0,0,0,0,0,1
0,0,0,0,-0.22327464034736777,1,1,0,0,0,0,1,1,1,0.9828974891839214,0.18660155557902366,-0.031297311737476054,0,0,1.190283291306873,-2.444977661811518,1,0,0,0,0,0,1,0,1,0,1
0,0,0,0,1.1607203441648277,1,1,1,1,1,1,1,1,1,1.664819054836333,2.05981184963031,2.1256330164452777,0,0,1.644879374366297,0.17633564383285522,1,0,1,0,0,0,1,0,0,1,0
1,0,0,0,0.631545791263106,1,0,0,0,0,0,0,0,0,-1.4925939364934466,-0.5681586432468552,-1.109762475828853,0,1,-1.4562499203053032,-0.37288936056143435,0,1,1,0,0,0,0,0,1,0,0
0,0,0,0,0.346605647392948,1,0,0,0,0,0,0,0,0,-1.4909347599346818,-0.6533713812341732,-1.109762475828853,0,0,-1.4947537059394587,0.09420122978777684,0,1,0,1,0,0,1,0,1,0,0
0,0,1,0,-0.9559778674420595,1,0,0,0,1,0,0,0,1,0.35904710308828447,-0.7211203346082302,-0.5705298937831644,1,1,0.2627087522377854,1.1085482060359086,1,0,0,0,0,0,0,0,0,0,1
0,0,0,0,-0.8745663977648716,0,0,0,1,1,1,0,0,1,-0.8139907239585651,-0.8234897052181237,0.5079352703082123,0,1,-0.8774997081211642,0.7658687341501723,0,0,1,0,1,0,0,0,0,0,0
0,0,0,0,-1.2002122764736234,1,1,0,0,0,0,1,0,1,-0.1552976301288631,-0.934108300720713,-0.5705298937831644,0,0,-0.2681741785651328,1.3180822223109072,0,0,0,0,0,1,0,0,0,0,0
1,1,1,1,1.3642490183577978,1,1,1,1,1,1,1,0,0,0.48016699187812906,1.2528577518158042,1.5864004343995892,1,1,0.4355030579700374,0.5034652814866775,0,0,0,1,1,0,0,0,0,1,1
1,0,0,0,1.4863662228735797,1,1,0,1,0,1,1,1,1,1.319710330613215,2.1592852157565976,1.0471678523539008,0,1,1.313756891180026,0.025181113902441214,1,0,1,0,0,0,0,0,0,1,1
1,0,1,0,0.22448844287716607,1,1,1,0,1,1,1,1,1,1.518811517665014,0.9342972586191364,1.5864004343995892,1,0,1.7074858666615609,-2.245233903010166,1,0,1,0,0,1,0,0,1,0,0
1,0,0,0,-1.2816237461508113,1,0,0,0,0,0,0,0,1,0.16326426915401518,-0.9782723690957057,-1.109762475828853,0,0,0.16252481965897958,0.0031493650749470433,1,0,0,0,0,1,0,0,0,0,1
1,0,1,1,0.631545791263106,1,1,1,1,1,1,1,1,0,1.5553134019578436,1.379689584541006,2.1256330164452777,1,1,1.6038292377717935,-0.6162321179828456,1,0,0,1,1,0,0,0,1,0,0
0,0,1,0,-0.5489205190561197,1,0,0,0,0,0,0,0,0,-0.6646648336697157,-0.6404929370532886,-1.109762475828853,1,0,-0.6864505626481364,0.2755885989104857,0,0,0,0,0,0,1,1,0,0,0
0,0,1,1,-0.6710377235719016,1,0,0,0,0,0,0,0,0,-1.5125040551986266,-0.8878599866946404,-1.109762475828853,1,0,-1.5781250529653912,0.8137573642612631,0,1,0,0,0,0,1,1,0,0,0
0,0,0,0,-0.5896262538947137,1,1,1,0,1,0,0,0,1,-0.14368339421750811,-0.5015286006960095,-0.031297311737476054,0,0,-0.023045235273688715,-1.3983766315399646,0,0,0,0,0,0,1,1,0,0,0
1,0,1,1,-0.30468611002455576,1,0,0,0,0,0,0,0,0,-1.4942531130522119,-0.7871360731777051,-1.109762475828853,1,0,-1.4797122620203411,-0.11923560524730782,0,1,1,0,0,1,0,0,1,0,0
1,0,1,1,0.9164859351332638,1,0,0,1,0,1,0,0,0,0.48016699187812906,0.8508616142922129,-0.031297311737476054,1,0,0.4011814965471262,0.9026684008054121,1,0,0,0,0,1,0,0,0,1,0
1,0,0,0,-1.2002122764736234,1,0,0,0,0,0,0,0,1,-0.6497322446408307,-0.9468331689062549,-1.109762475828853,0,0,-0.5880274678993012,-0.696010056577343,0,0,0,0,0,1,0,0,0,0,1
1,1,0,0,-0.9966836022806536,1,1,0,0,1,0,0,0,1,0.5415565245524336,-0.7518135942488734,-0.5705298937831644,0,0,0.27481814041875585,3.0844219079760413,1,0,0,0,0,1,0,0,0,0,1
0,0,0,0,0.26519417771576004,1,0,0,0,0,1,0,1,0,-0.18682198474539805,-0.03957200670502908,-0.031297311737476054,0,0,-0.2744100450813295,1.0249977505667558,0,0,1,0,0,1,0,0,1,0,0
0,0,0,0,-1.1188008067964355,1,0,0,0,0,0,0,0,0,-1.4859572302583868,-0.9571666394500312,-1.109762475828853,0,0,-1.3681386111615672,-1.3207635214299431,0,1,0,0,0,0,1,0,0,0,0
0,0,0,0,1.1607203441648277,1,1,1,1,1,1,1,1,1,1.7809614139498826,2.2230631326796497,2.1256330164452777,0,0,1.8466907078260666,-0.8239807312879572,1,0,1,0,0,1,0,0,0,1,0
0,0,0,0,-1.2816237461508113,0,0,0,0,0,0,1,0,1,-0.9682941439237093,-0.9932350589276703,-0.5705298937831644,0,0,-0.965785232026724,0.0031493650749470433,0,0,0,0,0,1,0,0,0,0,1
1,0,0,0,-1.1595065416350294,1,1,0,0,0,0,0,0,0,-1.3167212212643575,-0.9642091958078912,-1.109762475828853,0,0,-1.3057672197414043,-0.08344377430400704,0,1,0,0,0,0,1,0,0,0,0
0,0,1,0,1.2421318138420157,1,1,1,1,0,0,1,1,1,0.49012205123071895,1.0911861075757043,1.0471678523539008,1,1,0.36504604850504757,1.4384268322414475,0,0,1,0,1,0,0,0,0,1,0
1,0,0,0,-0.8338606629262776,1,1,0,0,0,0,0,0,0,-1.3266762806169474,-0.8858854381830907,-1.109762475828853,0,1,-1.3755283250875638,0.6125084940379543,0,1,1,0,1,0,0,0,0,0,0
0,0,1,0,-1.2002122764736234,1,1,0,0,0,0,0,0,1,0.33913698438310474,-0.9138143299075645,-1.109762475828853,1,1,0.24193667080401465,1.1192387170703504,1,0,0,0,1,0,0,0,0,0,1
0,0,1,1,-0.7117434584104956,1,1,0,1,1,0,1,1,1,1.3412796258771595,-0.32474069062860256,1.0471678523539008,1,1,1.2908348713446836,0.5419511212106546,1,0,0,0,0,0,0,1,0,0,0
1,0,0,1,0.7129572609402939,0,0,1,1,0,0,1,0,1,-0.7260543663440205,-0.04005467411896338,0.5079352703082123,1,1,-0.6874797820346871,-0.42442831425846517,0,0,1,0,0,0,0,0,0,1,0
1,0,1,0,0.387311382231542,1,1,0,1,1,0,1,0,1,1.0061259610066313,0.7283957277203259,0.5079352703082123,1,1,0.9705482832195454,0.3802189614182194,1,0,0,0,0,0,0,0,1,0,1
0,0,1,0,-0.9152721326034655,1,0,0,0,0,0,0,0,1,-1.4925939364934466,-0.9265391980931063,-1.109762475828853,1,1,-1.5274586375212935,0.4553579818317046,0,1,0,0,0,0,0,0,0,0,0
1,0,1,1,0.9164859351332638,1,0,1,0,0,0,0,1,0,-0.18184445506910288,0.3763337281110335,-0.031297311737476054,1,1,-0.24942415815588861,0.7921090794165253,0,0,1,0,1,0,0,0,0,1,0
0,0,0,0,-0.38609757970174374,1,0,1,0,0,0,0,0,1,0.3341594547068096,-0.22853629926032518,-0.5705298937831644,0,1,0.4098956132167468,-0.8920647328523971,1,0,0,0,0,0,0,1,0,0,0
1,0,1,0,-0.9559778674420595,1,1,0,1,1,0,0,1,1,0.1367174442137754,-0.7219759722965684,0.5079352703082123,1,1,0.25553962678719194,-1.3866170694020863,0,0,0,0,1,0,0,0,0,0,0
0,1,1,0,1.0793088744876398,1,1,1,1,1,1,0,0,1,0.9663057235962715,1.3973508240054218,1.0471678523539008,1,0,0.9267797642062695,0.4274720555910257,1,0,1,0,0,1,0,0,0,1,0
0,0,1,0,1.6084834273893616,1,0,1,1,1,1,1,1,0,0.6693131195773377,1.6919973407844333,2.1256330164452777,1,0,0.6800805300729741,-0.1475868405106384,0,0,0,1,0,0,1,0,0,1,0
0,0,0,0,-1.2816237461508113,1,0,0,0,0,1,1,1,1,1.026036079711811,-0.9668638665845303,0.5079352703082123,0,0,1.0228198737301906,0.0031493650749470433,1,0,0,0,0,1,0,0,0,0,0
0,0,1,1,-0.3453918448631497,1,0,0,0,0,0,0,0,1,-1.4544328756418519,-0.7936301438379125,-1.109762475828853,1,1,-1.4722425847720115,0.2557126882635629,0,1,0,1,1,0,0,1,0,0,0
0,0,1,1,1.0386031396490458,1,1,0,1,0,0,1,0,1,0.06205449906935077,0.7332443412875755,-0.031297311737476054,1,1,0.11637238605529227,-0.6338576372529897,0,0,0,0,0,0,0,0,0,1,0
1,0,1,1,-0.06045170099299184,1,1,1,1,0,1,0,1,1,0.34245533750063456,0.01981802463680142,1.0471678523539008,1,1,0.35374300692555216,-0.142724382265941,0,0,1,0,0,0,0,0,1,0,0
0,0,1,0,-0.6710377235719016,1,0,0,0,0,0,0,0,0,-1.5042081724048018,-0.8709446877790322,-1.109762475828853,1,0,-1.4984029992768209,-0.017296237278416168,0,1,0,0,0,0,1,1,0,0,0
1,0,1,0,0.18378270803857208,1,1,1,0,1,0,1,1,0,0.4751894622018339,0.26874277365948684,1.0471678523539008,1,0,0.45526659299599737,0.21586164138721148,0,0,1,0,0,0,1,0,1,0,0
1,0,1,1,-0.6303319887333076,1,0,0,0,0,0,0,0,1,0.13505826765501053,-0.5044684840354277,-1.109762475828853,1,0,0.08895207521578567,0.5317636930484286,1,0,0,0,0,1,0,1,0,0,1
1,0,1,0,0.6722515261016999,1,1,1,1,0,0,1,0,1,0.9596690173612115,1.0679083745673255,0.5079352703082123,1,1,1.0474334959600933,-1.0528549514330208,1,0,0,0,0,0,0,0,0,1,0
1,0,0,0,-1.2409180113122174,1,0,0,0,0,0,0,0,1,-0.6563689508758908,-0.9657010769055066,-1.109762475828853,0,0,-0.5190935693359028,-1.5747700636082067,0,0,0,0,0,1,0,0,0,0,1
1,1,0,0,0.590840056424512,1,0,1,0,0,0,0,1,0,0.6825865320474579,0.7647932386165568,-0.031297311737476054,0,0,0.6971116030542124,-0.19173637650605638,1,0,0,0,0,0,1,0,1,0,1
0,0,0,0,-1.2816237461508113,1,0,0,0,0,0,0,0,1,0.15165003324266044,-0.9784259450910484,-1.109762475828853,0,0,0.15094392470032886,0.0031493650749470433,1,0,0,0,0,1,0,0,0,0,1
1,0,1,0,0.9571916699718578,1,0,0,0,0,0,1,1,0,0.8219573629837174,1.164376039070476,-0.031297311737476054,1,0,0.7778189505360783,0.48594047946951174,1,0,0,0,0,0,1,0,0,1,0
0,0,1,1,0.5501343215859179,1,0,0,0,1,1,0,1,0,0.8634367769528422,0.8500498554596871,0.5079352703082123,1,1,0.8987388563160741,-0.4394377917508177,1,0,1,0,0,0,0,0,1,0,0
1,0,1,1,1.6084834273893616,1,1,1,1,1,1,1,1,0,0.8219573629837174,1.7726905566230935,2.1256330164452777,1,1,0.7645934897117007,0.6397692971757728,0,0,0,1,1,0,0,0,0,1,0
1,0,0,0,0.428017117070136,1,1,0,0,0,1,1,1,1,1.1637477340893057,0.8390582020787276,0.5079352703082123,0,0,1.092074395077605,0.794794138001917,1,0,1,0,0,1,0,0,1,0,1
0,0,0,0,-1.2816237461508113,1,0,0,0,0,0,0,0,0,0.18483356441796028,-0.9779871565329262,-1.109762475828853,0,0,0.18403219601076007,0.0031493650749470433,1,0,0,0,0,1,0,0,0,0,1
1,1,1,0,1.6084834273893616,1,1,0,1,1,1,1,1,1,1.550335872281549,2.5114130336496086,1.5864004343995892,1,1,1.5382845892210957,0.0884061905745966,1,0,0,1,0,0,0,0,0,1,0
1,1,0,0,-0.8338606629262776,0,0,0,1,0,0,0,0,1,-1.1806687434456282,-0.8416555515243799,-0.5705298937831644,0,1,-1.0975868460799416,-0.9269250949212197,0,0,0,0,1,0,0,0,0,0,0
1,1,1,0,1.4456604880349857,0,0,1,1,1,0,0,0,1,-0.7625562506368502,0.29241541637017576,0.5079352703082123,1,0,-0.7055800396259432,-0.6372436885674447,0,0,0,1,0,1,0,0,0,1,0
1,1,0,0,0.346605647392948,1,1,0,0,1,0,1,1,1,1.1106540842088262,0.8286150343954208,0.5079352703082123,0,0,1.2309531705828787,-1.4363149085036444,1,0,0,0,0,1,0,0,1,0,1
0,0,1,1,1.0386031396490458,1,0,0,1,1,0,1,0,1,0.8833468956580218,1.4095272064933109,0.5079352703082123,1,0,0.9956361473863622,-1.33556066325485,1,0,0,0,0,1,0,0,0,1,0
0,0,0,1,0.26519417771576004,0,0,0,0,1,0,0,0,0,-1.1557810950641534,-0.5125202540769689,-0.5705298937831644,1,1,-1.188876538208208,0.42353315282918425,0,0,0,0,1,0,0,0,1,0,1
1,0,0,1,0.631545791263106,1,1,1,0,1,0,1,1,1,0.458597696614184,0.6068951759763076,1.0471678523539008,1,1,0.38976541627322236,0.7852938786320687,0,0,1,0,1,0,0,0,1,0,0
1,0,1,1,-0.30468611002455576,1,1,0,0,0,0,0,0,1,-1.3117436915880627,-0.7689702268714488,-1.109762475828853,1,1,-1.4249180847302672,1.3601600737424575,0,1,0,0,0,0,0,0,1,0,0
1,0,1,1,-0.6710377235719016,1,0,0,0,0,0,0,0,0,-1.4743429943470319,-0.8814317343181511,-1.109762475828853,1,0,-1.5478286045467777,0.9039585511143384,0,1,0,1,0,0,1,1,0,0,0
1,0,0,0,-0.3453918448631497,1,0,0,1,1,0,0,1,1,0.8169798333074222,-0.049225354983715976,0.5079352703082123,0,0,0.8666845934840939,-0.6054079755604809,1,0,0,0,0,1,0,1,0,0,0
1,0,0,0,0.428017117070136,1,0,1,1,1,1,0,0,1,0.8534817176002523,0.6945870693170157,1.0471678523539008,0,1,0.8387182711483152,0.14321992127966138,1,0,1,0,1,0,0,0,1,0,0
0,0,0,0,-1.2816237461508113,0,0,0,0,0,0,0,1,0,-0.9915226157464192,-0.9935422109183557,-0.5705298937831644,0,0,-0.9889470219440258,0.0031493650749470433,0,0,0,0,0,0,1,0,0,0,1
1,0,0,1,-1.2002122764736234,1,0,0,0,0,0,1,0,1,-0.3394662281517771,-0.9345690287067414,-0.5705298937831644,1,1,-0.27975507352378404,-0.6831814433360146,0,0,0,0,1,0,0,0,0,0,1
0,0,0,0,-1.2002122764736234,1,0,0,0,0,0,0,0,1,0.17653768162413533,-0.908132018079883,-1.109762475828853,0,0,0.38476770862737586,-2.4278728441564135,1,0,0,0,0,1,0,0,0,0,0
1,0,1,0,0.9978974048104517,1,0,1,0,0,1,0,0,0,-0.3062826969764773,0.38274004105961656,-0.031297311737476054,1,0,-0.3075898561436992,0.025430640704620477,0,0,0,0,0,1,0,0,0,1,0
0,1,1,0,0.9978974048104517,1,1,0,1,1,0,0,1,0,0.9646465470375066,1.377627278317832,0.5079352703082123,1,1,1.0085977220265843,-0.543417078022618,1,0,0,0,1,0,0,0,0,1,0
0,0,0,1,-1.2816237461508113,1,0,1,0,0,1,0,0,0,-0.3461029343868372,-0.9850077734628804,-0.031297311737476054,1,0,-0.34538014495613906,0.0031493650749470433,0,0,0,0,0,1,0,0,0,0,0
0,0,0,0,-0.9559778674420595,1,0,0,0,0,0,0,0,0,-0.6563689508758908,-0.8261882548505748,-1.109762475828853,0,0,-0.6176230883491869,-0.42874728071637597,0,0,0,0,0,1,0,0,0,0,1
1,1,1,0,-1.0780950719578415,1,0,0,0,1,0,1,1,1,1.0227177265942813,-0.7571668146579634,0.5079352703082123,1,0,1.0153750126853438,0.051256664729921235,1,0,0,0,0,1,0,0,0,0,1
1,0,1,1,1.2421318138420157,1,1,0,1,1,0,1,1,1,1.3230286837307448,1.8858760651906972,1.0471678523539008,1,1,1.316255067081586,0.034610011833439695,1,0,0,1,0,0,0,0,0,1,0
0,1,0,0,-0.7524491932490895,1,1,0,0,1,0,0,0,1,0.5116913464946635,-0.544639576531509,-0.5705298937831644,0,1,0.3520733453087354,1.839473717619105,1,0,0,0,0,0,0,1,0,0,0
1,0,0,1,-0.38609757970174374,1,0,0,1,0,1,0,0,1,-0.3195561094465974,-0.4454294835400949,-0.031297311737476054,1,1,-0.3012144958591721,-0.20266621257937928,0,0,0,0,0,0,0,1,0,0,0
0,0,1,0,1.5677776925507676,1,1,0,0,0,0,0,0,1,-1.3432680462045974,-0.27105491054235975,-1.109762475828853,1,1,-1.3650115365067363,0.29775575789160547,0,1,0,1,1,0,0,0,0,1,0
0,0,1,1,0.428017117070136,1,1,0,0,1,0,0,1,1,0.9165304268333218,0.7633452363747537,-0.031297311737476054,1,1,0.9592980877609794,-0.5280447250688162,1,0,0,0,0,0,0,0,1,0,0
0,1,0,0,-0.6303319887333076,1,0,0,1,1,0,1,0,1,0.8037064208373025,-0.35209915722751745,0.5079352703082123,0,0,0.7648286759538585,0.4253616655762487,1,0,0,0,0,1,0,1,0,0,1
0,0,1,1,-0.7117434584104956,1,0,0,0,0,0,0,0,0,-0.618207890024296,-0.7283384063893393,-1.109762475828853,1,0,-0.7381379254109572,1.4155796829449871,0,0,0,0,0,1,0,1,0,0,0
1,0,0,0,0.1023712383613841,1,1,1,0,0,0,0,0,0,-0.3212152860053623,-0.1646486851977428,-0.5705298937831644,0,0,-0.3296868505631917,0.10926032317106192,0,0,0,1,0,0,1,0,1,0,0
0,0,1,1,-0.06045170099299184,1,1,0,0,1,1,1,1,1,1.303118565025565,0.4142669989606917,1.0471678523539008,1,0,1.313249506748524,-0.1613465627775434,1,0,0,0,0,1,0,0,1,0,1
1,0,1,1,1.5677776925507676,1,1,1,1,1,1,1,1,0,0.8435266582476619,1.7665255773814774,2.1256330164452777,1,0,0.7990779151930355,0.4888298213099534,0,0,0,1,0,1,0,0,0,1,0
0,0,0,0,0.06166550352279012,1,0,0,1,0,0,0,0,1,0.29931674697274485,0.09877802567087896,-0.5705298937831644,0,1,0.30806455420236173,-0.11174218586575543,1,0,0,0,1,0,0,0,1,0,1
0,0,0,0,-0.7117434584104956,1,1,1,0,0,0,0,1,1,-0.009290092957543614,-0.5725245894001704,-0.031297311737476054,0,1,0.04517175074465029,-0.6331498516948405,0,0,0,0,0,0,0,1,0,0,1
1,0,1,1,1.4456604880349857,1,1,0,0,0,0,0,0,0,-1.3117436915880627,-0.2979965280110586,-1.109762475828853,1,1,-1.3603142081811006,0.6087353724963857,0,1,0,1,0,0,0,0,0,1,0
1,0,1,1,-0.2639803751859618,1,1,0,0,1,1,1,1,1,0.5664441729339085,-0.09488130445632387,1.0471678523539008,1,1,0.5023159135007155,0.726979196806713,0,0,1,0,1,0,0,0,1,0,0
1,0,0,1,-1.2816237461508113,1,0,1,1,0,1,0,1,1,0.18317438785919538,-0.9780090959608324,1.0471678523539008,1,1,0.18237778244523858,0.0031493650749470433,0,0,0,0,0,0,0,0,0,0,0
0,1,0,0,0.9978974048104517,1,0,1,0,1,1,1,0,0,0.16326426915401518,0.747548848282357,1.0471678523539008,0,1,0.1750345081982746,-0.14235411668852344,0,0,0,1,0,0,0,0,0,1,0
0,0,0,0,0.26519417771576004,1,0,1,0,1,1,1,0,1,1.0160810203592212,0.6114585769807778,1.0471678523539008,0,0,0.9843865739773053,0.33471967654307566,1,0,1,0,0,1,0,0,1,0,1
1,0,1,1,0.5501343215859179,1,1,0,0,0,0,0,0,0,-1.3283354571757127,-0.49343295179865615,-1.109762475828853,1,0,-1.3036452545160617,-0.24282534968265979,0,1,1,0,0,1,0,0,1,0,0
1,0,0,0,1.2828375486806096,1,1,0,1,1,0,1,1,1,1.309755271260625,1.9277364936355483,1.0471678523539008,0,1,1.311437490277819,-0.06329884257348167,1,0,0,1,0,0,0,0,0,1,0
0,0,1,0,-1.2002122764736234,1,1,0,0,0,0,1,1,0,0.9945117250952766,-0.8890447158015701,-0.031297311737476054,1,0,0.8645476426286282,1.4784398878274925,1,0,0,0,0,1,0,0,0,0,0
0,0,0,0,-1.1595065416350294,1,0,0,0,0,0,0,0,1,-1.4859572302583868,-0.9788866730770767,-1.109762475828853,0,1,-1.5824678885748853,1.172156746690819,0,1,0,0,1,0,0,0,0,0,0
1,0,1,1,1.5677776925507676,1,1,1,1,1,1,1,1,1,0.873391836305432,1.882519332721063,2.1256330164452777,1,0,0.9222734718256058,-0.5977175832916879,0,0,0,1,0,0,1,0,0,1,0
0,0,1,0,-0.3453918448631497,1,0,0,1,1,0,1,1,1,1.1405192622665956,0.057926810909708526,1.0471678523539008,1,1,1.2033577540677307,-0.7689727943873865,1,0,0,0,1,0,0,1,0,0,1
0,0,0,0,0.428017117070136,1,0,0,0,0,0,0,0,1,-1.5025489958460367,-0.6669957659638653,-1.109762475828853,0,1,-1.5490622007082784,0.591177195276212,0,1,0,1,0,0,0,0,1,0,0
0,0,0,0,-0.6303319887333076,1,1,0,0,1,1,1,0,1,0.13505826765501053,-0.5227440274812145,0.5079352703082123,0,0,0.007885810505229154,1.4746667662859239,0,0,0,0,0,0,1,1,0,0,0
1,1,1,0,0.06166550352279012,1,0,0,0,1,0,1,0,1,0.6726314726948681,0.2523540210136251,-0.031297311737476054,1,1,0.6486791118097412,0.25613716443699286,1,0,0,0,1,0,0,0,1,0,0
1,0,0,0,-0.9152721326034655,1,0,0,0,0,0,0,0,1,-0.6663240102284806,-0.8178732116741603,-1.109762475828853,0,1,-0.708027598518465,0.5073138654590774,0,0,0,0,1,0,0,0,0,0,1
0,1,0,0,0.30589991255435406,1,0,0,0,0,0,1,1,1,0.8833468956580218,0.6030118972369267,-0.031297311737476054,0,0,0.8901359057753618,-0.10845957012459548,1,0,0,0,0,1,0,0,1,0,0
0,1,0,0,0.7943687306174818,1,1,1,0,1,0,0,0,0,-0.168571042598983,0.3527488431119689,-0.031297311737476054,0,1,-0.1740528939881853,0.06938941613833598,0,0,0,1,0,0,0,0,0,1,0
0,0,1,1,0.7536629957788878,1,1,1,1,0,0,0,1,1,0.9580098408024466,0.9828930914311625,0.5079352703082123,1,0,0.7963922916254756,1.8478284867468553,1,0,0,0,0,1,0,0,0,1,0
1,0,0,0,-0.7931549280876836,1,1,0,0,0,1,1,1,0,1.1886353824707805,-0.432682675926647,0.5079352703082123,0,0,1.1938607838887276,-0.10046635725884519,1,0,0,0,0,1,0,1,0,0,0
0,0,0,1,-0.5896262538947137,1,1,1,0,0,0,0,1,0,-0.004312563281248919,-0.49698713911944536,-0.031297311737476054,1,0,-0.004019479270190684,-0.003264941545715817,0,0,0,0,0,1,0,1,0,0,0
0,0,1,1,-0.10115743583158582,1,0,0,0,1,1,1,0,1,-0.014267622633838777,-0.13786064372438658,0.5079352703082123,1,0,0.040815128355443715,-0.6402055889775745,0,0,1,0,0,1,0,0,1,0,0
1,0,0,0,-1.1595065416350294,1,0,0,0,1,0,0,0,1,0.3275227484717495,-0.8676757130210223,-0.5705298937831644,0,1,0.514087702332311,-2.1809220392608797,1,0,0,0,0,0,0,0,0,0,1
1,0,0,0,-1.1595065416350294,1,0,0,1,0,1,1,0,1,-0.03915527101531366,-0.9096677780333104,0.5079352703082123,0,1,-0.2775491887697552,2.7741298252014617,0,0,0,0,0,0,0,0,0,0,0
1,0,0,0,-1.2816237461508113,1,0,0,0,0,0,0,0,1,-1.4842980536996218,-1.0000582210064695,-1.109762475828853,0,0,-1.480307850903929,0.0031493650749470433,0,1,0,0,0,0,1,0,0,0,1
0,0,1,1,0.22448844287716607,1,0,0,0,0,0,0,0,0,-1.5042081724048018,-0.6740822011775378,-1.109762475828853,1,1,-1.4842261988222696,-0.1821903367536896,0,1,1,0,1,0,0,0,1,0,0
0,0,0,0,1.6084834273893616,1,1,1,0,0,1,0,0,1,0.6560397071072182,1.7050513003885668,-0.031297311737476054,0,1,0.6937524199547147,-0.4605515510438277,1,0,0,1,0,0,0,0,0,1,0
0,0,1,0,1.6084834273893616,1,1,1,0,0,0,0,0,0,0.5150096996121938,1.508671481201007,-0.5705298937831644,1,1,0.4880766446077225,0.2960693674185656,1,0,0,1,0,0,0,0,0,1,0
0,0,0,0,-1.2816237461508113,1,0,0,0,0,0,1,0,1,-0.34112540471054226,-0.9849419551791619,-0.5705298937831644,0,0,-0.3404169042595744,0.0031493650749470433,0,0,0,0,0,1,0,0,0,0,0
1,0,1,1,0.9571916699718578,1,1,0,0,1,1,1,1,1,1.2699350338502653,1.568412543389335,1.0471678523539008,1,0,1.3218846687975971,-0.6466428038361691,1,0,0,1,0,1,0,0,0,1,0
1,1,0,0,-0.7117434584104956,1,1,0,0,0,0,0,0,0,0.35572874997075465,-0.5057848497097941,-1.109762475828853,0,0,0.3806868218324231,-0.3021716300686237,1,0,0,0,0,1,0,1,0,0,1
0,0,0,0,1.3235432835192036,1,1,0,0,0,0,0,0,0,-1.2752418072952327,-0.2636174444821896,-1.109762475828853,0,1,-1.2840434970002867,0.14495488221176325,0,1,0,1,0,0,0,0,0,1,0
1,0,1,1,-1.1188008067964355,1,1,1,1,0,1,0,0,0,-0.017585975751368575,-0.8698696558116329,0.5079352703082123,1,1,-0.05155629571951019,0.3957049302595403,0,0,0,0,1,0,0,0,0,0,0
1,0,1,1,1.6084834273893616,1,1,0,0,0,0,0,0,1,-1.3183803978231226,-0.21958501267463365,-1.109762475828853,1,1,-1.3219896638699908,0.08600082559184598,0,1,0,1,0,0,0,0,0,1,0
0,0,1,0,1.6084834273893616,1,1,0,0,1,0,1,1,1,1.0924031420624107,1.992962412800404,0.5079352703082123,1,0,0.9952922702372073,1.0930469650359684,1,0,0,1,0,1,0,0,0,1,0
1,0,0,0,0.06166550352279012,1,0,0,1,0,0,0,0,1,-0.5020655309107466,-0.2479746323851356,-0.5705298937831644,0,0,-0.4609944576525868,-0.46094458453774695,0,0,0,0,0,1,0,0,1,0,0
1,1,1,0,1.2828375486806096,1,1,0,1,1,0,0,1,1,0.9729424298313315,1.6595269874833956,0.5079352703082123,1,0,0.9954186490512398,-0.2939132102945164,1,0,0,0,0,1,0,0,0,1,0
1,0,1,0,1.3235432835192036,1,0,0,0,0,0,0,0,1,-1.477661347464562,-0.38827727384468724,-1.109762475828853,1,1,-1.4286646951432638,-0.5205541000921265,0,1,0,1,1,0,0,0,0,1,0
0,0,0,0,0.8757802002946699,1,1,0,1,0,0,1,1,1,1.0708338467984662,1.2418222195790323,0.5079352703082123,0,1,0.9943578329455697,0.8537576930484578,1,0,0,1,0,0,0,0,0,1,0
1,0,0,0,-1.2816237461508113,1,0,0,0,0,0,0,0,0,-1.4793205240233267,-0.9999924027227513,-1.109762475828853,0,0,-1.4753446102073642,0.0031493650749470433,0,1,0,0,0,0,1,0,0,0,0
1,0,0,0,-0.8745663977648716,1,0,0,0,1,0,0,1,0,0.659358060224748,-0.6189484188494919,-0.031297311737476054,0,0,0.5246909892749722,1.5443323103852096,1,0,0,0,0,1,0,0,0,0,0
0,0,0,0,-1.0780950719578415,1,0,1,1,0,0,0,0,0,-0.32453363912289235,-0.8672369244629001,-0.031297311737476054,0,0,-0.3679904636849338,0.5162938947280059,0,0,0,0,0,0,1,0,0,0,0
0,0,1,0,1.4863662228735797,1,1,0,0,0,0,0,0,0,-1.3499047524396575,-0.2885186951556206,-1.109762475828853,1,1,-1.3613818902519446,0.1785667070052583,0,1,0,1,0,0,0,0,0,1,0
1,0,0,0,-1.2002122764736234,1,0,0,0,0,0,0,0,1,-1.4743429943470319,-0.9751569703330386,-1.109762475828853,0,0,-1.2999767722620788,-1.9788713807099902,0,1,0,0,0,1,0,0,0,0,0
1,0,1,1,1.6084834273893616,0,0,1,1,1,1,1,1,1,0.010620025747636104,0.9563463836647735,2.1256330164452777,1,1,-0.09039365417012851,1.1745621116735667,0,0,0,1,1,0,0,0,0,1,0
1,0,1,1,0.7943687306174818,1,0,0,1,1,1,1,0,1,0.12676238486118555,0.5193129797751301,1.0471678523539008,1,0,0.06749148657796233,0.6851628517220061,0,0,1,0,0,1,0,0,0,1,0
0,1,0,0,0.1023712383613841,1,1,1,0,0,0,1,1,1,1.1322233794727707,0.5507960588203931,0.5079352703082123,0,0,1.211753902912753,-0.9628452119969366,1,0,0,0,0,1,0,0,1,0,0
1,0,1,0,1.2828375486806096,1,0,0,1,1,1,1,1,1,1.2450473854687905,1.9108211947199405,1.5864004343995892,1,1,1.2915069768556768,-0.5819556669786776,1,0,1,0,1,0,0,0,0,1,0
1,0,1,1,1.3642490183577978,1,0,0,0,0,0,0,0,1,-1.4793205240233267,-0.4123887051134984,-1.109762475828853,1,0,-1.4671226761241665,-0.09248211545130383,0,1,1,0,0,1,0,0,0,1,0
0,0,1,0,-0.1825689055087738,1,1,0,0,1,1,1,1,1,1.3230286837307448,0.32765013758738304,1.0471678523539008,1,0,1.4508993838088946,-1.531473493918734,1,0,0,0,0,1,0,0,1,0,1
1,0,0,0,0.5094285867473239,1,0,1,1,1,1,1,1,0,1.5685868144279638,1.1989964563063125,2.1256330164452777,0,1,1.5512028018118766,0.1498231764674458,1,0,1,0,1,0,0,0,1,0,0
1,0,0,0,0.46872285190873,1,0,0,0,0,0,0,0,0,-1.477661347464562,-0.6115767710730401,-1.109762475828853,0,1,-1.4677117476209809,-0.06638754988087893,0,1,0,1,1,0,0,0,1,0,0
0,1,0,0,-1.2409180113122174,1,1,0,0,0,0,1,0,1,0.6842457086062228,-0.926670834660543,-0.5705298937831644,0,0,0.9525072971955243,-3.143068032360364,1,0,0,0,0,1,0,0,0,0,1
0,0,1,1,0.9164859351332638,1,1,1,1,0,1,1,0,1,0.3341594547068096,0.8400893551903144,1.0471678523539008,1,1,0.38641209544401534,-0.618921753372644,0,0,1,0,1,0,0,0,0,1,0
1,0,0,0,-1.2409180113122174,1,0,0,0,0,0,0,0,0,-0.6331404790531808,-0.9733798766726439,-1.109762475828853,0,0,-0.8086159433021758,2.062141790307843,0,0,0,0,0,0,1,0,0,0,1
0,0,1,0,1.6084834273893616,1,1,1,1,1,1,1,0,1,1.2948226822317401,2.3069595049926006,1.5864004343995892,1,1,1.3241529223169928,-0.3843816599234555,1,0,0,1,0,0,0,0,0,1,0
0,0,0,0,-1.2816237461508113,1,0,0,0,0,0,1,0,0,0.4851445215544238,-0.9740161200819208,-0.5705298937831644,0,0,0.4834810513701623,0.0031493650749470433,1,0,0,0,0,1,0,0,0,0,1
1,0,1,1,0.18378270803857208,0,0,1,1,1,0,0,0,0,-0.8206274301936248,-0.37320488687319203,0.5079352703082123,1,1,-0.8530615401705117,0.4046502876007868,0,0,0,0,0,0,0,0,1,0,1
1,0,0,0,1.2014260790034217,1,1,1,1,1,1,0,0,0,0.14833168012513065,0.8504447651619969,1.0471678523539008,0,1,0.11278567633426699,0.40849216087750695,0,0,0,1,0,0,0,0,0,1,0
0,0,1,1,-0.8745663977648716,1,0,0,0,0,0,0,0,0,-1.461069581876912,-0.9201548245724293,-1.109762475828853,1,1,-1.5401675417291636,0.9687940708766103,0,1,0,1,1,0,0,0,0,0,0
1,0,0,0,1.3642490183577978,1,0,0,0,0,0,0,0,0,-1.5125040551986266,-0.46447290696259547,-1.109762475828853,0,1,-1.5266314307385327,0.21482148355683375,0,1,0,1,0,0,0,0,0,1,0
0,1,1,0,-0.2639803751859618,1,0,0,0,1,0,0,1,0,-0.14036504109997808,-0.3080009071362432,-0.031297311737476054,1,0,-0.11579844709453183,-0.28105375904059177,0,0,1,0,0,0,1,0,1,0,0
1,0,0,0,-1.0373893371192475,1,0,0,0,0,0,0,0,0,-1.5075265255223318,-0.9524935413060305,-1.109762475828853,0,0,-1.5408121184430033,0.4374895562455716,0,1,1,0,0,0,1,0,0,0,0
1,0,1,0,-0.9152721326034655,1,0,0,1,0,1,1,1,1,1.1587702044130104,-0.5741261676373162,1.0471678523539008,1,0,1.130025872775988,0.2956417469771866,1,0,0,0,0,1,0,0,0,0,1
0,0,1,1,1.6084834273893616,1,1,1,0,1,1,1,1,0,1.4109650413452897,2.3156475184434195,1.5864004343995892,1,0,1.333252196927361,0.8567866711748817,1,0,0,1,0,0,1,0,0,1,0
1,0,0,0,-1.2816237461508113,1,0,0,0,0,0,0,0,1,0.1616050925952503,-0.9782943085236117,-1.109762475828853,0,0,0.16087040609345812,0.0031493650749470433,1,0,0,0,0,1,0,0,0,0,1
0,0,1,1,-1.1595065416350294,1,0,1,0,0,0,0,0,0,-0.48547376532309666,-0.9136607539122218,-0.5705298937831644,1,0,-0.3528250060009861,-1.5266627639532326,0,0,0,0,0,1,0,0,0,0,0
0,0,0,0,-0.8338606629262776,1,0,0,0,0,0,0,0,0,-1.5008898192872717,-0.8944418150664724,-1.109762475828853,0,0,-1.4292967659670144,-0.7826031959562971,0,1,1,0,0,0,1,0,0,0,0
1,0,0,0,-1.2816237461508113,1,0,1,0,0,0,0,0,0,-0.563455063585051,-0.9878818385185804,-0.5705298937831644,0,0,-0.5621083220394633,0.0031493650749470433,0,0,0,0,0,1,0,0,0,0,0
0,0,1,0,0.5501343215859179,1,1,0,1,1,1,1,1,1,1.4590811615494745,1.1210895478117278,1.5864004343995892,1,1,1.3430567951954944,1.3007914827247753,1,0,0,1,1,0,0,0,1,0,0
1,0,0,0,-0.3453918448631497,1,0,0,0,0,1,0,0,1,-0.45892694038285664,-0.45183579648867805,-0.5705298937831644,0,1,-0.398321379052829,-0.6895957499566802,0,0,0,0,1,0,0,1,0,0,0
1,0,0,1,-0.8745663977648716,1,1,0,0,1,0,0,0,1,0.4337100482327091,-0.6351616560721047,-0.5705298937831644,1,0,0.4135444779185692,0.220069552610103,1,0,0,0,0,0,1,0,0,0,0
1,0,1,1,-0.5082147842175256,1,0,0,0,0,0,0,0,0,-1.4892755833759168,-0.8334063266316838,-1.109762475828853,1,0,-1.4869255051660153,0.02239228493693699,0,1,0,1,0,0,1,1,0,0,0
1,0,0,1,0.020959768684196134,1,1,1,0,1,0,0,1,1,1.0077851375653963,0.4281765962531634,0.5079352703082123,1,1,1.1352197286968375,-1.5158750664548462,1,0,0,0,0,0,0,0,1,0,0
0,0,0,0,-0.7931549280876836,1,1,0,1,1,0,0,0,1,0.6477438243133932,-0.5444201822524479,-0.031297311737476054,0,0,0.5457124539501655,1.1651256798181713,1,0,0,0,0,1,0,1,0,0,1
0,0,1,0,0.6722515261016999,1,0,0,0,0,0,0,0,1,-1.4859572302583868,-0.5818269068323596,-1.109762475828853,1,1,-1.4914160562724308,0.11310890714345909,0,1,0,1,0,0,0,0,0,1,0
1,0,0,0,-0.7524491932490895,1,0,0,0,0,0,0,0,0,-1.5042081724048018,-0.8771096670206481,-1.109762475828853,0,1,-1.4387111669708155,-0.7115876583703826,0,1,0,0,1,0,0,1,0,0,0
1,1,1,0,-0.3453918448631497,1,1,1,0,0,0,0,0,1,0.4619160497317138,-0.2312787277485885,-0.5705298937831644,1,0,0.2946711032050144,1.9298467162566613,1,0,0,0,0,1,0,1,0,0,1
1,0,1,1,-1.1595065416350294,1,1,0,0,1,0,1,1,0,1.2019087949409006,-0.8395932453012058,0.5079352703082123,1,0,1.04350004329921,1.8023623721709863,1,0,0,0,0,1,0,0,0,0,1
1,0,0,1,0.6722515261016999,1,1,0,0,0,1,1,1,1,1.1836578527944854,1.2155826638033287,0.5079352703082123,1,1,1.2746958981953098,-1.0984096188614019,1,0,1,0,0,0,0,0,0,1,1
1,0,0,0,-1.1595065416350294,1,0,0,0,0,0,0,0,0,-1.5241182911099815,-0.9766927302864661,-1.109762475828853,0,0,-1.5411075494368465,0.24849659331531512,0,1,0,0,0,0,1,0,0,0,0
0,0,0,0,1.5677776925507676,1,1,0,0,0,0,0,0,0,-1.3399496930870676,-0.25457840018487365,-1.109762475828853,0,0,-1.3475120352714307,0.13270029034298994,0,1,0,1,0,1,0,0,0,1,0
1,0,0,0,0.9978974048104517,1,0,0,0,0,0,0,0,0,-1.469365464670737,-0.515021348858265,-1.109762475828853,0,1,-1.4952846473918084,0.35053470784665514,0,1,0,1,0,0,0,0,0,1,0
1,0,0,0,-0.5489205190561197,1,1,1,0,1,0,0,0,1,0.6576988836659831,-0.2840649912906809,-0.031297311737476054,0,0,0.7281601102709828,-0.8415135383408135,1,0,0,0,0,1,0,1,0,0,0
1,0,0,0,-0.5489205190561197,1,0,0,1,0,0,0,0,1,0.29599839385521454,-0.38386744883555984,-0.5705298937831644,0,1,0.33205867292584695,-0.4293099391918755,1,0,0,0,1,0,0,1,0,0,1
1,0,0,0,-0.7117434584104956,1,0,0,0,1,0,1,0,0,0.6759498258123978,-0.4736655272552541,-0.031297311737476054,0,0,0.5421575858273266,1.5336029247651952,1,0,0,0,0,1,0,1,0,0,0
0,1,1,0,0.7129572609402939,1,1,1,1,1,0,1,1,0,1.4541036318731793,1.374533818983071,1.5864004343995892,1,1,1.4459526872479846,0.046253505565807373,1,0,0,0,0,0,0,0,0,1,0
0,0,0,0,-0.5896262538947137,1,1,0,1,0,0,1,0,1,0.8319124223363072,-0.3387380456326986,-0.031297311737476054,0,1,0.6589408011801987,1.9841010597564412,1,0,0,0,1,0,0,1,0,0,1
1,0,1,1,0.14307697319997809,0,0,1,0,1,1,1,1,0,-0.14036504109997808,-0.02842677732872689,1.5864004343995892,1,1,-0.09487435757674932,-0.5244273544746048,0,0,1,0,1,0,0,0,1,0,0
1,0,1,0,0.22448844287716607,1,1,0,0,1,1,0,1,0,0.13505826765501053,0.16240236659858806,0.5079352703082123,1,1,0.17571659098405928,-0.4774172388468442,0,0,1,0,1,0,0,0,1,0,0
0,0,1,1,1.6084834273893616,1,1,1,1,1,1,1,0,0,1.3661672742586346,2.351057755083875,1.5864004343995892,1,1,1.3703386343544695,-0.09413428533844605,1,0,0,1,1,0,0,0,0,1,0
1,1,0,0,-1.2409180113122174,0,0,0,0,0,0,0,0,1,-1.3432680462045974,-0.9880792933697353,-1.109762475828853,0,0,-1.3628444877518981,0.27255024314280224,0,0,0,0,0,0,1,0,0,0,1
0,0,0,0,0.631545791263106,1,0,0,1,0,0,0,0,0,0.33913698438310474,0.646473903918924,-0.5705298937831644,0,0,0.45194379277740754,-1.323409422910963,1,0,1,0,0,1,0,0,1,0,0
0,0,0,0,-1.2816237461508113,1,1,0,0,0,0,0,0,1,-0.49211047155815646,-0.9869384431186178,-1.109762475828853,0,0,-0.4909685387220362,0.0031493650749470433,0,0,0,0,0,0,1,0,0,0,1
1,0,1,1,1.4863662228735797,1,0,1,1,0,1,1,1,1,1.3744631570524595,2.1774510620628535,1.5864004343995892,1,1,1.3336098539662844,0.42928243100422325,1,0,0,1,1,0,0,0,0,1,0
0,0,0,0,-0.8338606629262776,1,0,0,0,0,0,0,0,1,-0.6613464805521857,-0.7788429694291967,-1.109762475828853,0,1,-0.7028713429059227,0.5050688581418445,0,0,0,0,0,0,0,0,0,0,0
0,0,1,1,-1.1595065416350294,1,0,0,0,0,0,0,0,1,-1.4925939364934466,-0.9725461784122118,-1.109762475828853,1,0,-1.4629365084659525,-0.29511589278589373,0,1,0,0,0,1,0,0,0,0,0
1,0,0,1,-1.2816237461508113,1,0,0,0,0,0,0,0,1,0.18317438785919538,-0.9780090959608324,-1.109762475828853,1,0,0.18237778244523858,0.0031493650749470433,1,0,0,0,0,0,1,0,0,0,1
0,0,1,0,0.5501343215859179,1,1,0,0,0,0,0,0,1,-1.3432680462045974,-0.5411073286386257,-1.109762475828853,1,1,-1.3817983127308084,0.4930071728660315,0,1,1,0,0,0,0,0,1,0,0
1,0,0,1,1.3642490183577978,1,0,0,0,0,0,0,0,0,-1.472683817788267,-0.41344179765299155,-1.109762475828853,1,0,-1.4683258859900001,-0.0015155851946260703,0,1,0,1,0,0,1,0,0,1,0
0,0,0,1,-0.8745663977648716,0,0,1,0,0,1,0,0,1,-0.9583390845711194,-0.8322654763805664,-0.031297311737476054,1,0,-0.9376602014128573,-0.208522753406941,0,0,1,0,0,0,1,0,0,0,0
1,0,0,1,-0.3453918448631497,0,0,1,0,0,1,0,0,0,-0.9682941439237093,-0.6443762157926695,-0.031297311737476054,1,0,-1.0032852728452126,0.4393222152800461,0,0,0,1,0,0,1,1,0,0,0
1,0,1,1,1.5270719577121736,1,1,1,1,1,1,1,1,0,1.6532048189249784,2.4321897594806576,2.1256330164452777,1,1,1.5582826414509972,1.0488646101465016,1,0,0,1,1,0,0,0,0,1,0
1,0,1,0,1.2421318138420157,1,0,0,0,0,0,0,0,1,-1.4925939364934466,-0.46710563831132823,-1.109762475828853,1,1,-1.5001608136901878,0.13784980410887532,0,1,0,1,0,0,0,0,0,1,0
0,0,0,0,-1.0780950719578415,1,0,0,0,0,0,0,0,0,-1.4909347599346818,-0.9610060393335998,-1.109762475828853,0,0,-1.5464843935247912,0.6958944801065756,0,1,0,0,0,0,1,0,0,0,0
1,0,0,0,-0.7524491932490895,1,0,0,0,0,0,0,0,0,-1.4942531130522119,-0.8844154965133817,-1.109762475828853,0,0,-1.4780625753507213,-0.13842354533826307,0,1,0,0,0,0,1,1,0,0,0
1,0,1,1,1.4863662228735797,1,1,0,0,0,0,0,0,1,-1.2918335728828827,-0.2206161657862207,-1.109762475828853,1,1,-1.287173049885434,-0.011073662649131474,0,1,0,1,0,0,0,0,0,1,0
0,0,0,0,-1.0373893371192475,1,1,1,0,0,0,0,0,1,-0.37430893588584213,-0.8314975964038526,-0.5705298937831644,0,0,-0.23737057360708846,-1.5802680407116343,0,0,0,0,0,1,0,0,0,0,0
1,0,1,0,-1.2002122764736234,1,1,0,0,0,1,0,0,1,0.48846287467195404,-0.8984567303732899,-0.5705298937831644,1,1,0.6279665027590454,-1.638913129814838,1,0,0,0,0,0,0,0,0,0,1
0,0,1,0,1.0386031396490458,1,1,1,0,0,1,0,0,1,-0.12875080518862334,0.5175139466868294,-0.031297311737476054,1,1,-0.16410776204425084,0.4155450441862065,0,0,1,0,0,0,0,0,0,1,0
0,0,0,1,-0.8745663977648716,0,0,0,0,0,0,0,0,0,-1.3183803978231226,-0.8680486832954262,-1.109762475828853,1,0,-1.182964612809736,-1.5310361548309577,0,0,0,0,0,1,0,0,0,0,0
1,0,0,0,1.6084834273893616,1,1,1,1,1,1,1,1,0,1.6084070518383238,2.5733919174843596,2.1256330164452777,0,1,1.6031973437016291,0.006891043937000834,1,0,0,1,0,0,0,0,0,1,0
0,0,0,0,1.2014260790034217,1,1,0,0,0,0,0,0,1,-1.2984702791179428,-0.3226783844054285,-1.109762475828853,0,1,-1.3140392875690121,0.22444294348782803,0,1,0,1,1,0,0,0,0,1,0
1,0,0,0,-1.2409180113122174,1,0,0,0,0,0,0,0,0,-1.4959122896109767,-0.9862802602814346,-1.109762475828853,0,0,-1.2950135315655145,-2.286758098501824,0,1,0,0,0,0,1,0,0,0,0
0,0,0,0,-0.06045170099299184,1,1,1,1,0,0,1,1,0,1.3080960947018598,0.39765885203576906,1.0471678523539008,0,0,1.272849794842078,0.3662818850512017,1,0,0,0,0,1,0,0,1,0,0
1,0,1,0,-1.2816237461508113,0,0,0,0,0,0,0,0,1,-1.3764515773798973,-0.9986321581925727,-1.109762475828853,1,0,-1.3727709691450274,0.0031493650749470433,0,0,0,0,0,1,0,0,0,0,1
1,0,0,0,-1.1595065416350294,1,0,0,0,0,0,0,0,0,-1.5008898192872717,-0.9572324577337493,-1.109762475828853,0,0,-1.1742413412824404,-3.74922000801304,0,1,1,0,0,0,1,0,0,0,0
1,0,1,0,0.590840056424512,1,1,0,0,0,0,1,1,1,1.0044667844478665,0.9932704408307508,-0.031297311737476054,1,1,1.0636874088274362,-0.7223496561047472,1,0,1,0,1,0,0,0,1,0,0
0,0,0,0,0.346605647392948,1,1,0,1,1,0,1,1,1,0.5183280527297236,0.4232402249742894,1.0471678523539008,0,0,0.4853775742379554,0.365948805399775,0,0,1,0,0,1,0,0,1,0,0
0,0,0,0,0.590840056424512,0,0,1,0,1,1,0,0,0,-0.7642154271956153,-0.18608350626200892,0.5079352703082123,0,0,-0.8285041063770626,0.7732755833813851,0,0,0,1,0,0,1,0,1,0,0
1,0,0,0,-1.2816237461508113,0,0,0,0,0,0,0,1,1,-0.9782492032762992,-0.993366695495107,-0.5705298937831644,0,0,-0.9757117134198532,0.0031493650749470433,0,0,0,0,0,1,0,0,0,0,1
0,0,0,1,-0.9966836022806536,1,0,0,0,0,0,0,0,0,-1.4925939364934466,-0.9339327852974642,-1.109762475828853,1,0,-1.4418427355055528,-0.5404631210262618,0,1,0,0,0,0,1,0,0,0,0
0,0,1,1,0.06166550352279012,1,0,1,1,1,1,1,1,0,0.6576988836659831,0.23699642147935046,2.1256330164452777,1,0,0.6146176560490032,0.4791286475435786,0,0,0,1,0,0,1,0,1,0,0
1,0,1,1,0.428017117070136,1,1,0,0,0,0,0,0,0,-1.3499047524396575,-0.5359296236527845,-1.109762475828853,1,0,-1.3192141393030274,-0.3118975089446046,0,1,0,1,0,0,1,0,1,0,0
0,0,0,0,-1.1595065416350294,1,0,1,0,0,0,0,0,1,-0.4771778825292717,-0.9055212261590562,-0.5705298937831644,0,1,-0.19937814779886134,-3.215228981842828,0,0,0,0,0,0,0,0,0,0,0
1,0,1,0,0.8350744654560759,1,1,0,1,0,1,0,1,0,1.089084788944881,1.2039767064409983,0.5079352703082123,1,1,0.999814160564353,1.0019658281001118,1,0,1,0,0,0,0,0,0,1,0
1,0,0,0,1.4863662228735797,1,1,1,1,1,1,1,1,0,0.8534817176002523,1.7651433934233929,2.1256330164452777,0,0,0.8830099389395213,-0.37194813078557687,0,0,0,1,0,0,1,0,0,1,0
1,0,0,0,-1.2002122764736234,1,1,0,0,0,0,0,0,0,0.31756768911915967,-0.9135071779168791,-1.109762475828853,0,0,0.24965726744311528,0.7792804661751969,1,0,0,0,0,1,0,0,0,0,0
0,0,1,1,1.2828375486806096,1,0,1,0,0,1,1,0,0,0.028870967894050924,0.7760701045602956,0.5079352703082123,1,0,-0.045517686205356345,0.8642700288989839,0,0,1,0,0,0,1,0,0,1,0
1,0,0,1,-0.9152721326034655,1,1,0,0,0,0,0,0,0,-1.3316538102932427,-0.9106769917169912,-1.109762475828853,1,1,-1.4078445367340846,0.9306581024228494,0,1,0,0,1,0,0,0,0,0,0
1,0,0,0,-0.30468611002455576,1,0,0,0,0,0,0,0,0,-1.4710246412295018,-0.7713177456574022,-1.109762475828853,0,0,-1.4319989747906996,-0.4048005359992336,0,1,0,0,0,0,1,0,1,0,0
1,0,0,1,-1.2816237461508113,1,0,1,0,0,0,0,0,0,-0.47551870597050655,-0.9867190488395567,-0.5705298937831644,1,0,-0.47442440306682065,0.0031493650749470433,0,0,0,0,0,0,1,0,0,0,1
1,0,0,0,-0.019745966154397852,1,1,1,0,0,1,0,0,0,0.7539311240743528,0.20494291730852887,-0.031297311737476054,0,1,0.7117901234121377,0.4649794417627003,1,0,0,0,0,0,0,0,1,0,0
1,0,0,0,0.14307697319997809,1,0,1,0,1,1,1,1,1,0.473530285643069,0.24379764413024352,1.5864004343995892,0,1,0.47534685133968113,-0.03694005130419447,0,0,0,0,1,0,0,0,1,0,0
0,0,0,0,-0.10115743583158582,1,0,1,1,0,0,0,0,1,-0.3195561094465974,-0.3373119828188017,-0.031297311737476054,0,1,-0.46052732911643973,1.6503433052612637,0,0,0,0,0,0,0,0,1,0,0
0,0,0,0,-0.30468611002455576,1,0,1,1,1,1,1,0,0,0.3109309828840996,-0.19110763525250735,1.5864004343995892,0,0,0.318105871360627,-0.09383495102947913,0,0,1,0,0,0,1,0,1,0,1
1,1,1,1,-0.1418631706701798,1,1,0,0,1,0,1,1,1,1.2948226822317401,0.2919985672399598,0.5079352703082123,1,0,1.2340713714242026,0.6633805810294173,1,0,0,0,0,1,0,0,1,0,0
0,0,0,0,-1.2816237461508113,1,1,0,0,0,0,0,0,0,0.3673429858821094,-0.9755738194632545,-1.109762475828853,0,0,0.36601768821813163,0.0031493650749470433,1,0,0,0,0,1,0,0,0,0,1
0,0,1,0,0.9978974048104517,1,1,0,1,1,1,1,1,1,1.4756729271371243,1.7346914674897167,1.5864004343995892,1,1,1.4809763321820824,-0.11095777375579542,1,0,1,0,0,0,0,0,0,1,0
1,0,0,0,-0.30468611002455576,1,0,0,0,0,0,0,0,0,-1.4942531130522119,-0.7847885543917517,-1.109762475828853,0,1,-1.472631371959909,-0.20159530225662448,0,1,1,0,1,0,0,0,1,0,0
1,1,1,0,-0.019745966154397852,1,1,0,1,1,0,1,1,0,1.3744631570524595,0.535943066127959,1.0471678523539008,1,1,1.4917944191316304,-1.410603903535609,1,0,0,0,0,0,0,0,1,0,1
1,0,1,1,1.5677776925507676,1,1,1,1,1,1,1,1,0,0.7273842991341125,1.7395620204848725,2.1256330164452777,1,1,0.7704402493898528,-0.5250823364886897,0,0,0,1,0,0,0,0,0,1,0
0,0,0,0,-1.1595065416350294,0,0,1,0,1,0,0,0,0,-0.9931817923051841,-0.9493562031154571,-0.031297311737476054,0,0,-1.0257577237768805,0.4120614121422276,0,0,0,0,0,0,1,0,0,0,0
0,0,1,0,0.9164859351332638,1,1,1,1,1,1,1,1,1,0.8368899520126024,1.1485796509780792,2.1256330164452777,1,0,0.8093704435312635,0.2921430342750153,0,0,1,0,0,1,0,0,0,1,0
0,0,1,1,-0.6303319887333076,1,0,1,0,0,1,1,0,0,0.8933019550106117,-0.31807110454514614,0.5079352703082123,1,0,0.9157695841964432,-0.29115411516725376,1,0,0,0,0,1,0,1,0,0,1
1,0,1,1,1.2421318138420157,1,1,0,0,0,0,0,0,0,-1.3366313399695375,-0.3180491651172401,-1.109762475828853,1,1,-1.3217467539417198,-0.1284966422348552,0,1,0,1,1,0,0,0,0,1,0
1,1,0,0,-1.0373893371192475,0,0,0,1,0,1,0,1,1,-0.6812565992573657,-0.8922917511316739,0.5079352703082123,0,0,-0.8922820007585517,2.477239061616475,0,0,0,0,0,1,0,0,0,0,0
1,0,1,0,1.6084834273893616,1,1,1,1,1,1,1,1,1,1.7544145890096428,2.8018691196985532,2.1256330164452777,1,1,1.842489883581372,-1.0830065560240205,1,0,1,0,0,0,0,0,0,1,1
0,1,0,0,0.5094285867473239,0,0,0,0,0,0,0,1,0,-1.0197286172454239,-0.30835193798274096,-0.5705298937831644,0,0,-0.9747190652805404,-0.48946938339198637,0,0,1,0,0,1,0,0,1,0,0
0,0,0,1,-1.2816237461508113,1,0,0,0,0,0,1,1,1,0.8103431270723621,-0.9697159922123241,-0.031297311737476054,1,0,0.8077461102123878,0.0031493650749470433,1,0,0,0,0,1,0,0,0,0,0
0,0,1,1,1.6084834273893616,1,1,1,0,1,1,1,1,1,1.510515634871189,2.527209421742005,1.5864004343995892,1,1,1.5548287248763113,-0.5658530847330535,1,0,0,1,0,0,0,0,0,1,0
1,0,0,0,-0.8338606629262776,1,0,0,0,0,0,1,0,1,0.5481932307874936,-0.6087465848731524,-0.5705298937831644,0,0,0.36601768821813163,2.100627630031823,1,0,0,0,0,1,0,0,0,0,0
1,1,1,0,-0.10115743583158582,1,1,0,0,0,1,1,1,1,1.2135230308522553,0.2713096867245013,0.5079352703082123,1,0,1.069308894921347,1.636873261357867,1,0,0,0,0,1,0,0,1,0,0
1,1,1,0,1.6084834273893616,1,1,1,1,1,1,1,1,1,1.5918152862506738,2.5283722114210287,2.1256330164452777,1,1,1.5560465570842643,0.3628850613838142,1,0,0,0,1,0,0,0,0,1,0
0,1,1,0,-0.30468611002455576,1,0,0,0,0,0,0,0,1,0.14501332700760036,-0.21335421514929945,-1.109762475828853,1,0,0.2510028571430728,-1.2376341076261488,1,0,0,0,0,1,0,0,1,0,0
1,0,1,1,-0.22327464034736777,1,1,0,1,0,1,0,0,1,0.6726314726948681,-0.06482428822495784,-0.031297311737476054,1,1,0.48807664460772204,2.1241467543075903,1,0,0,0,1,0,0,0,1,0,0
1,0,1,1,1.0386031396490458,1,1,1,1,1,1,0,0,0,0.22133544871078992,0.8472635481156114,1.0471678523539008,1,1,0.26461354640038776,-0.510769305032331,0,0,0,1,1,0,0,0,0,1,0
1,0,0,0,-1.2409180113122174,1,0,0,0,0,0,0,0,1,-0.6613464805521857,-0.966600593449657,-1.109762475828853,0,0,-0.5530090474290947,-1.2380189660233876,0,0,0,0,0,0,1,0,0,0,1
1,0,1,0,1.1200146093262338,1,0,1,0,0,0,1,0,1,-0.17023021915774814,0.553670123876093,-0.031297311737476054,1,0,-0.1848193084222717,0.17537349783975387,0,0,1,0,0,0,1,0,0,1,0
0,0,1,1,-0.5082147842175256,1,0,0,0,0,0,0,0,0,-1.5008898192872717,-0.8353369962874212,-1.109762475828853,1,1,-1.4942049248543101,-0.02763930670423715,0,1,1,0,0,0,0,1,0,0,0
0,1,0,0,1.2421318138420157,1,1,1,1,1,1,1,0,0,0.5996277041092083,1.2916685997817066,1.5864004343995892,0,1,0.6050147971040322,-0.0826801663729786,0,0,1,0,0,0,0,0,0,1,0
1,0,1,1,-0.7524491932490895,1,0,0,0,0,0,0,0,0,-1.4992306427285067,-0.8731825094254552,-1.109762475828853,1,0,-1.417558307811647,-0.8998933741627113,0,1,1,0,0,0,1,1,0,0,0
0,0,0,0,-0.1418631706701798,1,0,0,0,0,0,0,0,0,-1.4793205240233267,-0.7380356335238385,-1.109762475828853,0,0,-1.4443100936679254,-0.35782126957754895,0,1,1,0,0,0,1,0,1,0,0
0,0,1,0,-1.2816237461508113,1,0,0,0,0,0,0,0,1,0.13339909109624562,-0.9786672787980156,-1.109762475828853,1,0,0.1327453754795918,0.0031493650749470433,1,0,0,0,0,1,0,0,0,0,1
1,0,0,0,-0.1418631706701798,1,0,0,1,0,1,1,0,0,0.8202981864249524,0.14230585063659454,0.5079352703082123,0,0,0.8448277935775267,-0.31269994024598763,1,0,0,0,0,0,1,0,1,0,0
1,0,0,0,-1.1595065416350294,1,1,0,0,0,0,0,0,0,-0.4373576451189118,-0.9206813708421758,-1.109762475828853,0,1,-0.4851780912427109,0.570815501003643,0,0,0,0,1,0,0,0,0,0,1
0,0,0,0,1.5270719577121736,1,1,1,1,1,1,1,1,0,1.679751643865218,2.557376135112902,2.1256330164452777,0,1,1.693140981520512,-0.21182153966899925,1,0,1,0,1,0,0,0,0,1,1
0,0,1,1,-1.0780950719578415,1,0,1,1,0,0,0,0,0,-0.29964599074141746,-0.8486103501706157,-0.031297311737476054,1,1,-0.13389094416363279,-1.9179354678136917,0,0,0,0,1,0,0,0,0,0,1
1,1,0,0,-1.1595065416350294,1,0,0,0,1,0,1,1,1,0.9895341954189815,-0.823577462929748,0.5079352703082123,0,0,1.3454305190068947,-4.172564244976811,1,0,0,0,0,1,0,0,0,0,0
1,0,1,1,0.5501343215859179,1,0,0,0,0,0,0,0,0,-1.4992306427285067,-0.6330993498489307,-1.109762475828853,1,1,-1.5326017057793277,0.4382066836938439,0,1,0,1,1,0,0,0,1,0,0
1,0,0,0,-0.9559778674420595,1,0,0,0,0,0,0,0,1,-0.6812565992573657,-0.8561575133703163,-1.109762475828853,0,0,-0.8687263028494592,2.203256535962434,0,0,0,0,0,0,1,0,0,0,0
1,0,0,0,-1.2816237461508113,1,0,0,0,0,0,0,0,1,0.21303956591696496,-0.9776141862585225,-1.109762475828853,0,0,0.21215722662462638,0.0031493650749470433,1,0,0,0,0,0,1,0,0,0,1
1,0,0,0,-0.06045170099299184,1,0,0,1,1,0,1,1,1,1.2102046777347255,0.37047590086010307,1.0471678523539008,0,0,1.2067266204007487,4.566832301604763e-05,1,0,0,0,0,1,0,0,1,0,0
1,1,0,0,-1.2816237461508113,1,1,0,0,0,0,0,0,1,0.3457736906181643,-0.975859032026034,-1.109762475828853,0,0,0.34451031186635117,0.0031493650749470433,1,0,0,0,0,1,0,0,0,0,1
1,0,1,1,0.5094285867473239,1,1,1,1,0,1,1,0,0,0.29599839385521454,0.4702344795491697,1.0471678523539008,1,1,0.3299882372356621,-0.40522815644061394,0,0,0,1,1,0,0,0,1,0,0
0,0,0,0,-0.8745663977648716,1,0,1,0,1,0,0,1,0,-0.029200211662723803,-0.6868728876467979,0.5079352703082123,0,1,0.059048771197268035,-1.0254721693659608,0,0,0,0,0,0,0,0,0,0,0
0,0,0,0,1.2421318138420157,1,1,0,1,1,1,1,1,1,1.490605516166009,2.0638925832208463,1.5864004343995892,0,1,1.5293330301076486,-0.5002209830609136,1,0,0,0,1,0,0,0,0,1,0
0,0,0,0,-1.2002122764736234,1,1,0,0,0,0,0,0,0,-1.3382905165283026,-0.9710323578866905,-1.109762475828853,0,0,-1.196300188822728,-1.606841596711521,0,1,0,0,0,0,1,0,0,0,0
1,0,1,1,-0.6710377235719016,1,0,1,0,1,0,1,0,0,-0.02256350542766374,-0.5596022663634735,0.5079352703082123,1,0,-0.0310415675070427,0.09936396438489542,0,0,0,1,0,0,1,1,0,0,0
0,0,1,1,-0.5489205190561197,1,0,0,0,0,0,0,0,0,-1.4842980536996218,-0.8412167629662578,-1.109762475828853,1,0,-1.48309423164586,0.03555849326356133,0,1,0,0,0,0,1,1,0,0,0
1,0,1,0,1.5677776925507676,1,0,0,1,1,1,1,1,1,0.4702119325255387,1.4328707577854087,1.5864004343995892,1,1,0.4447071897782204,0.2809520813924019,0,0,0,1,1,0,0,0,0,1,0
1,0,0,0,-0.6303319887333076,1,1,0,0,1,1,0,0,0,0.7240659460165827,-0.3901201857888002,-0.031297311737476054,0,0,0.5961758107156897,1.4633474016612233,1,0,1,0,0,1,0,1,0,0,0
1,0,1,1,0.7129572609402939,1,0,0,0,0,0,0,0,1,-0.6679831867872458,-0.030050294993778898,-1.109762475828853,1,1,-0.6723915303171306,0.07357845176982919,0,0,1,0,0,0,0,0,0,1,0
1,0,0,0,-1.2409180113122174,1,0,0,0,0,0,0,0,1,0.21138038935820005,-0.9397028548367703,-1.109762475828853,0,1,0.4611464682356213,-2.91215299401649,1,0,0,0,1,0,0,0,0,0,0
1,0,0,0,0.06166550352279012,1,0,0,0,0,0,0,0,0,-1.5008898192872717,-0.7124762000132243,-1.109762475828853,0,0,-1.491207516747365,-0.06250294974831229,0,1,0,0,0,0,1,0,1,0,0
1,0,1,0,0.387311382231542,1,1,1,0,0,0,0,0,0,-0.29300928450635744,0.038400720073273664,-0.5705298937831644,1,1,-0.26829235096267023,-0.27770563195837694,0,0,1,0,1,0,0,0,1,0,0
0,0,1,1,1.4863662228735797,1,1,1,0,1,0,0,0,0,0.6477438243133932,1.5573770111525636,-0.031297311737476054,1,1,0.6559476713237359,-0.11704916333834942,1,0,1,0,0,0,0,0,0,1,0
0,0,0,0,-0.9559778674420595,1,0,0,0,0,0,0,0,1,-0.6878933054924254,-0.8319363849619748,-1.109762475828853,0,1,-0.6657849054788143,-0.23417997988959247,0,0,0,0,0,0,0,0,0,0,1
1,0,0,0,-1.1595065416350294,0,0,0,0,0,1,0,0,0,-1.1425076825940335,-0.9569691845988761,-0.5705298937831644,0,0,-1.1692781005858757,0.34952192259076065,0,0,0,0,0,1,0,0,0,0,0
0,0,1,0,0.8757802002946699,1,1,1,1,1,1,1,1,1,1.6498864658074486,1.6455296324792996,2.1256330164452777,1,0,1.5581145740411664,1.0123336067259656,1,0,1,0,0,0,1,0,0,1,0
0,0,0,0,0.020959768684196134,1,1,1,0,0,1,0,0,0,-0.18350363162786804,-0.15205545357963762,-0.031297311737476054,0,0,-0.19066740970766846,0.08945094506205307,0,0,1,0,0,1,0,0,1,0,0
0,0,0,1,-0.8338606629262776,1,1,0,0,0,0,1,0,1,0.634470411843273,-0.58481066902759,-0.5705298937831644,1,0,0.5164314548834668,1.3517573320693885,1,0,0,0,0,1,0,0,0,0,0
1,0,1,1,1.5677776925507676,1,1,1,0,1,1,1,1,0,0.680927355488693,1.7558191365632976,1.5864004343995892,1,0,0.7877067346300142,-1.2647151294938923,0,0,1,0,0,1,0,0,0,1,0
1,0,0,0,-1.2002122764736234,0,0,0,0,0,1,0,0,1,-1.1673953309755083,-0.9664250780264081,-0.5705298937831644,0,0,-1.0804912392362187,-0.9718252412658624,0,0,0,0,0,1,0,0,0,0,0
0,0,0,0,-1.0373893371192475,1,0,0,0,1,0,0,0,1,0.33913698438310474,-0.7785577568664174,-0.5705298937831644,0,0,0.33292941690770045,0.06087812466091826,1,0,0,0,0,1,0,0,0,0,0
0,0,0,0,0.22448844287716607,1,0,0,0,0,0,0,0,0,-1.4892755833759168,-0.6835600340329758,-1.109762475828853,0,0,-1.503034268830304,0.20975755727736264,0,1,0,1,0,0,1,0,1,0,0
1,0,1,1,-0.5489205190561197,1,0,0,0,0,0,0,0,0,-1.4942531130522119,-0.85196708264025,-1.109762475828853,1,0,-1.5257606867566793,0.41636574947977817,0,1,1,0,0,0,1,1,0,0,0
0,0,1,0,1.5270719577121736,1,1,0,1,1,1,1,1,1,0.659358060224748,1.5876314822350845,1.5864004343995892,1,1,0.6484733528116768,0.10458704263314814,0,0,0,1,0,0,0,0,0,1,0
1,0,1,0,0.8757802002946699,0,0,0,1,0,0,0,0,0,-1.1458260357115635,-0.29749192116921824,-0.5705298937831644,1,0,-1.1552155852789425,0.1474712640398696,0,0,0,0,0,1,0,0,0,1,0
0,0,1,1,0.9571916699718578,1,1,1,0,0,0,1,0,0,0.008960849188871207,0.5321694845281086,-0.031297311737476054,1,1,-0.07349500132230113,0.9587665103641121,0,0,1,0,0,0,0,0,0,1,0
0,0,0,0,1.3235432835192036,1,0,1,1,0,1,0,0,1,-0.17686692539280796,0.632059699784612,0.5079352703082123,0,0,-0.24494451527078406,0.7977339329146445,0,0,0,1,0,0,1,0,0,1,0
1,0,0,1,0.1023712383613841,1,0,0,0,1,0,1,0,1,0.6709722961361032,0.320870854364396,-0.031297311737476054,1,0,0.716375212436583,-0.5504969292400104,1,0,1,0,0,1,0,0,1,0,1
0,0,1,0,1.2421318138420157,1,1,0,1,0,0,0,0,1,0.5515115839050234,1.1977678483435703,-0.5705298937831644,1,1,0.49261971677971,0.666571935554971,1,0,0,0,0,0,0,0,0,1,0
0,1,1,0,0.18378270803857208,1,0,0,0,0,0,0,0,0,-1.5042081724048018,-0.6895714372792491,-1.109762475828853,1,0,-1.4978356919224278,-0.023894738514875155,0,1,1,0,0,0,1,0,1,0,0
1,0,0,0,-1.1595065416350294,1,1,0,1,0,0,0,1,1,0.8335715988950722,-0.8474036816357798,-0.031297311737476054,0,0,0.8962572359677917,-0.7569459694736485,1,0,0,0,0,1,0,0,0,0,1
0,0,0,0,-0.9152721326034655,1,1,1,0,0,0,1,1,1,1.1206091435614158,-0.5818707856881717,0.5079352703082123,0,0,1.0716250739130768,0.5323296612796631,1,0,0,0,0,1,0,0,0,0,1
0,1,0,0,-1.2816237461508113,1,0,0,0,0,0,0,0,1,0.1732193285066055,-0.9781407325282689,-1.109762475828853,0,0,0.17245130105210932,0.0031493650749470433,1,0,0,0,0,1,0,0,0,0,1
0,0,1,1,1.5270719577121736,1,0,0,0,0,0,0,0,0,-1.497571466169742,-0.40394202536964735,-1.109762475828853,1,1,-1.496970158956682,0.043009699074782484,0,1,0,1,0,0,0,0,0,1,0
0,0,0,0,-0.4268033145403377,1,1,0,0,0,1,1,0,1,0.8319124223363072,-0.1340651226966302,-0.031297311737476054,0,0,0.8500088567498024,-0.2382618113754681,1,0,0,0,0,1,0,1,0,0,1
0,0,0,0,-1.0373893371192475,1,0,1,1,0,1,1,1,1,0.450301813820359,-0.7583515437648932,1.5864004343995892,0,0,0.5506029731713226,-1.181664700713272,0,0,0,0,0,1,0,0,0,0,0
1,0,1,0,-0.06045170099299184,1,1,0,0,0,0,1,0,1,-0.19511786753922303,-0.18277065264818684,-0.5705298937831644,1,1,-0.13905876288174068,-0.6455232560792218,0,0,0,0,1,0,0,0,1,0,0
0,0,1,1,1.4863662228735797,0,0,0,1,1,0,1,1,1,-0.3311703453579522,0.6464080856352056,1.0471678523539008,1,1,-0.3396256629891076,0.10940374866071828,0,0,0,1,1,0,0,0,0,1,0
0,1,0,0,-0.10115743583158582,1,1,0,1,1,0,1,1,1,1.2998002119080347,0.36058121887444894,1.0471678523539008,0,0,1.2937025215249207,0.027523730233467006,1,0,0,0,0,1,0,0,1,0,0
1,1,0,0,0.8350744654560759,0,0,0,1,1,0,1,1,1,-0.3477621109456021,0.24362212870699482,1.0471678523539008,0,0,-0.36657536780499056,0.23043366382222064,0,0,0,0,0,1,0,0,0,1,1
1,0,0,0,-1.2816237461508113,1,0,0,0,0,0,0,0,1,0.219676272152025,-0.977526428546898,-1.109762475828853,0,0,0.2187748808867127,0.0031493650749470433,1,0,0,0,0,0,1,0,0,0,1
0,0,1,0,1.5677776925507676,1,1,1,1,1,1,1,1,0,0.8352307754538371,1.7602289615724247,2.1256330164452777,1,0,0.7923903561324059,0.4703999825688954,0,0,0,1,0,1,0,0,0,1,0
1,1,0,0,0.18378270803857208,0,0,0,1,1,0,0,0,0,-0.9384289658659395,-0.43191479594993326,-0.031297311737476054,0,0,-0.9727158834498548,0.43013415444504177,0,0,0,0,0,1,0,0,1,0,0
1,1,1,0,1.4863662228735797,1,1,1,0,1,1,1,1,1,1.5138339879887188,2.3303030562846985,1.5864004343995892,1,0,1.5006576700675704,0.10271055914349667,1,0,1,0,0,0,1,0,0,1,0
1,0,1,0,-0.6710377235719016,1,0,1,1,0,0,0,0,0,0.5249647589647837,-0.42915042803376385,-0.031297311737476054,1,1,0.5837798737799068,-0.7016225748704238,1,0,0,0,0,0,0,1,0,0,0
1,0,0,0,-1.2816237461508113,1,0,0,0,0,0,0,0,0,-1.4925939364934466,-1.0001679181460001,-1.109762475828853,0,0,-1.4885799187315367,0.0031493650749470433,0,1,0,0,0,1,0,0,0,0,1
0,0,1,1,1.4863662228735797,1,1,1,0,0,1,0,0,0,-0.11713656927726834,0.7724939778116001,-0.031297311737476054,1,1,-0.2018297968868987,0.9890004043812283,0,0,0,1,1,0,0,0,0,1,0
1,0,1,0,-0.4675090493789317,1,1,0,1,1,1,1,1,1,1.535403283252664,0.0077952181442549695,1.5864004343995892,1,0,1.5022058997396521,0.33486065031496176,1,0,0,0,0,1,0,1,0,0,1
1,0,0,0,1.1607203441648277,1,1,1,0,1,0,1,1,1,1.3777815101699897,1.755511984572612,1.0471678523539008,0,0,1.2687036997140997,1.2227088435413795,1,0,0,0,0,1,0,0,0,1,0
0,0,1,0,0.22448844287716607,1,1,0,0,1,1,1,1,1,1.3296653899658049,0.7578165005424149,1.0471678523539008,1,0,1.357272637160102,-0.36550446807054,1,0,0,0,0,1,0,0,1,0,1
1,0,0,0,-1.2816237461508113,1,0,0,0,0,0,0,0,0,-1.5207999379924515,-1.000540888420404,-1.109762475828853,0,0,-1.5167049493454032,0.0031493650749470433,0,1,0,0,0,0,1,0,0,0,0
0,0,1,0,-0.38609757970174374,1,1,0,0,0,1,1,1,1,0.28936168762015496,-0.28810184602540456,0.5079352703082123,1,1,0.2146028814606151,0.859877623278314,0,0,0,0,1,0,0,1,0,0,0
1,0,0,0,-1.1595065416350294,1,1,0,0,0,0,0,0,0,-0.4821554122055666,-0.9182680337725041,-1.109762475828853,0,0,-0.439681718190868,-0.4779236314747949,0,0,0,0,0,0,1,0,0,0,1
0,0,1,1,-1.0780950719578415,1,0,0,0,0,0,1,0,0,-0.33448869847548224,-0.8531079328913675,-0.5705298937831644,1,0,-0.19041674098561948,-1.6645703562974923,0,0,0,0,0,1,0,0,0,0,0
0,0,0,1,-0.5489205190561197,1,1,1,1,0,1,1,0,1,0.36402463276457964,-0.4053242093277321,1.0471678523539008,1,0,0.24689991150057905,1.3501537554142298,0,0,0,0,0,0,1,1,0,0,0
1,0,1,1,1.2828375486806096,1,0,1,0,1,1,1,0,0,0.14335415044883548,0.9427000595071751,1.0471678523539008,1,0,0.15081467364052248,-0.09156188112078338,0,0,0,1,0,0,1,0,0,1,0
1,0,1,0,1.2014260790034217,1,1,0,0,0,0,0,0,1,-1.3664965180273074,-0.3740824639894363,-1.109762475828853,1,1,-1.3765601098918672,0.16267937812434516,0,1,1,0,1,0,0,0,0,1,0
1,0,0,0,-1.2816237461508113,1,1,1,0,0,0,0,0,1,0.5564891135813186,-0.9730727246819585,-0.5705298937831644,0,0,0.5546208346875895,0.0031493650749470433,1,0,0,0,0,1,0,0,0,0,1
0,0,1,1,-1.2816237461508113,0,0,1,0,0,0,0,0,0,-1.1425076825940335,-0.9955386988578115,-0.5705298937831644,1,1,-1.1394986564064877,0.0031493650749470433,0,0,0,0,0,0,0,0,0,0,1
1,0,0,0,-0.9966836022806536,0,0,1,0,0,0,0,0,0,-1.1806687434456282,-0.9139459664750011,-0.5705298937831644,0,0,-1.2534463907317852,0.8859183137437244,0,0,0,0,0,0,1,0,0,0,0
0,0,1,0,1.6084834273893616,1,1,1,1,1,1,1,1,1,1.6167029346321486,2.5558842540152864,2.1256330164452777,1,1,1.584860926683765,0.31638133838400434,1,0,0,1,1,0,0,0,0,1,0
1,0,0,0,-0.8745663977648716,1,0,0,1,1,1,0,0,1,-0.13372833486491825,-0.7068158276134489,0.5079352703082123,0,0,-0.07766594980810475,-0.6476111975305235,0,0,0,0,0,1,0,0,0,0,0
0,0,1,1,-0.30468611002455576,1,0,0,0,0,0,0,0,0,-1.4876164068171518,-0.7956485712052744,-1.109762475828853,1,0,-1.5053887605572358,0.2563861904587317,0,1,0,1,0,0,1,0,1,0,0
1,1,1,1,-0.2639803751859618,1,1,0,1,1,0,1,1,0,1.3545530383472797,0.1803049397699711,1.0471678523539008,1,0,1.3004431962829048,0.5841375224465591,1,0,0,0,0,1,0,0,1,0,1
0,0,1,1,-0.6303319887333076,1,0,1,1,0,0,1,1,0,0.3192268656779245,-0.47544262091564876,1.0471678523539008,1,0,0.21770437799137526,1.170175857881497,0,0,0,0,0,0,1,1,0,0,0
0,0,0,0,-0.8745663977648716,1,0,0,0,0,0,0,0,1,-0.6729607164635407,-0.8017038533073598,-1.109762475828853,0,0,-0.7281512835245363,0.664406065786956,0,0,0,0,0,0,1,0,0,0,0
0,0,0,0,1.4456604880349857,1,0,0,0,0,0,0,0,0,-1.4743429943470319,-0.38369193341231095,-1.109762475828853,0,1,-1.4553456697535596,-0.1717348183766659,0,1,0,1,1,0,0,0,0,1,0
1,0,0,0,1.0793088744876398,1,1,0,1,1,1,1,1,1,1.5403808129289587,1.8518699519362318,1.5864004343995892,0,0,1.507703252967459,0.3286482468082596,1,0,0,0,0,1,0,0,0,1,0
1,0,0,0,-0.9559778674420595,0,0,1,0,1,1,0,1,0,-0.4688819997354467,-0.8054993743351163,1.0471678523539008,0,0,-0.44427731142842775,-0.27052771740668563,0,0,1,0,0,0,1,0,0,0,0
1,1,0,0,-1.2409180113122174,1,1,0,0,0,0,0,0,1,0.25451897988608974,-0.9412166753622915,-1.109762475828853,0,0,0.40406920022512766,-1.7479563423661175,1,0,0,0,0,0,1,0,0,0,0
0,0,1,0,0.590840056424512,1,0,0,0,1,0,0,1,1,0.6759498258123978,0.7662631802862659,-0.031297311737476054,1,0,0.6994700223922962,-0.2961394523530215,1,0,0,0,0,1,0,0,1,0,1
1,1,0,0,0.020959768684196134,0,0,0,0,1,1,1,1,1,-0.34278458126930716,-0.21747882759564743,1.0471678523539008,0,0,-0.3401662355375257,-0.019009148705524906,0,0,0,0,0,1,0,0,1,0,0
1,0,1,1,0.5501343215859179,1,0,0,0,0,0,0,0,0,-1.4925939364934466,-0.6305104973560101,-1.109762475828853,1,1,-1.5283577753286421,0.4658160904523506,0,1,0,1,1,0,0,0,1,0,0
0,0,1,1,1.3235432835192036,1,1,0,1,1,1,1,1,1,1.522129870782544,2.170496263416618,1.5864004343995892,1,1,1.5398368392138744,-0.25677807552239046,1,0,0,1,1,0,0,0,0,1,0
0,0,1,1,0.631545791263106,0,0,0,0,0,1,0,0,1,-1.1756912137693334,-0.38450369224483694,-0.5705298937831644,1,1,-1.1677270878681996,-0.053376712019646805,0,0,0,0,1,0,0,0,1,0,0
1,0,0,0,-1.2409180113122174,1,0,0,0,0,0,0,0,1,-0.6281629493768859,-0.9718441167192164,-1.109762475828853,0,1,-0.7507114685089211,1.4463683547241726,0,0,0,0,1,0,0,0,0,0,1
0,0,0,0,-1.2816237461508113,1,0,0,0,1,0,0,0,1,0.32088604223668943,-0.9761881234446256,-0.5705298937831644,0,0,0.31969410838352774,0.0031493650749470433,1,0,0,0,0,0,1,0,0,0,1
1,0,0,1,-1.2816237461508113,1,0,0,0,1,0,0,0,1,-0.5004063543519814,-0.9870481402581484,-0.5705298937831644,1,0,-0.49924060654964403,0.0031493650749470433,0,0,0,0,0,1,0,0,0,0,0
0,0,0,0,-0.2639803751859618,1,1,0,0,1,0,0,0,1,0.5233055824060188,-0.04665844191870155,-0.5705298937831644,0,0,0.6421774910782687,-1.4001035602455272,1,0,0,0,0,1,0,0,1,0,0
0,0,1,1,-0.6710377235719016,1,0,0,0,0,0,0,0,0,-1.477661347464562,-0.8678951073000833,-1.109762475828853,1,0,-1.4840302814263526,0.12341761421238252,0,1,0,0,0,1,0,1,0,0,0
0,0,1,0,0.6722515261016999,1,1,1,1,1,1,0,1,0,1.3844182164050498,1.2615238258387163,1.5864004343995892,1,1,1.3453967554647415,0.40764339482697587,1,0,0,1,1,0,0,0,0,1,0
1,0,0,0,-0.019745966154397852,1,0,0,0,0,0,0,0,0,-1.4793205240233267,-0.6984788450091283,-1.109762475828853,0,1,-1.4171299328705744,-0.6739608775688142,0,1,1,0,1,0,0,0,1,0,0
1,0,0,0,-0.1418631706701798,1,0,0,0,0,0,0,0,1,-1.497571466169742,-0.7578469369230527,-1.109762475828853,0,0,-1.4958251091736483,0.029691323505276826,0,1,1,0,0,0,1,0,1,0,0
1,0,0,0,-1.2409180113122174,0,0,0,0,0,0,0,0,0,-1.3482455758808924,-0.9920503298207407,-1.109762475828853,0,0,-1.5125689154315993,1.956305731066899,0,0,0,0,0,0,1,0,0,0,0
0,1,1,0,1.5270719577121736,1,1,1,0,0,0,0,1,1,0.8601184238353119,1.8300841000254682,-0.031297311737476054,1,0,0.9096579858485163,-0.6049269025639316,1,0,0,0,0,1,0,0,0,1,0
1,1,1,0,0.7536629957788878,1,1,1,0,1,0,0,1,1,0.9530323111261518,1.1144419011561773,0.5079352703082123,1,1,0.9908994237601274,-0.4722639491624392,1,0,1,0,0,0,0,0,0,1,0
1,1,1,0,0.9164859351332638,1,1,1,1,0,0,0,0,0,-0.16359351292268806,0.4461449877082646,-0.031297311737476054,1,1,-0.153708813328805,-0.10950918393524577,0,0,1,0,1,0,0,0,0,1,0
1,1,0,0,-1.1188008067964355,1,1,0,1,0,0,0,1,1,0.8252757161012472,-0.7883866205683532,-0.031297311737476054,0,0,1.1773421007499048,-4.122532653335645,1,0,0,0,0,1,0,0,0,0,1
0,0,1,0,1.4863662228735797,1,1,0,0,0,0,0,0,1,-1.3266762806169474,-0.25492943103137145,-1.109762475828853,1,1,-1.3246730907039226,0.020997870454184196,0,1,0,1,1,0,0,0,0,1,0
1,0,1,0,-0.7524491932490895,1,0,0,0,1,0,0,0,0,-0.4887921184406264,-0.7154380227805487,-0.5705298937831644,1,1,-0.5678987695187888,0.9364309783814478,0,0,0,0,1,0,0,1,0,0,0
0,0,1,0,1.6084834273893616,1,1,0,1,1,0,1,1,1,1.2085455011759603,2.2043926795315523,1.0471678523539008,1,0,1.2167309303890301,-0.13556001559689482,1,0,1,0,0,1,0,0,0,1,0
0,0,1,0,1.5677776925507676,0,0,0,1,1,1,1,1,1,-0.11713656927726834,0.8824105116211943,1.5864004343995892,1,1,-0.13992994203777834,0.26902689161877263,0,0,0,1,1,0,0,0,0,1,0
0,0,0,0,0.346605647392948,1,0,0,0,0,0,0,0,0,-1.4760021709057967,-0.6685973442010111,-1.109762475828853,0,0,-1.5227576819021893,0.5931091276730202,0,1,0,0,0,1,0,0,1,0,0
0,0,0,1,-0.2639803751859618,0,0,1,0,0,1,0,1,0,-0.634799655611946,-0.5056312737144514,0.5079352703082123,1,0,-0.6889891162567707,0.651487741963522,0,0,0,0,0,0,1,0,1,0,0
0,0,0,0,-0.1418631706701798,1,0,0,0,0,0,1,0,1,0.46357522629047915,0.03721599096634399,-0.5705298937831644,0,0,0.5715643115482759,-1.2715281885416794,1,0,0,0,0,1,0,0,1,0,1
0,1,1,1,0.9164859351332638,1,1,1,0,1,1,1,0,0,0.3756388686759344,0.8140472542657661,1.0471678523539008,1,0,0.35070684267539604,0.2774484409258511,0,0,1,0,0,1,0,0,0,1,0
0,0,1,1,0.26519417771576004,1,0,1,0,0,0,0,0,0,-0.46058611694162177,-0.10238458880021228,-0.5705298937831644,1,1,-0.3958609691348739,-0.7374563455108605,0,0,0,0,1,0,0,0,1,0,0
1,0,0,0,-0.4675090493789317,1,1,0,1,0,0,0,0,1,0.5780584088452633,-0.1959123699639447,-0.5705298937831644,0,0,0.7707187589840482,-2.2601845425019333,1,0,0,0,0,1,0,1,0,0,1
0,0,1,0,0.631545791263106,0,0,0,1,1,0,0,0,0,-1.003136851657774,-0.3048855083735761,-0.031297311737476054,1,0,-1.042646528924913,0.493042033228101,0,0,1,0,0,0,1,0,1,0,1
0,0,1,1,1.5677776925507676,0,0,1,1,0,1,1,1,0,-0.17354857227527792,0.8000498992616699,1.5864004343995892,1,1,-0.227404146614792,0.6322031256337965,0,0,0,1,0,0,0,0,0,1,0
0,0,0,1,-0.7931549280876836,1,1,1,1,1,1,1,1,0,0.7970697146022425,-0.49915914248214993,2.1256330164452777,1,1,0.8082551605402407,-0.15671489224004218,0,0,0,1,1,0,0,1,0,0,0
0,0,0,0,-1.1595065416350294,1,0,0,0,0,0,0,0,0,-1.4859572302583868,-0.9718441167192164,-1.109762475828853,0,0,-1.4497011999417801,-0.37208757223385214,0,1,0,0,0,0,1,0,0,0,0
0,0,0,0,1.5270719577121736,1,1,1,1,1,1,1,1,1,1.560290931634139,2.4118519098116966,2.1256330164452777,0,1,1.5363734789475905,0.22609233661885716,1,0,0,1,1,0,0,0,0,1,0
0,0,0,0,0.387311382231542,1,0,1,1,1,1,0,1,0,0.29765757041397994,0.37789142749236715,1.5864004343995892,0,1,0.3412408755344877,-0.5168676359573952,0,0,1,0,1,0,0,0,1,0,1
0,0,0,0,-1.2409180113122174,1,0,0,0,0,0,0,0,1,-1.4677062881119718,-0.9914360258393696,-1.109762475828853,0,1,-1.4894071255142975,0.30141462293578647,0,1,0,0,0,0,0,0,0,0,0
0,0,0,0,-0.7931549280876836,1,0,0,0,0,0,0,0,1,-1.477661347464562,-0.8942662996432236,-1.109762475828853,0,0,-1.483616678034972,0.11860688424688401,0,1,0,1,0,0,1,1,0,0,0
0,0,1,1,-1.0780950719578415,1,0,0,0,0,0,0,0,0,-0.6447547149645358,-0.8837792531041045,-1.109762475828853,1,0,-0.5758951017521431,-0.7793960426459657,0,0,0,0,0,0,1,0,0,0,0
0,0,0,0,-1.2816237461508113,1,0,0,0,0,0,0,0,0,0.20474368312314,-0.977723883398053,-1.109762475828853,0,0,0.20388515879701857,0.0031493650749470433,1,0,0,0,0,0,1,0,0,0,1
0,0,1,0,-0.1418631706701798,1,0,0,0,0,0,0,0,0,-1.4959122896109767,-0.757473966648649,-1.109762475828853,1,0,-1.494855280531791,0.03765391103437781,0,1,0,0,0,0,1,0,1,0,0
1,0,0,0,1.0793088744876398,0,0,0,0,0,1,1,1,1,-0.4390168216776767,0.30998889812296726,0.5079352703082123,0,0,-0.4629837126476206,0.2934239189252992,0,0,0,0,0,1,0,0,0,1,0
0,0,0,1,1.3235432835192036,0,0,0,1,0,1,1,0,0,-0.6530505977583607,0.2784619402218919,0.5079352703082123,1,0,-0.655162721970953,0.04637192353418647,0,0,0,1,0,0,1,0,0,1,0
1,0,1,1,1.5677776925507676,1,1,1,1,1,1,1,1,0,0.8451858348064274,1.9169422951057447,2.1256330164452777,1,0,0.9588336814636809,-1.3500886471914506,0,0,0,1,0,1,0,0,0,1,0
1,0,0,0,0.7536629957788878,1,1,0,0,0,0,0,1,0,0.6129011165793284,0.8118094326193431,-0.5705298937831644,0,1,0.5434292135090611,0.7875813335666468,1,0,0,0,0,0,0,0,0,1,0
0,0,1,0,-0.5896262538947137,1,0,0,0,0,0,0,0,0,-1.4876164068171518,-0.8463505890962867,-1.109762475828853,1,0,-1.4676240135682639,-0.18286552692428548,0,1,0,1,0,0,1,1,0,0,0
0,0,0,0,-0.6710377235719016,0,0,1,0,0,0,1,0,1,-0.8637660207215148,-0.7173906318641922,-0.031297311737476054,0,0,-0.7747004652089838,-1.0071039276795108,0,0,0,0,0,1,0,1,0,0,0
0,0,0,1,0.06166550352279012,1,1,1,1,1,1,1,1,1,1.6996617625703982,0.7229328101717054,2.1256330164452777,1,1,1.6923707755412694,0.02805196724928585,1,0,0,1,1,0,0,0,1,0,0
0,0,0,0,-0.6303319887333076,1,1,0,0,1,0,0,0,0,0.5017362871420736,-0.41846592664348986,-0.5705298937831644,0,1,0.47044037973605124,0.34725804966582,1,0,0,0,0,0,0,1,0,0,0
1,0,1,1,-0.06045170099299184,0,0,1,0,1,1,1,1,0,-0.16525268948145297,-0.1976894636243393,1.5864004343995892,1,0,-0.175349124964149,0.12295205969959287,0,0,1,0,0,1,0,0,1,0,0
1,0,1,1,-0.1825689055087738,1,1,0,0,0,0,1,1,0,0.904916190921967,0.11795308566081623,-0.031297311737476054,1,1,0.8861534959783562,0.1880188451776342,1,0,1,0,0,0,0,0,1,0,0
1,0,1,1,0.8350744654560759,1,0,0,1,0,1,1,0,1,0.9165304268333218,1.088246224236286,0.5079352703082123,1,0,0.8351531877695189,0.9159172996606444,1,0,0,0,0,1,0,0,0,1,0
0,0,0,0,1.1200146093262338,1,1,1,0,1,1,0,0,0,-0.005971739840013817,0.7635646306538147,0.5079352703082123,0,0,0.07897693460014112,-0.9878610078175224,0,0,1,0,0,1,0,0,0,1,0
1,0,1,1,-0.38609757970174374,1,1,0,0,0,0,0,0,1,-0.5501816511149312,-0.5406685400805036,-1.109762475828853,1,1,-0.6134670735952193,0.7544598883821944,0,0,1,0,1,0,0,1,0,0,1
1,0,1,0,1.4863662228735797,1,1,1,1,1,1,0,1,1,1.4026691585514646,2.201738008754914,1.5864004343995892,1,1,1.3601524020392175,0.44768870217656015,1,0,1,0,1,0,0,0,0,1,0
1,0,0,0,-0.30468611002455576,1,0,0,0,0,0,0,0,1,-1.466047111553207,-0.7897907439543439,-1.109762475828853,0,0,-1.4877196236774657,0.3010297645385476,0,1,0,1,0,0,1,0,1,0,0
1,0,0,0,0.6722515261016999,1,1,0,1,0,0,1,1,0,1.1206091435614158,1.150159289787319,0.5079352703082123,0,0,1.1740130154935695,-0.6585714505873537,1,0,0,0,0,1,0,0,0,1,0
1,1,0,0,0.9164859351332638,1,1,1,0,0,0,1,1,1,1.1239274966789456,1.4560826725100693,0.5079352703082123,0,0,1.2309751805194489,-1.2826275529761824,1,0,0,0,0,1,0,0,0,1,1
0,1,1,0,-0.6710377235719016,1,1,0,0,0,0,0,1,1,0.6776090023711627,-0.40552166417888696,-0.5705298937831644,1,1,0.695142586909077,-0.22656299077755906,1,0,0,0,1,0,0,1,0,0,1
0,0,0,0,1.2014260790034217,1,1,0,0,0,0,1,1,1,0.9646465470375066,1.5172717369402005,-0.031297311737476054,0,1,0.923821900696562,0.4426328251487753,1,0,1,0,0,0,0,0,0,1,0
0,0,1,1,1.0386031396490458,1,1,1,1,0,0,0,1,1,0.9447364283323268,1.3761573366481232,0.5079352703082123,1,1,0.9522505778491507,-0.11894364370457407,1,0,0,0,0,0,0,0,0,1,1
0,0,1,1,1.4863662228735797,1,0,0,0,0,0,0,0,0,-1.5108448786398618,-0.4182245929365227,-1.109762475828853,1,0,-1.5031339627064872,-0.03924083520074068,0,1,0,1,0,0,1,0,0,1,0
1,0,1,0,-1.2816237461508113,1,0,0,0,1,0,0,0,0,0.37397969211716947,-0.9754860617516302,-0.5705298937831644,1,0,0.37263534248021796,0.0031493650749470433,1,0,0,0,0,1,0,0,0,0,1
0,0,0,0,-0.22327464034736777,1,0,0,1,0,1,0,0,1,-0.29135010794759253,-0.3773514387474462,-0.031297311737476054,0,0,-0.38477969764615255,1.0964322935302127,0,0,0,0,0,0,1,0,1,0,0
1,1,0,0,0.6722515261016999,1,1,1,1,1,1,0,1,0,0.5448748776699633,0.7729547057976285,1.5864004343995892,0,1,0.5935164352484229,-0.5839560470408637,0,0,0,1,1,0,0,0,0,1,0
0,0,0,0,-1.2816237461508113,1,0,0,0,1,0,1,0,1,0.680927355488693,-0.9714272675890004,-0.031297311737476054,0,0,0.6787018521017065,0.0031493650749470433,1,0,0,0,0,1,0,0,0,0,1
1,0,0,0,1.3235432835192036,1,1,0,0,0,0,0,0,0,-1.3316538102932427,-0.30644320775490963,-1.109762475828853,0,1,-1.3337268089987189,0.0685752926057126,0,1,1,0,1,0,0,0,0,1,0
0,0,0,0,0.26519417771576004,1,1,0,1,1,0,1,1,1,1.2782309166440902,0.7437972061104127,1.0471678523539008,0,0,1.24026920544464,0.3988627427497097,1,0,0,0,0,1,0,0,1,0,1
1,0,1,0,0.428017117070136,1,0,1,1,1,0,0,0,1,0.7024966507526377,0.5495016325739328,0.5079352703082123,1,1,0.5842848546647318,1.3514962847069187,1,0,0,0,1,0,0,0,1,0,0
0,0,1,0,-0.5082147842175256,0,0,0,0,0,0,0,0,1,-1.3432680462045974,-0.7970746340191713,-1.109762475828853,1,0,-1.34994006194083,0.12245546821928253,0,0,0,0,0,1,0,1,0,0,1
1,0,1,0,-0.8338606629262776,1,0,0,1,0,0,0,1,1,0.667653943018573,-0.5702209494700292,-0.031297311737476054,1,1,0.6081135399727864,0.6702372536239227,1,0,0,0,1,0,0,0,0,0,0
1,0,0,1,-1.0780950719578415,1,0,0,0,0,0,0,0,0,-1.5025489958460367,-0.9646479843660134,-1.109762475828853,1,0,-1.5922565021708879,1.0935814905876948,0,1,0,0,0,0,1,0,0,0,0
0,0,0,0,1.4456604880349857,1,1,0,0,0,0,0,0,0,-1.3084253384705327,-0.2095367546936369,-1.109762475828853,0,1,-1.2622172155901752,-0.49377074194937387,0,1,0,1,0,0,0,0,0,1,0
0,0,1,0,0.590840056424512,1,0,1,0,1,0,1,0,1,0.03716685068787588,0.3168559390575785,0.5079352703082123,1,1,-0.021572689866079037,0.6819740699936474,0,0,1,0,1,0,0,0,1,0,0
1,0,1,1,1.2014260790034217,1,1,1,1,1,1,1,1,0,1.679751643865218,2.1323874771437112,2.1256330164452777,1,1,1.6719637254792712,0.034496702269477444,1,0,0,1,0,0,0,0,0,1,0
0,0,1,0,0.9571916699718578,1,0,0,0,1,1,1,1,1,1.1206091435614158,1.4787899803928897,1.0471678523539008,1,0,1.201201107812676,-0.9748033121968851,1,0,0,0,0,1,0,0,0,1,0
0,0,1,0,-0.6303319887333076,1,0,0,0,0,0,0,0,0,-1.5125040551986266,-0.8742136625370421,-1.109762475828853,1,0,-1.551155678886264,0.5000694720992692,0,1,1,0,0,0,1,1,0,0,0
0,0,0,0,0.1023712383613841,1,1,0,0,0,1,0,0,0,0.5017362871420736,0.23543872209801703,-0.5705298937831644,0,1,0.5323098860325558,-0.37236247108902437,1,0,0,0,1,0,0,0,1,0,0
0,1,1,0,-1.2409180113122174,1,1,0,0,1,0,0,0,0,0.473530285643069,-0.9330771476091261,-0.5705298937831644,1,0,0.7109629166293767,-2.777452554982559,1,0,0,0,0,1,0,0,0,0,1
0,0,1,0,-1.2816237461508113,0,0,0,0,0,0,0,1,0,-0.9931817923051841,-0.9935641503462619,-0.5705298937831644,1,0,-0.9906014355095473,0.0031493650749470433,0,0,0,0,0,1,0,0,0,0,0
0,0,1,1,0.631545791263106,1,1,1,1,0,0,1,1,1,1.27159421040903,1.2014975510876085,1.0471678523539008,1,1,1.323888675705833,-0.650709016068912,1,0,1,0,1,0,0,0,1,0,1
0,0,0,0,0.5094285867473239,1,1,0,0,1,0,0,1,1,0.8086839505135972,0.830545704051158,-0.031297311737476054,0,1,0.9337756591592302,-1.4819764278292766,1,0,0,0,1,0,0,0,1,0,0
1,0,1,1,1.5270719577121736,1,1,1,1,1,1,1,1,1,0.8368899520126024,1.7278244265551055,2.1256330164452777,1,1,0.7994976768642879,0.4069757833215596,0,0,0,1,1,0,0,0,0,1,0
1,0,0,0,-0.06045170099299184,1,0,0,1,0,1,0,0,1,0.44864263726159415,0.059594207430572706,-0.031297311737476054,0,0,0.4504995164187974,-0.036577953349807985,1,0,0,0,0,1,0,0,1,0,1
1,0,0,0,1.0793088744876398,1,1,0,0,0,0,0,0,0,-1.3250171040581826,-0.3461316328370565,-1.109762475828853,0,0,-1.30157510401182,-0.22841797563713268,0,1,0,1,0,0,1,0,0,1,0
1,1,1,1,0.590840056424512,1,0,0,1,0,0,1,0,1,0.6643355899010431,0.7541526160820952,-0.031297311737476054,1,1,0.680039463069575,-0.20483793896528102,1,0,1,0,0,0,0,0,1,0,0
1,0,1,1,-0.019745966154397852,1,0,0,0,0,0,0,0,0,-1.5257774676687466,-0.7395275146214537,-1.109762475828853,1,0,-1.513861426029663,-0.08765316302381755,0,1,0,1,0,0,1,0,1,0,0
1,0,0,0,0.22448844287716607,1,0,1,1,0,1,1,0,0,0.18815191753549007,0.17940542322582068,1.0471678523539008,0,0,0.20945792028088092,-0.254098089922181,0,0,1,0,0,0,1,0,1,0,0
0,0,0,0,1.0793088744876398,1,1,0,1,1,0,0,0,1,0.6079235869030333,1.162686703121706,-0.031297311737476054,0,0,0.6268542134127345,-0.24048556944889293,1,0,0,0,0,1,0,0,0,1,0
1,0,0,0,-0.22327464034736777,1,1,0,0,1,0,1,1,1,1.1803394996769556,0.1641575208310766,0.5079352703082123,0,1,1.1275993995465563,0.5740226543139744,1,0,1,0,0,0,0,0,1,0,0
0,0,1,0,1.0386031396490458,1,1,0,1,1,0,0,1,1,0.9746016063900964,1.4527478794683408,0.5079352703082123,1,0,1.0518291598704566,-0.9307957971923095,1,0,1,0,0,1,0,0,0,1,0
0,0,0,0,1.5677776925507676,1,1,1,1,1,1,1,1,0,1.5387216363701939,2.4951997964269954,2.1256330164452777,0,0,1.5729939398644097,-0.4500078463228941,1,0,0,1,0,0,1,0,0,1,0
0,1,0,0,-0.22327464034736777,1,1,0,1,1,0,0,0,1,0.7141108866639929,0.044631517598608055,-0.031297311737476054,0,1,0.7937755067702065,-0.95044421919699,1,0,0,0,0,0,0,0,1,0,0
1,1,1,0,1.3235432835192036,1,1,0,1,1,0,1,1,1,1.2682758572915003,1.9715275917361377,1.0471678523539008,1,1,1.3090079680490279,-0.5161134262778161,1,0,1,0,0,0,0,0,0,1,0
1,0,0,0,0.631545791263106,1,1,1,0,0,1,0,1,1,0.1997661534468453,0.583529685256304,0.5079352703082123,0,1,0.3530581152882128,-1.7896493354004235,0,0,1,0,0,0,0,0,1,0,0
0,0,0,0,-0.1825689055087738,1,0,0,0,0,0,0,1,1,0.5199872292884885,-0.023863376324256877,-0.5705298937831644,0,0,0.5042203071379505,0.16602693676392904,1,0,0,0,0,1,0,0,1,0,0
0,0,0,0,-0.5489205190561197,1,1,0,0,0,0,0,0,0,-1.3349721634107725,-0.8045121000793415,-1.109762475828853,0,1,-1.3374187634817774,0.07303154773164537,0,1,0,0,0,0,0,1,0,0,0
0,0,1,1,1.0386031396490458,1,1,1,0,1,1,1,0,0,0.3607062796470494,0.9286588256472669,1.0471678523539008,1,0,0.370438965850129,-0.125247358831779,0,0,0,1,0,0,1,0,0,1,0
0,0,0,0,0.8350744654560759,1,0,0,1,1,0,1,1,1,1.1737027934418955,1.2731297832010464,1.0471678523539008,0,0,1.098204944687447,0.8389456202126846,1,0,1,0,0,0,1,0,0,1,0
0,1,1,1,0.30589991255435406,1,1,0,0,0,0,1,1,1,0.9828974891839214,0.588466056535178,-0.031297311737476054,1,1,0.8627140009268415,1.365067018307269,1,0,0,0,1,0,0,0,1,0,1
1,0,0,1,-1.2816237461508113,1,0,0,0,0,0,0,0,0,-1.5158224083161567,-1.0004750701366856,-1.109762475828853,1,0,-1.5117417086488385,0.0031493650749470433,0,1,0,0,0,0,1,0,0,0,1
1,0,0,0,0.30589991255435406,1,1,0,1,1,0,1,1,1,1.313073624378155,0.7624018409747911,1.0471678523539008,0,1,1.1906187696132151,1.3804613541968578,1,0,0,0,1,0,0,0,1,0,1
1,0,1,0,1.1607203441648277,1,1,0,0,0,0,0,0,0,-1.3100845150292975,-0.33380167435382463,-1.109762475828853,1,1,-1.3141070914036648,0.0905311487105403,0,1,0,1,0,0,0,0,0,1,0
1,1,1,0,1.3642490183577978,1,1,0,1,1,1,1,1,1,1.5237890473413087,2.278372430430944,1.5864004343995892,1,0,1.6072038654423746,-1.0210987784882344,1,0,1,0,0,1,0,0,0,1,1
1,0,0,1,0.30589991255435406,0,0,1,1,0,1,0,0,0,-0.8189682536348599,-0.32263450554961637,0.5079352703082123,1,0,-0.8548981627976414,0.4452554489041597,0,0,1,0,0,0,1,0,1,0,0
1,0,0,0,-0.7117434584104956,1,1,1,0,0,0,1,1,1,1.1537926747367158,-0.3214497764426866,0.5079352703082123,0,0,1.3073790069998992,-1.824928021814072,1,0,0,0,0,1,0,1,0,0,0
1,0,1,1,1.4456604880349857,1,1,0,0,0,0,0,0,0,-1.3001294556767078,-0.269058422602904,-1.109762475828853,1,0,-1.3282234509322337,0.37017976303083816,0,1,0,1,0,0,1,0,0,1,0
1,1,1,0,-0.8338606629262776,1,0,0,0,0,0,0,1,1,0.5150096996121938,-0.5919848619528869,-0.5705298937831644,1,0,0.4713486852230044,0.49063666824535174,1,0,0,0,0,1,0,0,0,0,1
0,0,0,0,-1.2816237461508113,1,0,0,0,0,0,0,0,0,-1.5108448786398618,-1.0004092518529673,-1.109762475828853,0,1,-1.506778467952274,0.0031493650749470433,0,1,0,0,1,0,0,0,0,0,0
0,0,1,1,-0.9966836022806536,1,0,0,0,0,0,0,0,0,-1.5075265255223318,-0.9377721851810328,-1.109762475828853,1,0,-1.4780330322513369,-0.2927105278031445,0,1,0,1,0,0,1,0,0,0,0
0,0,0,0,0.30589991255435406,1,0,0,1,0,0,0,0,0,0.3275227484717495,0.2950262082910024,-0.5705298937831644,0,1,0.30951946495557003,0.1984650016741451,1,0,0,0,1,0,0,0,1,0,0
1,1,1,0,1.6084834273893616,1,1,1,1,1,0,0,1,1,1.2516840917038503,2.3040635005089953,1.0471678523539008,1,1,1.321119830780203,-0.8494188899215376,1,0,0,1,1,0,0,0,0,1,0
0,0,0,1,-0.9559778674420595,1,0,0,0,1,1,1,1,1,0.26447403923868007,-0.7230948831197799,1.0471678523539008,1,0,0.2461646165825698,0.2041309725223961,0,0,0,0,0,0,1,0,0,0,1
0,0,0,0,-0.7117434584104956,1,0,1,0,1,1,0,0,0,-0.19843622065675282,-0.5898128585901823,0.5079352703082123,0,0,-0.041740108564082265,-1.8159479925451407,0,0,0,0,0,1,0,1,0,0,0
1,0,0,0,-1.2816237461508113,1,0,0,0,0,0,0,0,0,-1.5091857020810966,-1.000387312425061,-1.109762475828853,0,0,-1.5051240543867523,0.0031493650749470433,0,1,0,0,0,1,0,0,0,0,0
0,0,0,0,0.020959768684196134,1,1,0,0,0,0,0,1,1,0.6112419400205631,0.20119127513658455,-0.5705298937831644,0,0,0.6165360090336233,-0.08198597734476398,1,0,0,0,0,1,0,0,1,0,1
0,0,1,1,0.22448844287716607,1,0,0,0,0,0,0,0,1,-1.4925939364934466,-0.677022084516956,-1.109762475828853,1,0,-1.4900601835006877,0.020366714425147998,0,1,0,1,0,0,1,0,1,0,0
0,0,0,0,0.9164859351332638,1,0,0,1,1,0,0,1,1,-0.005971739840013817,0.5782203437030263,0.5079352703082123,0,0,0.027374271479191286,-0.38765684375855247,0,0,0,1,0,0,1,0,0,1,0
0,0,1,1,1.3235432835192036,1,1,0,1,0,1,1,1,1,0.48016699187812906,1.2165699380591035,1.0471678523539008,1,1,0.43316142646191413,0.5307014142144217,0,0,0,1,0,0,0,0,0,1,0
0,0,1,0,-1.1595065416350294,1,0,1,1,0,0,0,0,0,-0.3394662281517771,-0.9057844992939293,-0.031297311737476054,1,0,-0.204341388495426,-1.560337873711714,0,0,0,0,0,0,1,0,0,0,0
0,0,0,1,0.428017117070136,1,0,1,1,0,1,1,1,1,1.3628489211411048,0.9797996320964014,1.5864004343995892,1,1,1.3388898142129728,0.23316938389035435,1,0,1,0,1,0,0,0,1,0,0
0,0,0,0,-0.5896262538947137,0,0,0,0,1,1,0,0,1,-0.986545086070124,-0.742445458532966,-0.031297311737476054,0,0,-1.032329422106591,0.5654702454864248,0,0,0,0,0,1,0,1,0,0,0
1,1,0,0,-1.2816237461508113,1,1,0,0,0,0,1,1,1,0.9497139580086216,-0.9678730802682111,-0.031297311737476054,0,0,0.946716849716199,0.0031493650749470433,1,0,0,0,0,1,0,0,0,0,1
1,0,0,0,-1.2816237461508113,1,0,0,0,0,0,0,0,0,-1.5274366442275116,-1.0006286461320282,-1.109762475828853,0,0,-1.5233226036074896,0.0031493650749470433,0,1,0,0,0,0,1,0,0,0,0
1,0,1,0,-1.2002122764736234,1,0,0,0,0,0,0,0,1,0.1781968581829002,-0.9172807595167294,-1.109762475828853,1,0,0.15480422301987895,0.26613593652214074,1,0,0,0,0,1,0,0,0,0,1
0,0,1,0,0.346605647392948,1,0,0,0,0,0,0,0,0,-1.469365464670737,-0.624740427816704,-1.109762475828853,1,1,-1.4420949326954187,-0.26812887102822525,0,1,0,1,1,0,0,0,1,0,0
0,0,0,0,-0.6710377235719016,1,1,0,0,1,0,0,1,1,0.7804779490145926,-0.384920541375053,-0.031297311737476054,0,0,0.7922359830356233,-0.16282081873471063,1,0,0,0,0,1,0,1,0,0,1
0,0,0,0,-1.1188008067964355,1,0,0,0,0,0,1,0,0,0.5067138168183688,-0.8403172464221074,-0.5705298937831644,0,0,0.3941427188319979,1.2924249958282585,1,0,0,0,0,1,0,0,0,0,0
1,0,0,0,0.9571916699718578,1,1,1,0,0,1,1,1,1,1.3412796258771595,1.5336166107302498,1.0471678523539008,0,0,1.2750293131740753,0.7257897306064536,1,0,0,0,0,0,1,0,0,1,0
0,1,1,0,-0.1825689055087738,1,1,0,0,0,0,0,0,0,-1.3017886322354726,-0.6865876750840185,-1.109762475828853,1,0,-1.2805964990659693,-0.20302477630351473,0,1,0,0,0,0,1,0,1,0,0
0,0,1,0,0.8757802002946699,1,0,0,0,0,0,0,0,0,-1.4892755833759168,-0.5252012434066984,-1.109762475828853,1,1,-1.4732000000298362,-0.13725267984401565,0,1,0,1,1,0,0,0,0,1,0
1,0,0,0,-1.2816237461508113,1,0,0,0,0,0,0,0,1,-1.5075265255223318,-1.000365372997155,-1.109762475828853,0,0,-1.5034696408212307,0.0031493650749470433,0,1,0,0,0,0,1,0,0,0,0
1,0,1,0,0.387311382231542,1,1,0,0,1,1,1,1,1,1.4391710428442943,1.003428395951278,1.0471678523539008,1,0,1.4643513417285514,-0.3409323686477703,1,0,1,0,0,1,0,0,1,0,0
1,0,0,0,1.3642490183577978,1,0,1,0,1,1,1,1,1,1.3512346852297499,1.9943665361863943,1.5864004343995892,0,1,1.282713204750305,0.751873883341457,1,0,0,1,0,0,0,0,0,1,0
0,1,1,0,-0.9966836022806536,1,1,0,0,0,0,0,1,1,0.6328112352845081,-0.7397688483284208,-0.5705298937831644,1,0,0.3883522713526726,2.8222371248564357,1,0,0,0,0,1,0,0,0,0,1
0,0,1,1,-0.7524491932490895,1,1,0,0,0,0,0,0,0,-1.3067661619117676,-0.8454949514079485,-1.109762475828853,1,0,-1.2684247421196322,-0.402326446302692,0,1,0,0,0,0,1,1,0,0,0
0,0,0,0,0.428017117070136,0,0,0,0,1,0,1,1,1,-0.5269531792922214,-0.09790894550736662,0.5079352703082123,0,1,-0.5510660733579591,0.29805829970404485,0,0,0,0,0,0,0,0,1,0,1
0,0,1,0,1.5270719577121736,0,0,1,0,1,1,0,1,1,-0.5004063543519814,0.4698834487026719,1.0471678523539008,1,1,-0.5556324746544219,0.6590580335136248,0,0,0,1,0,0,0,0,0,1,0
1,0,1,1,-0.06045170099299184,1,1,1,0,1,1,0,0,0,0.8086839505135972,0.22977834969824149,0.5079352703082123,1,0,0.8644764850559176,-0.6759394842481729,1,0,0,0,0,1,0,0,1,0,0
1,0,1,0,1.6084834273893616,1,1,1,0,1,1,1,1,1,1.5586317550753739,2.5325626421510954,1.5864004343995892,1,1,1.5604353486261342,-0.07302052604542511,1,0,0,1,1,0,0,0,0,1,0
0,0,0,1,0.06166550352279012,1,0,1,0,1,1,1,0,0,0.09026050056835591,0.017536324134566416,1.0471678523539008,1,1,0.127879453228058,-0.44056972821328666,0,0,0,1,1,0,0,0,1,0,0
1,0,1,1,-0.5489205190561197,1,0,0,0,0,0,0,0,0,-1.497571466169742,-0.8577590916074621,-1.109762475828853,1,0,-1.5487483278776102,0.6452552173118659,0,1,1,0,0,0,1,1,0,0,0
0,0,1,0,0.8350744654560759,1,0,1,1,1,0,1,1,1,1.3661672742586346,1.5227785333446333,1.5864004343995892,1,1,1.4534044156698962,-1.0602942627697283,1,0,1,0,0,0,0,0,0,1,1
0,0,1,1,-1.2002122764736234,0,0,0,1,0,0,0,1,0,-0.817309077076095,-0.9683338082542393,-0.031297311737476054,1,0,-1.1284692326363441,3.646475525611658,0,0,0,0,0,0,1,0,0,0,0
1,0,0,0,-0.7931549280876836,1,0,0,1,1,0,0,0,1,0.4934404043482487,-0.5817830279765474,-0.031297311737476054,0,0,0.32898427686684134,1.896356634573776,1,0,0,0,0,1,0,1,0,0,1
1,0,1,0,-0.3453918448631497,1,0,1,0,0,1,1,1,0,0.31424933600162985,-0.257320828673137,1.0471678523539008,1,1,0.2128465656102607,1.168949593380489,0,0,1,0,0,0,0,1,0,0,0
0,1,0,0,-1.1595065416350294,1,1,0,0,1,0,0,1,1,0.7937513614847123,-0.8454949514079485,-0.031297311737476054,0,0,0.9322407310178853,-1.6373095531596737,1,0,0,0,0,1,0,0,0,0,1
0,1,0,0,-0.019745966154397852,1,0,0,0,0,0,0,1,1,0.48348534499565887,0.16044975751494467,-0.5705298937831644,0,0,0.6069416636972087,-1.4520964494880222,1,0,0,0,0,1,0,0,1,0,0
0,0,0,0,0.26519417771576004,0,0,1,1,0,1,0,0,1,-0.817309077076095,-0.29352088471821286,0.5079352703082123,0,1,-0.7654315071559976,-0.5761118635911026,0,0,1,0,0,0,0,0,1,0,0
1,0,1,0,1.6084834273893616,1,1,0,1,1,1,1,1,1,1.4872871630484792,2.3955947937332716,1.5864004343995892,1,1,1.416983905715702,0.7680554295890409,1,0,0,1,1,0,0,0,0,1,0
0,0,0,0,1.1200146093262338,1,1,0,1,1,0,1,1,1,1.359530568023575,1.7977673227197735,1.0471678523539008,0,0,1.3787669523521544,-0.26913795097220533,1,0,0,0,0,1,0,0,0,1,1
0,0,0,1,-1.1595065416350294,1,1,0,0,0,0,0,0,1,-1.3100845150292975,-0.9719757532866531,-1.109762475828853,1,0,-1.4521828202900626,1.696526312930038,0,1,0,0,0,0,1,0,0,0,0
1,0,0,0,1.6084834273893616,1,1,0,0,0,0,0,0,0,-1.3333129868520075,-0.22893120896263514,-1.109762475828853,0,1,-1.3317782774659936,0.026668489350713143,0,1,0,1,0,0,0,0,0,1,0
0,0,1,0,-0.9559778674420595,0,0,0,0,1,0,1,1,1,-0.5369082386448113,-0.8148894494789298,0.5079352703082123,1,0,-0.5229538676554532,-0.14437968720030694,0,0,0,0,0,1,0,0,0,0,1
0,0,0,0,-0.1418631706701798,0,0,1,1,0,1,0,0,0,-0.8438559020163349,-0.5338234385737983,0.5079352703082123,0,1,-0.9133003878791435,0.8359033108265698,0,0,1,0,1,0,0,0,1,0,0
1,0,0,0,-0.5896262538947137,1,1,0,0,0,0,0,0,0,-1.3664965180273074,-0.8226560069576916,-1.109762475828853,0,0,-1.3683591996369702,0.06729243128157976,0,1,1,0,0,0,1,1,0,0,0
0,1,1,1,1.6084834273893616,1,1,1,1,1,1,1,1,1,0.8169798333074222,1.8207598431653729,2.1256330164452777,1,1,0.8149382136291693,-0.003532204321578365,0,0,0,1,1,0,0,0,0,1,0
1,0,0,0,-1.2409180113122174,1,0,0,0,0,0,0,0,0,-1.4892755833759168,-0.9901854784487216,-1.109762475828853,0,0,-1.442256338896933,-0.49716655133678483,0,1,0,0,0,0,1,0,0,0,0
1,0,1,0,1.5677776925507676,1,1,1,1,1,0,1,1,1,1.482309633372184,2.4373894038944046,1.5864004343995892,1,0,1.5115942251439969,-0.3901108704144503,1,0,1,0,0,1,0,0,0,1,0
1,0,1,0,-0.9966836022806536,1,0,0,0,0,0,0,0,1,-1.5058673489635668,-0.938210973739155,-1.109762475828853,1,1,-1.4821690661651408,-0.22536030828618034,0,1,0,0,0,0,0,0,0,0,0
0,1,1,1,1.6084834273893616,1,1,1,1,1,1,1,1,1,0.7672045365444724,1.8105799486169392,2.1256330164452777,1,1,0.8042764373180303,-0.4568098721817794,0,0,0,1,1,0,0,0,0,1,0
1,0,1,1,1.5677776925507676,1,0,1,0,1,1,0,1,1,0.19644780032931503,1.1733492650840736,1.0471678523539008,1,1,0.16907256912252264,0.3118491639877114,0,0,0,1,1,0,0,0,0,1,0
1,0,0,0,0.46872285190873,1,0,1,1,1,0,1,1,1,1.3645080976998696,0.9703656780967755,1.5864004343995892,0,0,1.243458482877475,1.3623992498718538,1,0,1,0,0,1,0,0,1,0,0
1,0,1,1,0.590840056424512,1,1,0,0,0,0,0,0,0,-1.3399496930870676,-0.4997295676077087,-1.109762475828853,1,0,-1.3317274326046415,-0.05089458006936416,0,1,0,1,0,0,1,0,1,0,0
0,1,0,0,-0.22327464034736777,1,1,1,1,1,0,1,1,1,1.512174811429954,0.2449604338092672,1.5864004343995892,0,1,1.3532736647989971,1.7977298173893923,1,0,1,0,0,0,0,0,1,0,0
1,0,0,0,-1.2816237461508113,1,0,1,0,0,0,0,0,0,-0.5037247074695115,-0.9870920191139605,-0.5705298937831644,0,0,-0.5025494336806872,0.0031493650749470433,0,0,0,0,0,1,0,0,0,0,0
0,0,1,1,0.5501343215859179,1,1,0,0,0,0,0,0,0,-1.3266762806169474,-0.49733816996594304,-1.109762475828853,1,0,-1.310047115704384,-0.1491206964416678,0,1,1,0,0,0,1,0,1,0,0
1,0,0,0,-0.8745663977648716,0,0,0,1,1,0,0,0,0,-1.003136851657774,-0.8406243984127929,-0.031297311737476054,0,0,-0.994963071273195,-0.061576819915380415,0,0,0,0,0,0,1,0,0,0,0
1,1,1,0,0.346605647392948,1,1,0,0,1,0,1,1,1,1.1571110278542456,0.8600103557290595,0.5079352703082123,1,0,1.288696239174619,-1.569137989502261,1,0,0,0,0,1,0,0,1,0,1
0,0,1,0,1.4863662228735797,1,0,0,1,0,0,0,1,1,-0.1154773927185032,0.8038015414336142,-0.031297311737476054,1,1,-0.16761460619125723,0.6102774308655499,0,0,0,1,1,0,0,0,0,1,0
1,0,0,0,-0.7931549280876836,1,0,0,0,0,0,0,0,1,-1.4925939364934466,-0.8975572138291396,-1.109762475828853,0,0,-1.5027060653294515,0.16745429620424257,0,1,1,0,0,1,0,1,0,0,0
0,0,1,1,0.5094285867473239,1,0,0,0,0,0,0,0,1,-1.4909347599346818,-0.6199795719610789,-1.109762475828853,1,1,-1.4969255160509456,0.1194621251296406,0,1,0,1,0,0,0,0,1,0,0
1,0,0,0,-0.3453918448631497,1,1,0,0,0,0,0,0,0,-1.3382905165283026,-0.7488737109094551,-1.109762475828853,0,0,-1.331617431702679,-0.03293110966628223,0,1,1,0,0,1,0,1,0,0,0
1,0,0,0,1.3235432835192036,1,1,0,0,0,0,0,0,0,-1.3001294556767078,-0.282836383327939,-1.109762475828853,0,0,-1.3063399013602386,0.11564643503734783,0,1,0,1,0,0,1,0,0,1,0
0,1,1,0,-1.2816237461508113,1,0,1,0,0,0,0,0,1,-0.5103614137045716,-0.9871797768255848,-0.5705298937831644,1,0,-0.5091670879427735,0.0031493650749470433,0,0,0,0,0,1,0,0,0,0,1
1,0,1,1,0.7536629957788878,1,0,1,0,0,1,1,1,1,0.38061639835222955,0.7314453081992748,1.0471678523539008,1,1,0.4246033921266013,-0.5243330264360656,0,0,1,0,0,0,0,0,0,1,0
0,0,0,0,-0.8745663977648716,1,0,0,0,0,0,0,0,0,-1.4909347599346818,-0.9159205149865508,-1.109762475828853,0,0,-1.5111401037159218,0.2847957376004332,0,1,1,0,0,0,1,0,0,0,0
0,0,0,0,-1.1188008067964355,1,0,0,1,0,0,1,1,1,1.0393094921819312,-0.7840645532708501,0.5079352703082123,0,0,1.2425259952314542,-2.398367033701368,1,0,0,0,0,1,0,0,0,0,1
1,0,0,0,-0.9966836022806536,1,0,0,0,0,0,0,0,1,-1.5008898192872717,-0.9348103624137084,-1.109762475828853,0,1,-1.4501148033331606,-0.5404631210262618,0,1,0,0,0,0,0,0,0,0,0
1,0,1,0,1.5677776925507676,1,1,1,1,1,1,0,1,0,0.5133505230534289,1.5040861407686303,1.5864004343995892,1,1,0.5203441818019242,-0.09848577504119098,0,0,0,1,1,0,0,0,0,1,0
0,0,0,0,-0.7117434584104956,1,0,0,0,1,0,1,1,1,0.9646465470375066,-0.3483475150555732,0.5079352703082123,0,1,1.1721582715779368,-2.4458329026942707,1,0,0,0,1,0,0,1,0,0,0
0,0,1,0,-0.1825689055087738,1,0,0,0,0,0,0,0,0,-1.4743429943470319,-0.7618618522298702,-1.109762475828853,1,0,-1.483321247041129,0.15365648828122366,0,1,0,0,0,0,1,0,1,0,0
0,0,0,0,-0.6710377235719016,1,1,0,0,0,0,0,0,1,0.3258635719129846,-0.5133758917653071,-1.109762475828853,0,1,0.1868240189025775,1.6063251260769642,1,0,0,0,1,0,0,1,0,0,0
1,0,1,1,0.8350744654560759,1,1,1,1,0,1,0,0,0,-0.025881858545193533,0.5231304402307928,0.5079352703082123,1,1,0.031108194926040927,-0.6620021290225068,0,0,1,0,0,0,0,0,0,1,0
0,0,1,1,-0.7524491932490895,1,0,1,1,0,1,0,0,0,-0.18184445506910288,-0.66629370427087,0.5079352703082123,1,1,-0.3031925990353393,1.4175039749311897,0,0,0,0,0,0,0,1,0,0,0
0,0,0,0,0.6722515261016999,1,0,0,0,1,1,1,1,0,1.1853170293532507,1.148930681824577,1.0471678523539008,0,1,1.1721222571329732,0.11389433244394992,1,0,0,1,1,0,0,0,0,1,0
0,0,1,0,1.5677776925507676,0,0,0,0,1,1,0,1,1,-0.5933202416428212,0.4231085884068527,0.5079352703082123,1,0,-0.6277489278714947,0.42025998011159466,0,0,0,1,0,1,0,0,0,1,0
0,0,1,1,0.5094285867473239,1,0,0,0,0,0,0,0,0,-1.462728758435677,-0.6174565377518766,-1.109762475828853,1,0,-1.4926975702723906,0.39741541202504665,0,1,0,1,0,0,1,0,1,0,0
0,0,1,0,0.8350744654560759,1,1,0,1,0,0,1,1,1,1.1106540842088262,1.250619930169381,0.5079352703082123,1,1,1.0661779952869728,0.4802285480684299,1,0,0,0,1,0,0,0,0,1,1
0,0,0,0,-0.2639803751859618,0,0,0,0,1,1,1,0,1,-0.6795974226986006,-0.48948385477555695,0.5079352703082123,0,1,-0.6421564860943142,-0.41279374886498255,0,0,0,0,1,0,0,0,1,0,0
0,0,1,0,1.4049547531963917,1,1,0,1,1,1,1,1,0,0.704155827311403,1.5728443078263687,1.5864004343995892,1,1,0.7570766081758176,-0.6390471843490679,0,0,0,1,0,0,0,0,0,1,0
0,0,1,0,-1.2409180113122174,1,1,0,0,0,0,1,0,1,0.634470411843273,-0.9501021436642647,-0.5705298937831644,1,0,0.06905045320701185,6.555363578082428,1,0,0,0,0,1,0,0,0,0,0
0,1,0,0,-0.6303319887333076,1,1,0,0,1,0,0,0,1,0.5880134681978536,-0.36388063001309673,-0.5705298937831644,0,1,0.7125686709723829,-1.4683680361360243,1,0,0,0,1,0,0,1,0,0,0
0,1,0,0,-0.7931549280876836,1,1,0,0,0,0,0,1,1,0.5664441729339085,-0.5143192871652695,-0.5705298937831644,0,0,0.7203167164036719,-1.8086455511616208,1,0,0,0,0,1,0,1,0,0,1
1,0,0,1,1.5677776925507676,1,1,1,0,1,0,1,1,0,1.3860773929638146,2.2303250833165706,1.0471678523539008,1,1,1.2916737289272016,1.0517529840332278,1,0,0,1,0,0,0,0,0,1,0
0,0,1,0,1.4456604880349857,1,1,1,0,0,1,0,0,0,-0.2216646924794628,0.7355699206456227,-0.031297311737476054,1,1,-0.21414622183226725,-0.08004796491659472,0,0,1,0,0,0,0,0,0,1,0
1,0,1,1,-1.2816237461508113,1,0,0,0,0,0,0,0,0,-1.5008898192872717,-1.0002776152855306,-1.109762475828853,1,0,-1.4968519865591445,0.0031493650749470433,0,1,0,0,0,0,1,0,0,0,0
1,0,0,1,-0.9152721326034655,1,0,0,0,0,0,0,0,1,-1.4925939364934466,-0.9126076613727286,-1.109762475828853,1,1,-1.4224033761106742,-0.76656742940464,0,1,1,0,0,0,0,0,0,0,0
0,0,1,1,0.346605647392948,1,0,1,1,0,1,1,1,0,0.44864263726159415,0.3629287376604023,1.5864004343995892,1,0,0.37445116224725356,0.8479604809671795,0,0,0,1,0,1,0,0,1,0,0
0,1,1,0,-0.06045170099299184,0,0,1,1,1,0,0,1,1,-0.4821554122055666,-0.31559194919175615,1.0471678523539008,1,1,-0.46214972177424146,-0.21659236496196707,0,0,1,0,1,0,0,0,1,0,0
1,0,0,0,-0.8745663977648716,1,0,0,0,1,0,1,1,1,0.14667250356636527,-0.6963945993580481,0.5079352703082123,0,0,-0.006225364024219305,1.773497992377995,0,0,0,0,0,1,0,0,0,0,0
1,0,0,0,-1.2816237461508113,1,1,0,0,0,0,0,0,1,-1.3250171040581826,-0.9979520359274833,-1.109762475828853,0,0,-1.3214841486138593,0.0031493650749470433,0,1,0,0,0,0,1,0,0,0,0
1,0,0,1,-0.4268033145403377,1,0,0,0,0,0,0,0,0,-1.4859572302583868,-0.8191456984927146,-1.109762475828853,1,1,-1.4982055976582078,0.19207985099266295,0,1,0,0,1,0,0,1,0,0,0
1,0,0,0,0.9978974048104517,1,1,0,0,0,1,1,0,1,0.8468450113651922,1.2858546513865883,-0.031297311737476054,0,1,0.8871869861568181,-0.49750414642208207,1,0,0,1,1,0,0,0,0,1,0
0,0,1,0,-0.8338606629262776,1,0,0,1,0,0,0,0,1,-0.4539494107065617,-0.7403392734539798,-0.5705298937831644,1,0,-0.46091335894839464,0.09615681107456399,0,0,0,0,0,1,0,0,0,0,0
0,0,0,0,1.4049547531963917,1,1,0,0,0,0,0,0,1,-1.3051069853530026,-0.22333665484657794,-1.109762475828853,0,1,-1.264517997932393,-0.42852389690371573,0,1,0,1,0,0,0,0,0,1,0
1,0,1,0,-0.1418631706701798,0,0,0,0,0,0,1,0,0,-1.034661206274309,-0.566074397595775,-0.5705298937831644,1,0,-0.997162041027995,-0.40161550098759347,0,0,0,0,0,0,1,0,1,0,0
1,0,1,1,-1.1595065416350294,1,0,0,0,0,0,0,0,1,-1.4743429943470319,-0.9748717577702591,-1.109762475828853,1,0,-1.506778467952274,0.4264936020387204,0,1,0,0,0,0,1,0,0,0,0
0,0,0,0,-0.30468611002455576,0,0,0,0,1,0,1,1,1,-0.5535000042324613,-0.44121711338212244,0.5079352703082123,0,0,-0.4363067145172041,-1.344624742058808,0,0,0,0,0,1,0,0,1,0,0
0,0,1,1,1.6084834273893616,0,0,1,1,1,1,0,1,0,-0.30794187353524244,0.6935997950612409,1.5864004343995892,1,1,-0.36557777723521473,0.6806605018824993,0,0,0,1,1,0,0,0,0,1,0
1,0,1,1,1.6084834273893616,1,1,1,1,1,1,1,1,1,0.8120023036311275,1.7890354304131428,2.1256330164452777,1,0,0.7817120745216114,0.32520100998741375,0,0,0,1,0,0,1,0,0,1,0
0,0,0,0,-0.9559778674420595,0,0,0,1,0,0,0,1,0,-0.8023764880472101,-0.8512211420914423,-0.031297311737476054,0,0,-0.8273659637114202,0.31745038948744636,0,0,0,0,0,1,0,0,0,0,0
1,0,1,1,0.8350744654560759,1,1,1,1,0,0,0,1,0,0.1582867394777205,0.6084748147855474,0.5079352703082123,1,1,0.15253590756526486,0.06160427258023559,0,0,0,1,0,0,0,0,0,1,0
0,0,1,0,1.4456604880349857,1,1,1,1,1,0,1,1,1,1.522129870782544,2.305511502750798,1.5864004343995892,1,1,1.5268321005440828,-0.1055165353221762,1,0,0,1,0,0,0,0,0,1,0
1,1,0,0,0.9978974048104517,1,0,0,0,1,1,0,0,1,-0.3792864655621371,0.3231525548666312,-0.031297311737476054,0,0,-0.3864212113008317,0.09565041844661606,0,0,1,0,0,1,0,0,0,1,0
0,0,1,1,-0.7117434584104956,1,1,0,0,0,0,0,0,1,-1.3167212212643575,-0.8356660877060128,-1.109762475828853,1,0,-1.2776973362463884,-0.40993198129576497,0,1,0,0,0,1,0,1,0,0,0
0,0,1,1,-0.38609757970174374,1,0,0,0,0,0,0,0,1,-1.5025489958460367,-0.8107867764604879,-1.109762475828853,1,0,-1.4990818483213693,0.009842554592160463,0,1,0,1,0,0,1,1,0,0,0
1,0,1,1,-0.8338606629262776,1,1,0,0,0,0,0,0,1,-1.3582006352334823,-0.8906024151829036,-1.109762475828853,1,1,-1.405169901469825,0.5916619975207986,0,1,0,1,0,0,0,0,0,0,0
1,0,1,0,0.1023712383613841,0,0,1,0,1,0,1,1,0,-0.39090070147349204,-0.16166492300251226,1.0471678523539008,1,1,-0.3232582721371649,-0.7737147996390954,0,0,1,0,1,0,0,0,1,0,0
0,0,1,0,-0.5489205190561197,1,1,0,0,1,0,0,1,0,0.8202981864249524,-0.2361931595995564,-0.031297311737476054,1,0,0.9181564471114056,-1.1656048202269482,1,0,0,0,0,0,1,1,0,0,1
1,0,0,0,-0.9966836022806536,1,1,0,0,0,0,0,1,0,0.6494030008721581,-0.7181585118409058,-0.5705298937831644,0,1,0.5920519416075146,0.6453818154688535,1,0,0,0,0,0,0,0,0,0,1
1,0,0,0,0.8350744654560759,1,0,0,0,0,0,0,0,0,-1.5025489958460367,-0.5797865400370916,-1.109762475828853,0,1,-1.538118679646305,0.4638902198837175,0,1,0,1,0,0,0,0,0,1,0
1,0,0,0,-0.7931549280876836,1,0,0,0,0,0,0,0,1,-1.477661347464562,-0.898500609229102,-1.109762475828853,0,0,-1.5081783563538693,0.4042902329671929,0,1,0,0,0,1,0,1,0,0,0
0,1,0,0,-1.2816237461508113,1,0,0,0,1,0,0,0,1,0.3441145140593994,-0.9758809714539399,-0.5705298937831644,0,1,0.3428558983008297,0.0031493650749470433,1,0,0,0,0,0,0,0,0,0,1
0,0,1,1,-0.38609757970174374,1,1,0,0,0,0,0,1,0,0.6859048851649877,-0.1890892078851455,-0.5705298937831644,1,0,0.5392275954257801,1.6831399338956086,1,0,0,0,0,1,0,1,0,0,0
0,1,0,0,-0.7524491932490895,0,0,0,0,0,0,1,1,1,-0.6165487134655309,-0.7137486868317785,-0.031297311737476054,0,0,-0.5587994949084201,-0.651109910232703,0,0,0,0,0,1,0,1,0,0,0
1,0,0,0,-0.10115743583158582,1,0,1,0,1,0,0,0,1,-0.30794187353524244,-0.2832312930302489,-0.031297311737476054,0,0,-0.3245896811494182,0.20391716230170662,0,0,0,1,0,0,1,0,1,0,0
0,0,1,1,-0.9966836022806536,1,0,0,0,0,0,0,0,1,-1.4959122896109767,-0.9445953472598321,-1.109762475828853,1,0,-1.5423483596109873,0.5900584208656329,0,1,0,1,0,0,1,0,0,0,0
1,0,0,0,-0.6710377235719016,1,1,0,1,1,0,0,1,1,0.21469874247573031,-0.4770661385807006,0.5079352703082123,0,1,0.3579524220862138,-1.6733900279008989,0,0,0,0,0,0,0,1,0,0,0
1,1,1,0,1.0386031396490458,1,1,0,1,0,0,1,1,1,1.127245849796476,1.5275832680560706,0.5079352703082123,1,0,1.149125792146216,-0.29212992246247677,1,0,0,0,0,1,0,0,0,1,0
1,0,0,0,-1.0373893371192475,1,1,0,1,0,0,1,1,1,1.1571110278542456,-0.7135073531248113,0.5079352703082123,0,0,1.0336917343036183,1.39688656079334,1,0,0,0,0,1,0,0,0,0,1
0,1,0,0,-1.0780950719578415,1,1,0,1,0,0,1,1,1,1.1056765545325309,-0.7629368841972695,0.5079352703082123,0,0,0.9428565513966489,1.8568839784466178,1,0,0,0,0,1,0,0,0,0,1
0,0,1,0,1.5677776925507676,1,0,1,0,1,1,1,1,0,0.5614666432576133,1.5906371838582207,1.5864004343995892,1,1,0.6122689918861857,-0.6096427730653172,0,0,0,1,0,0,0,0,0,1,0
1,0,0,0,-1.2816237461508113,1,0,0,0,0,0,0,0,1,-0.6646648336697157,-0.9892201436208528,-1.109762475828853,0,0,-0.6630275495362785,0.0031493650749470433,0,0,0,0,0,0,1,0,0,0,0
1,0,1,0,0.9978974048104517,1,1,1,1,1,1,1,0,1,1.26495750417397,1.5912295484116858,1.5864004343995892,1,0,1.2911831689374251,-0.34727433346444725,1,0,0,0,0,1,0,0,0,1,0
0,0,0,0,-1.2816237461508113,1,0,0,0,0,0,0,0,0,-1.5141632317573919,-1.0004531307087794,-1.109762475828853,0,0,-1.510087295083317,0.0031493650749470433,0,1,0,0,0,1,0,0,0,0,1
0,0,0,0,-0.38609757970174374,1,0,0,0,0,0,0,0,1,-1.480979700582092,-0.8024278544282614,-1.109762475828853,0,1,-1.4716761279533817,-0.05876263795928119,0,1,0,0,0,0,0,1,0,0,0
0,0,0,0,0.26519417771576004,1,0,0,1,0,0,1,0,1,-0.2100504565681078,-0.0328366023378544,-0.031297311737476054,0,1,-0.261386840860429,0.6041205546109322,0,0,1,0,1,0,0,0,1,0,0
1,0,0,0,0.590840056424512,1,1,1,1,0,1,1,0,0,1.1886353824707805,1.039869785703321,1.0471678523539008,0,0,1.1384528218735592,0.543998240344913,1,0,0,0,0,0,1,0,1,0,0
1,1,1,0,-0.8745663977648716,1,0,0,0,0,0,0,0,0,-1.4925939364934466,-0.9146919070238088,-1.109762475828853,1,0,-1.5027176346550846,0.16758886207740376,0,1,0,0,0,0,1,0,0,0,1
0,0,0,1,0.346605647392948,1,1,0,1,0,0,1,0,1,0.7821371255733575,0.5904844839025399,-0.031297311737476054,1,1,0.7929774427738299,-0.1522020123474583,1,0,0,0,0,0,0,0,1,0,0
0,0,0,0,-1.2002122764736234,1,0,1,1,0,1,0,1,0,0.20474368312314,-0.9153062110051797,1.0471678523539008,0,0,0.20443662998552573,-0.003264941545715817,0,0,0,1,0,0,1,0,0,0,0
1,0,0,0,-0.1418631706701798,1,0,0,0,1,1,1,1,1,0.3457736906181643,-0.024324104310284998,1.0471678523539008,0,1,0.41154258564179386,-0.7765206638160163,0,0,1,0,0,0,0,0,1,0,0
0,0,1,1,1.4863662228735797,1,1,1,1,1,1,1,0,1,1.3329837430833347,2.165625710421463,1.5864004343995892,1,1,1.3206862465486597,0.09852731569523827,1,0,1,0,1,0,0,0,0,1,0
0,1,0,0,0.22448844287716607,1,0,1,1,0,0,0,0,1,-0.25816657677229266,-0.021362281542960607,-0.031297311737476054,0,1,-0.1889509886161661,-0.7964445944535214,0,0,0,0,1,0,0,0,1,0,1
1,0,1,0,-0.6710377235719016,1,1,0,0,0,0,0,0,1,0.29599839385521454,-0.4454294835400949,-1.109762475828853,1,1,0.5070564446788447,-2.464755107225232,1,0,0,0,0,0,0,1,0,0,1
0,0,1,0,0.428017117070136,1,0,1,0,1,1,1,1,1,0.4602568731729489,0.5094182977894761,1.5864004343995892,1,0,0.5139915154971068,-0.6403696758911309,0,0,0,1,0,1,0,0,1,0,0
0,0,0,0,-1.0780950719578415,0,0,0,0,0,1,1,1,1,-0.5203164730571613,-0.8967673944245197,0.5079352703082123,0,0,-0.7391305735502702,2.5624577067195733,0,0,1,0,0,0,1,0,0,0,0
0,0,1,0,-0.30468611002455576,1,1,0,0,0,0,0,0,1,-1.2652867479426428,-0.6870484030700468,-1.109762475828853,1,0,-1.177814874583967,-0.9751606807086073,0,1,1,0,0,0,1,0,1,0,0
0,0,0,0,-1.2816237461508113,1,0,0,0,0,0,0,0,1,0.1732193285066055,-0.9781407325282689,-1.109762475828853,0,0,0.17245130105210932,0.0031493650749470433,1,0,0,0,0,0,1,0,0,0,1
1,1,1,0,0.346605647392948,1,0,0,1,0,0,1,1,1,0.9828974891839214,0.6810504422989478,0.5079352703082123,1,0,0.9595486427365858,0.23875779850711232,1,0,0,0,0,1,0,0,1,0,0
1,0,0,0,0.5094285867473239,1,1,0,0,1,1,1,1,1,1.2848676228791502,1.074380505799627,1.0471678523539008,0,1,1.3423790450971556,-0.7118320129083162,1,0,0,0,0,0,0,0,1,0,0
0,0,0,0,-1.1188008067964355,1,0,0,1,0,0,1,0,1,0.6759498258123978,-0.8244331006180862,-0.031297311737476054,0,0,0.6337018031195201,0.46882802573509474,1,0,0,0,0,0,1,0,0,0,0
0,0,1,0,0.5094285867473239,1,1,1,1,1,1,1,1,0,1.6050886987207935,1.199171971729561,2.1256330164452777,1,0,1.5514969197790804,0.5697464499001955,1,0,1,0,0,0,1,0,1,0,0
0,1,1,0,0.46872285190873,1,1,0,0,1,1,1,1,0,1.3014593884668002,0.963718031441225,1.0471678523539008,1,0,1.2320655894603607,0.7636820387113146,1,0,0,0,0,1,0,0,1,0,0
0,0,1,1,1.1607203441648277,1,0,0,0,1,1,1,1,1,0.2943392172964497,1.01654817383913,1.0471678523539008,1,1,0.3551961962075892,-0.7176714854930307,0,0,0,1,0,0,0,0,0,1,0
1,0,1,1,0.7943687306174818,1,1,0,1,0,1,0,1,1,0.9397588986560317,1.0234152147737412,0.5079352703082123,1,1,0.7985195730200564,1.6114133981558527,1,0,0,0,0,0,0,0,0,1,0
0,0,0,0,-1.0780950719578415,1,1,1,0,0,0,0,0,1,0.4685527559667738,-0.8182681213764703,-0.5705298937831644,0,0,0.24745138268908667,2.5560434000989076,1,0,0,0,0,1,0,0,0,0,1
1,1,1,1,1.2828375486806096,1,1,0,0,0,0,0,0,1,-1.3449272227633626,-0.3293918493446971,-1.109762475828853,1,1,-1.348032316298088,0.08102305639143542,0,1,0,1,0,0,0,0,0,1,0
0,0,1,1,-0.5489205190561197,1,0,0,0,0,0,0,0,0,-1.4859572302583868,-0.8388034258965861,-1.109762475828853,1,0,-1.473516047845472,-0.09509080474679033,0,1,0,1,0,0,1,1,0,0,0
1,1,0,0,1.5677776925507676,1,1,0,1,0,1,1,1,0,1.3545530383472797,2.230588356451444,1.0471678523539008,0,1,1.2919533481213743,0.6828851821717059,1,0,1,0,0,0,0,0,0,1,0
1,0,1,0,0.5094285867473239,1,1,0,1,0,0,0,0,0,0.5465340542287288,0.6478780273049147,-0.5705298937831644,1,1,0.6276723847918415,-0.9619899711141787,1,0,0,0,0,0,0,0,1,0,0
1,1,1,0,0.7129572609402939,1,1,1,1,1,0,1,0,1,1.2267964433223755,1.3015194029115484,1.0471678523539008,1,1,1.33583492032687,-1.3092177695127476,1,0,1,0,0,0,0,0,0,1,0
0,0,1,0,1.4456604880349857,1,1,1,1,1,1,1,1,0,1.7809614139498826,2.497020768943203,2.1256330164452777,1,0,1.7392052772122837,0.42621061792310044,1,0,0,1,0,0,1,0,0,1,0
1,1,0,0,-1.2816237461508113,1,0,0,0,0,0,0,0,1,0.1566275629189556,-0.97836012680733,-1.109762475828853,0,0,0.15590716539689373,0.0031493650749470433,1,0,0,0,0,1,0,0,0,0,1
0,1,0,0,-0.8338606629262776,1,1,0,1,0,0,1,0,1,0.875051012864197,-0.5286676730158633,-0.031297311737476054,0,0,0.8692351477309392,0.03842805148859551,1,0,0,0,0,1,0,0,0,0,1
0,0,0,0,0.020959768684196134,1,1,1,0,0,0,0,1,1,0.8534817176002523,0.3028805234813886,-0.031297311737476054,0,0,0.8489059143727881,0.0247247600717256,1,0,0,0,0,1,0,0,1,0,0
0,1,1,1,-0.019745966154397852,1,1,0,0,1,0,1,0,1,0.8767101894229619,0.26205124814812436,-0.031297311737476054,1,0,0.8463663268825321,0.3236642490262082,1,0,0,0,0,0,1,0,1,0,0
1,0,1,1,1.5677776925507676,1,0,0,0,0,0,0,0,1,-1.5042081724048018,-0.4001245649139848,-1.109762475828853,1,1,-1.502094846449882,0.025644609420654062,0,1,0,1,0,0,0,0,0,1,0
0,1,1,0,-0.6303319887333076,1,1,0,0,0,0,1,1,1,0.9165304268333218,-0.3004098650807303,-0.031297311737476054,1,0,0.9941109324461402,-0.932962089387729,1,0,0,0,0,1,0,1,0,0,0
1,0,1,1,-0.5489205190561197,1,0,1,0,0,0,0,0,1,-0.5302715324097512,-0.5896154037390274,-0.5705298937831644,1,1,-0.4845250332563206,-0.5143839006869858,0,0,1,0,0,0,0,1,0,0,0
1,1,1,0,0.8757802002946699,1,1,0,0,0,0,0,0,0,0.3009759235315097,0.7107564276838163,-1.109762475828853,1,1,0.25275163355640573,0.5508598804060219,1,0,0,0,0,0,0,0,0,1,0
0,0,1,0,0.9978974048104517,0,0,1,1,1,0,1,1,1,-0.20507292689181286,0.4993919792363853,1.5864004343995892,1,1,-0.1532649977598723,-0.5957443162438194,0,0,0,0,0,0,0,0,0,1,0
1,0,1,1,1.4456604880349857,1,0,1,1,0,1,1,1,0,0.5946501744329131,1.5257184166840514,1.5864004343995892,1,1,0.6620847276127175,-0.8042043167817654,0,0,0,1,0,0,0,0,0,1,0
0,0,1,1,0.8350744654560759,0,0,1,1,1,0,0,1,1,-0.5385674152035762,0.0859434603458066,1.0471678523539008,1,1,-0.5909200903597729,0.6269104277711434,0,0,0,0,0,0,0,0,0,1,0
0,0,0,0,0.631545791263106,1,1,0,1,1,0,1,1,1,1.4093058647865246,1.238246092830337,1.0471678523539008,0,1,1.3816208157526793,0.2749556081255501,1,0,0,0,0,0,0,0,1,0,1
1,0,1,1,0.14307697319997809,1,0,1,1,0,0,0,0,0,-0.37430893588584213,-0.1579571596863803,-0.031297311737476054,1,0,-0.36619818232228546,-0.08184019764883996,0,0,1,0,0,0,1,0,1,0,0
1,0,0,0,0.1023712383613841,1,0,1,1,1,0,0,0,0,-0.12377327551232817,-0.12204231620408376,0.5079352703082123,0,0,-0.23789053215625247,1.3314606332625774,0,0,1,0,0,0,1,0,1,0,0
0,0,1,0,1.4049547531963917,1,1,1,1,1,0,0,0,0,0.02389343821775623,0.887895368597721,0.5079352703082123,1,0,-0.013830727877661575,0.43798191240408757,0,0,0,1,0,0,1,0,0,1,0
1,0,0,0,0.8350744654560759,0,0,1,1,0,0,0,1,1,-0.618207890024296,0.10860688937281475,0.5079352703082123,0,1,-0.5586746335072489,-0.6718051259333317,0,0,0,0,0,0,0,0,0,1,0
0,0,1,1,-0.4268033145403377,1,1,0,0,0,0,0,0,1,0.3607062796470494,-0.3002343496574815,-1.109762475828853,1,1,0.280439386510698,0.921561449397183,1,0,0,0,0,0,0,1,0,0,0
1,1,0,0,-0.10115743583158582,1,0,1,1,0,0,1,1,1,0.3258635719129846,-0.08250746711727963,1.0471678523539008,0,0,0.1799513092158073,1.6862634223369726,0,0,0,0,0,1,0,0,1,0,0
0,0,0,0,0.7129572609402939,1,0,0,1,0,1,1,1,1,1.1703844403243657,1.2018924607899182,1.0471678523539008,0,0,1.1855810803062015,-0.21583506295449098,1,0,0,1,0,0,1,0,0,1,0
1,0,1,1,0.5094285867473239,1,0,0,0,0,0,0,0,0,-1.4793205240233267,-0.6011994216734516,-1.109762475828853,1,0,-1.4654548935601353,-0.11188053365561366,0,1,0,1,0,0,1,0,1,0,0
0,0,0,0,-0.1418631706701798,0,0,0,0,0,0,0,0,1,-1.3216987509406526,-0.696131326223175,-1.109762475828853,0,1,-1.335346993318057,0.202877602263185,0,0,0,0,1,0,0,0,1,0,1
1,0,0,0,-0.8338606629262776,1,0,0,0,0,0,0,0,1,-0.6480730680820658,-0.7812343670709623,-1.109762475828853,0,1,-0.7178989327927435,0.8338020724508339,0,0,0,0,0,0,0,0,0,0,1
1,0,0,0,-1.2002122764736234,0,0,0,1,0,1,0,0,1,-0.9317922596308794,-0.9612254336126609,-0.031297311737476054,0,0,-0.9497925675600155,0.24047871003948657,0,0,0,0,0,0,1,0,0,0,1
1,0,0,0,-1.2816237461508113,0,0,0,0,0,0,0,1,1,-0.9848859095113592,-0.9934544532067314,-0.5705298937831644,0,1,-0.9823293676819395,0.0031493650749470433,0,0,0,0,0,0,0,0,0,0,1
1,0,1,1,-1.2409180113122174,1,0,0,0,0,0,1,1,1,0.8169798333074222,-0.9275045329209749,-0.031297311737476054,1,1,0.921073439450615,-1.2380189660233902,1,0,0,0,0,0,0,0,0,0,1
0,0,1,0,-0.22327464034736777,1,0,0,1,0,0,0,0,1,0.3706613389996392,-0.09036178230766582,-0.5705298937831644,1,0,0.41675303756079274,-0.5484810043020918,1,0,0,0,0,1,0,0,1,0,0
0,1,1,0,0.9164859351332638,1,1,0,1,1,0,0,0,1,0.680927355488693,1.130040834397419,-0.031297311737476054,1,0,0.7839526351155233,-1.221050209417811,1,0,0,0,0,1,0,0,0,1,1
0,0,1,1,-1.2816237461508113,1,0,0,0,0,0,0,0,1,-1.4942531130522119,-1.000189857573906,-1.109762475828853,1,0,-1.4902343322970584,0.0031493650749470433,0,1,0,0,0,1,0,0,0,0,1
1,0,0,1,-1.1595065416350294,1,1,0,0,0,1,0,0,0,0.5266239355235486,-0.8630464937328338,-0.5705298937831644,1,1,0.6013580179135734,-0.8868356785420755,1,0,0,0,1,0,0,0,0,0,1
0,0,1,1,0.9164859351332638,1,1,0,0,0,0,0,0,1,-1.3034478087942378,-0.39988323120701763,-1.109762475828853,1,1,-1.3136632844859393,0.16234079302413315,0,1,0,1,1,0,0,0,0,1,0
1,0,1,1,-0.9966836022806536,1,0,0,0,0,0,1,0,1,-0.34942128750436724,-0.8004533059167118,-0.5705298937831644,1,0,-0.1836612189264065,-1.9163318911585245,0,0,0,0,0,1,0,0,0,0,0
1,0,0,0,1.5270719577121736,1,1,1,1,1,1,1,1,1,1.6598415251600385,2.374686518938752,2.1256330164452777,0,1,1.4963366706619687,1.8463461889983854,1,0,0,1,0,0,0,0,0,1,0
0,0,1,0,1.2828375486806096,0,0,1,0,1,1,0,1,0,-0.5667734167025811,0.37216523680887326,1.0471678523539008,1,0,-0.5214200884124175,-0.5085920350048404,0,0,0,1,0,1,0,0,0,1,1
1,0,0,0,-0.8745663977648716,1,0,0,1,0,0,0,0,1,0.36402463276457964,-0.6287553431235215,-0.5705298937831644,0,0,0.45746163802150513,-1.0989451361117328,1,0,0,0,0,0,1,0,0,0,0
1,0,0,0,-1.2816237461508113,1,0,1,0,0,0,0,0,1,-0.5435449448798714,-0.987618565383707,-0.5705298937831644,0,0,-0.5422553592532048,0.0031493650749470433,0,0,0,0,0,0,1,0,0,0,1
1,0,0,1,-1.2816237461508113,1,0,0,0,0,0,0,0,0,0.1599459160364854,-0.9783162479515178,-1.109762475828853,1,1,0.15921599252793667,0.0031493650749470433,1,0,0,0,0,0,0,0,0,0,1
1,0,0,0,-1.2816237461508113,1,0,0,0,0,0,1,0,1,0.4984179340245439,-0.9738406046586722,-0.5705298937831644,0,0,0.49671635989433494,0.0031493650749470433,1,0,0,0,0,1,0,0,0,0,1
1,0,1,1,1.3642490183577978,1,1,0,0,0,0,0,0,1,-1.3017886322354726,-0.2565968275522355,-1.109762475828853,1,1,-1.2891228165973694,-0.10385293173338923,0,1,1,0,1,0,0,0,0,1,0
1,0,0,0,-0.7931549280876836,1,0,0,0,0,1,0,0,1,-0.4771778825292717,-0.7409316380074445,-0.5705298937831644,0,0,-0.5941784926941889,1.3767977983000539,0,0,0,0,0,0,1,1,0,0,0
0,0,1,0,1.6084834273893616,1,1,0,0,0,0,0,0,0,-1.3366313399695375,-0.2059167490891293,-1.109762475828853,1,1,-1.307674390934992,-0.2921760022514221,0,1,0,1,0,0,0,0,0,1,0
1,0,0,0,1.6084834273893616,0,0,1,1,1,1,1,1,1,0.02223426165899086,0.9948062007841783,2.1256330164452777,0,1,-0.05011327944291613,0.8407509046232164,0,0,0,1,0,0,0,0,0,1,0
0,0,1,1,0.7943687306174818,1,0,0,1,1,1,0,0,0,0.6925415914000478,0.9363595648423103,0.5079352703082123,1,1,0.6722750917125649,0.21260114664967922,1,0,0,0,0,0,0,0,0,1,0
0,0,1,0,-0.2639803751859618,1,0,0,0,0,1,0,1,0,0.695859944517578,-0.04514462139318027,-0.031297311737476054,1,1,0.646568050155999,0.5500923565368884,1,0,0,0,1,0,0,0,1,0,0
1,0,0,1,0.020959768684196134,0,0,1,0,0,1,0,0,0,-1.0247061469217191,-0.5201332355603878,-0.031297311737476054,1,1,-1.0317612396699474,0.11627440911209676,0,0,1,0,1,0,0,0,1,0,0
0,0,0,0,-0.7931549280876836,1,1,0,0,0,0,0,1,1,0.6527213539896879,-0.5195847498627352,-0.5705298937831644,0,0,0.6897736967325048,-0.45275981319373665,1,0,0,0,0,1,0,1,0,0,1
0,0,0,0,-0.7931549280876836,0,0,0,1,0,0,0,0,1,-1.1242567404476187,-0.8565524230726262,-0.5705298937831644,0,0,-1.2648522996402367,1.6728427192537445,0,0,0,0,0,1,0,1,0,0,1
1,0,0,0,-0.22327464034736777,1,0,0,0,0,0,0,0,0,-1.480979700582092,-0.747820618369962,-1.109762475828853,0,0,-1.419462196438636,-0.6660766256809155,0,1,1,0,0,0,1,0,1,0,0
1,0,1,0,1.3642490183577978,1,1,1,1,1,1,1,1,0,0.888324425334317,1.6571136504137238,2.1256330164452777,1,1,0.8973852452170104,-0.13504978666115525,0,0,0,1,0,0,0,0,0,1,0
1,0,1,1,1.5677776925507676,1,1,1,1,1,1,1,1,1,1.6283171705435033,2.5785696224702,2.1256330164452777,1,1,1.6615400180190845,-0.44079292695235966,1,0,0,1,0,0,0,0,0,1,0
0,0,0,0,-1.2816237461508113,1,0,0,0,0,0,0,0,0,-0.6513914211995958,-0.9890446281976039,-1.109762475828853,0,0,-0.6497922410121061,0.0031493650749470433,0,0,0,0,0,0,1,0,0,0,0
0,0,0,0,1.1200146093262338,0,0,1,0,1,0,0,1,1,-0.6795974226986006,0.20823383149444485,0.5079352703082123,0,0,-0.6189650015745543,-0.6825400126739516,0,0,1,0,0,1,0,0,0,1,0
1,0,1,0,-0.9966836022806536,1,0,1,0,0,0,0,0,1,0.31756768911915967,-0.7413046082818483,-0.5705298937831644,1,0,0.3738761526543589,-0.6655421001291931,1,0,0,0,0,1,0,0,0,0,1
0,0,1,0,0.9164859351332638,1,1,0,1,1,0,1,0,1,0.9795791360663916,1.2170964843288503,0.5079352703082123,1,1,0.9033110538062429,0.8543861655153235,1,0,0,0,1,0,0,0,0,1,0
1,0,1,0,1.5677776925507676,1,1,0,1,1,1,1,1,1,1.4491261021968842,2.3657571717809662,1.5864004343995892,1,1,1.4355145027295195,0.1099340189569718,1,0,0,1,1,0,0,0,0,1,1
0,0,1,1,0.26519417771576004,1,0,0,0,1,0,1,0,1,-0.168571042598983,0.018501658962435025,-0.031297311737476054,1,0,-0.16212202692913544,-0.06938164055870642,0,0,0,0,0,0,1,0,1,0,0
0,1,1,0,-0.2639803751859618,1,0,0,0,1,0,1,0,1,0.689223238282518,-0.10194580024209014,-0.031297311737476054,1,1,0.4818266378046408,2.389271427961668,1,0,0,0,1,0,0,0,1,0,0
1,0,1,0,0.8350744654560759,0,0,0,1,1,1,1,1,1,-0.14866092389380306,0.38829071631986156,1.5864004343995892,1,0,-0.16074134797387443,0.1454743572617401,0,0,1,0,0,1,0,0,0,1,1
0,0,1,1,-1.1188008067964355,1,0,0,1,0,1,1,1,1,1.135541732590301,-0.8048631309258392,1.0471678523539008,1,0,0.9288491832085664,2.3661799241272794,1,0,0,0,0,0,1,0,0,0,1
1,0,0,0,1.6084834273893616,1,1,0,1,1,0,1,1,1,1.32800621340704,2.3014307691602625,1.0471678523539008,0,0,1.3183624748376674,0.06782695683330074,1,0,1,0,0,1,0,0,0,1,0
0,0,1,1,-0.22327464034736777,1,0,1,0,0,0,0,0,0,0.31424933600162985,-0.14347713726834996,-0.5705298937831644,1,0,0.2684072878523595,0.5227082013486715,1,0,0,0,0,0,1,0,1,0,0
1,0,1,1,-0.8745663977648716,1,0,0,0,1,0,1,0,1,-0.17520774883404305,-0.70911946754359,-0.031297311737476054,1,1,-0.09345807929717416,-0.9450017772158188,0,0,0,0,0,0,0,0,0,0,0
0,1,1,0,1.6084834273893616,1,1,1,1,0,0,1,1,1,1.3910549226401094,2.3598335262463177,1.0471678523539008,1,1,1.379529820829589,0.08760440224701442,1,0,1,0,0,0,0,0,0,1,0
0,0,1,0,0.346605647392948,1,0,1,1,1,0,1,1,1,1.31141444781939,0.8173381684516822,1.5864004343995892,1,1,1.2102124736882913,1.133318902335219,1,0,1,0,0,0,0,0,1,0,0
0,0,0,0,0.14307697319997809,1,1,0,1,0,1,0,1,1,0.19147027065302033,0.09329316869435231,0.5079352703082123,0,0,0.16008915524307302,0.3586088569700353,0,0,1,0,0,0,1,0,1,0,0
0,1,1,0,-0.8745663977648716,1,0,0,0,0,1,1,0,1,0.5963093509916785,-0.6227658793051545,-0.031297311737476054,1,0,0.4985211746930855,1.117489360719262,1,0,0,0,0,1,0,0,0,0,0
1,0,0,1,1.2014260790034217,1,0,0,0,0,0,0,0,0,-1.4909347599346818,-0.4603921733720596,-1.109762475828853,1,1,-1.481535319033187,-0.05954530931411513,0,1,0,1,0,0,0,0,0,1,0
0,0,0,0,-0.5082147842175256,0,0,0,0,0,0,0,0,0,-1.3283354571757127,-0.7869166788986439,-1.109762475828853,0,1,-1.311640387899006,-0.1498318478278712,0,0,0,0,1,0,0,1,0,0,0
0,0,0,0,0.9164859351332638,1,0,0,0,0,0,0,0,0,-0.6596873039934208,0.07163895335102514,-1.109762475828853,0,1,-0.6671786235734053,0.10916035995099856,0,0,1,0,0,0,0,0,0,1,0
0,0,1,1,0.5094285867473239,0,0,0,1,1,1,0,1,0,-0.4622452935003867,-0.015285060012969122,1.0471678523539008,1,1,-0.48361558954194045,0.2639978343152513,0,0,1,0,0,0,0,0,1,0,0
0,0,1,1,1.5677776925507676,1,1,1,1,1,0,1,1,1,1.4623995146670041,2.352988424739613,1.5864004343995892,1,1,1.4219529718121457,0.4216151153131448,1,0,0,1,0,0,0,0,0,1,0
0,1,0,0,-1.2816237461508113,0,0,0,0,0,0,1,0,1,-0.9450656721009992,-0.992927906936985,-0.5705298937831644,0,0,-0.942623442109422,0.0031493650749470433,0,0,0,0,0,1,0,0,0,0,1
0,0,1,1,-0.1418631706701798,1,1,0,0,0,0,0,0,0,-1.2885152197653527,-0.7050387339530542,-1.109762475828853,1,0,-1.3585087832353588,0.857136877570835,0,1,0,1,0,0,1,0,1,0,0
1,0,0,0,-0.9152721326034655,1,0,0,0,0,0,0,0,0,-0.6281629493768859,-0.7929939004286355,-1.109762475828853,0,0,-0.52041710018832,-1.2322460900647905,0,0,0,0,0,0,1,0,0,0,0
1,0,0,0,-0.8745663977648716,1,0,0,0,0,0,0,0,0,-1.4826388771408567,-0.9176537297911331,-1.109762475828853,0,0,-1.523021801141031,0.519209488646488,0,1,0,0,0,0,1,0,0,0,0
0,0,0,0,-0.5896262538947137,1,1,0,0,0,1,1,0,1,0.7771595958970623,-0.2896156665509259,-0.031297311737476054,0,0,0.8647314663581307,-1.044520716300049,1,0,0,0,0,1,0,1,0,0,1
0,1,0,0,1.6084834273893616,1,1,0,1,1,1,1,1,1,1.4325343366092342,2.4022424403888225,1.5864004343995892,0,1,1.4239462294706056,0.05205845305750341,1,0,0,1,0,0,0,0,0,1,0
0,0,0,0,-1.2816237461508113,1,0,0,0,0,0,0,0,0,-0.7011667179625456,-0.9897028110347871,-1.109762475828853,0,0,-0.699424647977753,0.0031493650749470433,0,0,0,0,0,1,0,0,0,0,0
0,1,0,0,0.9571916699718578,1,1,0,1,1,1,1,0,1,1.1604293809717758,1.494937399331784,1.0471678523539008,0,1,1.222944828959531,-0.7658801822667108,1,0,0,1,0,0,0,0,0,1,0
1,0,0,0,-0.38609757970174374,1,0,0,1,0,0,1,1,0,1.0077851375653963,-0.046702320774513716,0.5079352703082123,0,0,1.0060599450012118,-0.013583608718091975,1,0,0,0,0,0,1,1,0,0,0
1,0,1,0,-0.5896262538947137,1,1,0,0,0,0,1,1,1,0.9878750188602166,-0.26826860319828416,-0.031297311737476054,1,0,0.9541617107610463,0.35914338252175493,1,0,0,0,0,1,0,1,0,0,1
0,1,0,0,-0.10115743583158582,1,1,1,1,1,0,0,0,0,0.888324425334317,0.20132291170402128,0.5079352703082123,0,1,0.8933895857875541,-0.08857521960053569,1,0,0,0,1,0,0,0,1,0,1
1,0,1,0,1.1607203441648277,1,0,0,0,0,0,0,0,1,-1.472683817788267,-0.45955847511162756,-1.109762475828853,1,1,-1.4695677234949693,0.012928553857269712,0,1,1,0,1,0,0,0,0,1,0
1,0,0,0,0.387311382231542,1,1,0,0,0,0,0,0,0,-1.3233579274994176,-0.5921384379482297,-1.109762475828853,0,0,-1.4003839193695662,0.9400962964503969,0,1,1,0,0,1,0,0,1,0,0
0,0,1,1,0.7129572609402939,1,1,0,0,0,0,1,0,1,0.6460846477546283,0.797197773633876,-0.5705298937831644,1,1,0.5752348277139878,0.8025002561420028,1,0,0,0,0,0,0,0,0,1,1
1,0,0,0,-0.22327464034736777,1,1,0,0,1,0,0,0,1,0.5432157011111984,-0.011643114980555348,-0.5705298937831644,0,0,0.6366062180456583,-1.1043875780929095,1,0,0,0,0,1,0,0,1,0,0
0,0,0,0,-1.2816237461508113,1,0,0,0,0,0,0,0,1,0.19644780032931503,-0.9778335805375835,-1.109762475828853,0,0,0.1956130909694108,0.0031493650749470433,1,0,0,0,0,1,0,0,0,0,1
0,1,0,0,0.5094285867473239,1,1,1,0,0,1,0,1,1,0.16990097538907525,0.33484626994058586,0.5079352703082123,0,0,0.10311299028380548,0.7711556777890235,0,0,0,0,0,1,0,0,1,0,0
1,1,1,0,1.5270719577121736,1,0,1,1,1,0,1,1,0,1.3412796258771595,2.287214019877105,1.5864004343995892,1,1,1.402106000865762,-0.7522726889357346,1,0,0,1,1,0,0,0,0,1,0
1,0,0,0,-0.5896262538947137,0,0,0,1,1,0,0,0,1,-1.042957089068134,-0.7456486150072574,-0.031297311737476054,0,1,-1.0457485543602658,0.06729243128157839,0,0,0,0,1,0,0,1,0,0,1
0,0,0,0,-1.2002122764736234,1,0,0,0,1,0,0,0,1,0.3258635719129846,-0.904446194191657,-0.5705298937831644,0,0,0.4774148682965831,-1.7736135688487635,1,0,0,0,0,0,1,0,0,0,0
0,0,1,1,0.26519417771576004,1,0,0,0,1,1,0,0,1,0.5498524073462585,0.3545259367723636,-0.031297311737476054,1,1,0.48759587485363926,0.7057626441383624,1,0,0,0,0,0,0,0,1,0,0
0,0,1,1,0.7943687306174818,1,0,0,0,0,0,0,0,0,-1.5125040551986266,-0.5562235944659332,-1.109762475828853,1,0,-1.492206902317488,-0.18557927203302776,0,1,0,1,0,0,1,0,0,1,0
0,0,0,0,-1.1595065416350294,1,0,1,0,1,1,0,1,1,0.9779199595076267,-0.8390228201756471,1.0471678523539008,0,1,1.0542537314751004,-0.9205107883005541,1,0,0,0,0,0,0,0,0,0,1
1,0,1,0,1.4456604880349857,1,1,0,1,1,1,1,1,1,1.495583045842304,2.3310709362614124,1.5864004343995892,1,1,1.555176097659268,-0.7430797478083874,1,0,0,1,0,0,0,0,0,1,1
0,0,1,0,-0.2639803751859618,1,0,0,0,0,0,0,0,0,-1.5174815848749215,-0.8072545285676048,-1.109762475828853,1,0,-1.5637921046717862,0.5893183085632472,0,1,1,0,0,0,1,0,1,0,0
1,0,0,0,-1.2816237461508113,1,0,0,1,0,0,0,0,0,-0.47385952941174164,-0.9866971094116506,-0.5705298937831644,0,0,-0.47276998950129917,0.0031493650749470433,0,0,0,0,0,0,1,0,0,0,1
0,0,0,0,0.7943687306174818,1,0,0,0,0,0,0,0,0,-1.469365464670737,-0.5600629943495018,-1.109762475828853,0,0,-1.4977746402783778,0.37949647083732146,0,1,1,0,0,0,1,0,0,1,0
0,0,0,1,-0.8338606629262776,1,0,0,0,0,0,0,0,1,-0.6762790695810708,-0.7980399688470401,-1.109762475828853,1,0,-0.8235056653918696,1.7350121526540152,0,0,0,0,0,1,0,0,0,0,1
0,0,0,0,-0.1418631706701798,1,1,0,0,0,0,1,1,1,0.2014253300056102,-0.09619767013069026,-0.031297311737476054,0,1,0.2246509014814961,-0.2768682963650387,0,0,1,0,1,0,0,0,1,0,0
0,0,0,0,-1.2816237461508113,1,0,0,0,0,0,0,1,1,0.49012205123071895,-0.9739503017982027,-0.5705298937831644,0,0,0.4884442920667271,0.0031493650749470433,1,0,0,0,0,1,0,0,0,0,1
1,0,0,0,-0.3453918448631497,1,0,1,0,0,0,0,0,1,-0.5103614137045716,-0.4778120791295082,-0.5705298937831644,0,1,-0.47993911495189245,-0.3368088858202064,0,0,0,0,0,0,0,1,0,0,1
0,0,1,1,1.3235432835192036,1,1,1,1,1,1,1,1,1,0.8468450113651922,1.6053366005553122,2.1256330164452777,1,0,0.884180016939484,-0.46252929558520073,0,0,0,1,0,0,1,0,0,1,0
1,0,0,0,-1.1188008067964355,0,0,0,1,0,0,1,1,1,-0.4622452935003867,-0.8746743905230703,0.5079352703082123,0,0,-0.12401960988935443,-3.918557702798548,0,0,0,0,0,0,1,0,0,0,1
0,0,1,1,0.1023712383613841,1,0,0,0,0,0,0,0,0,-1.5008898192872717,-0.6884305870281314,-1.109762475828853,1,1,-1.4581859780849549,-0.446585161985269,0,1,0,1,1,0,0,0,1,0,0
1,0,0,0,0.18378270803857208,1,1,1,1,1,1,1,1,1,0.8518225410414869,0.4648154408563614,2.1256330164452777,0,1,0.8548745398896779,-0.06394081498442505,0,0,1,0,0,0,0,0,1,0,0
0,0,0,0,0.14307697319997809,0,0,1,1,1,1,0,1,1,-0.39255987803225695,-0.1746750037508335,1.5864004343995892,0,0,-0.40121660279249166,0.11379615428138823,0,0,0,1,0,0,1,0,1,0,0
1,0,0,0,-1.1595065416350294,1,0,0,0,0,0,1,0,1,0.5332606417586087,-0.859360669844608,-0.5705298937831644,0,0,0.6708433876654791,-1.6180666332976852,1,0,0,0,0,1,0,0,0,0,1
0,0,1,1,1.5270719577121736,1,1,0,0,0,0,0,0,0,-1.3349721634107725,-0.26916811974243454,-1.109762475828853,1,1,-1.3517835513424112,0.2401121782325903,0,1,0,1,0,0,0,0,0,1,0
0,0,0,0,-1.2409180113122174,1,0,0,0,0,0,0,0,0,-1.5324141739038066,-0.9856001380163452,-1.109762475828853,0,1,-1.26937012129993,-3.0083675933264367,0,1,0,0,0,0,0,0,0,0,0
1,1,0,0,-1.1595065416350294,1,0,1,0,0,0,0,0,0,0.3457736906181643,-0.8889569580899457,-0.5705298937831644,0,0,0.1128924126933328,2.6971581457535017,1,0,0,0,0,1,0,0,0,0,0
1,0,1,0,1.5677776925507676,1,1,0,1,1,0,0,1,1,0.9397588986560317,1.9175565990871153,0.5079352703082123,1,1,0.9594861262500838,-0.26083097218671436,1,0,0,0,0,0,0,0,0,1,0
0,1,1,0,1.6084834273893616,1,1,1,1,1,1,1,1,1,0.8269348926600121,1.9297987998587227,2.1256330164452777,1,1,0.9291387055825329,-1.2163706811786552,0,0,0,1,0,0,0,0,0,1,0
0,1,1,0,0.590840056424512,1,1,1,1,1,0,0,0,1,0.08362379433329585,0.41801864113263604,0.5079352703082123,1,1,0.14073584099817446,-0.6670774394798827,0,0,0,0,1,0,0,0,1,0,0
1,0,1,0,0.9164859351332638,1,0,1,1,1,0,0,0,0,-0.2100504565681078,0.337544819573037,0.5079352703082123,1,0,-0.3026060342257454,1.0835518475081145,0,0,0,1,0,1,0,0,0,1,0
1,0,1,0,0.7536629957788878,1,1,0,0,0,0,1,1,1,0.9862158423014517,1.1028578832217533,-0.031297311737476054,1,0,0.9737713774347283,0.11181526547206483,1,0,0,0,0,1,0,0,0,1,1
1,0,0,0,1.6084834273893616,1,1,1,1,1,1,1,1,1,1.767688001479763,2.741469874673042,2.1256330164452777,0,0,1.7792315426663603,-0.19328877518286058,1,0,0,1,0,1,0,0,0,1,0
1,0,1,1,1.6084834273893616,1,1,1,1,1,1,1,1,0,1.6432497595723885,2.5455069046156984,2.1256330164452777,1,1,1.573992348676936,0.7506833491580738,1,0,0,1,0,0,0,0,0,1,0
1,0,1,1,0.22448844287716607,1,0,1,1,1,1,1,0,0,0.3026351000902746,0.22069542654511343,1.5864004343995892,1,0,0.29139492897329095,0.12063245475867027,0,0,1,0,0,1,0,0,1,0,0
1,0,1,1,-0.9966836022806536,1,1,1,1,0,1,0,1,1,0.37232051555840456,-0.7255520990452639,1.0471678523539008,1,1,0.5223597701599189,-1.7575778022971038,0,0,0,1,1,0,0,0,0,0,0
0,1,0,0,-0.22327464034736777,1,1,0,0,1,0,0,1,0,0.7755004193382974,0.07389871442535416,-0.031297311737476054,0,1,0.8755157918222713,-1.1891989656327864,1,0,0,0,1,0,0,0,1,0,1
1,0,0,0,-1.0780950719578415,1,0,0,0,1,0,1,0,0,-0.13372833486491825,-0.8272194079621618,-0.031297311737476054,0,0,0.13495126023362042,-3.120617959188044,0,0,0,0,0,0,1,0,0,0,0
1,0,0,0,-0.6303319887333076,1,0,0,0,0,0,0,0,0,-1.5191407614336867,-0.8582198195934904,-1.109762475828853,0,0,-1.4802105324588983,-0.40208388848930676,0,1,0,1,0,0,1,1,0,0,0
1,0,1,1,1.5677776925507676,1,0,0,0,0,0,0,0,0,-1.497571466169742,-0.39626322560251004,-1.109762475828853,1,0,-1.4979937649353496,0.05491552977410226,0,1,0,1,0,0,1,0,0,1,0
0,0,1,0,0.387311382231542,1,0,0,0,1,1,1,1,1,1.1305642029140057,0.8054689379544784,1.0471678523539008,1,1,1.10892816073567,0.21390515403959717,1,0,0,1,1,0,0,0,1,0,0
0,0,0,0,-1.2816237461508113,1,0,0,0,0,0,0,0,0,-1.4793205240233267,-0.9999924027227513,-1.109762475828853,0,0,-1.4753446102073642,0.0031493650749470433,0,1,0,0,0,0,1,0,0,0,0
0,0,1,0,1.5270719577121736,1,1,0,1,1,1,1,1,1,1.478991280254654,2.35858297885567,1.5864004343995892,1,0,1.4789889627034996,-0.04935631626276598,1,0,1,0,0,1,0,0,0,1,1
1,0,0,0,-0.9559778674420595,1,0,1,0,0,0,0,0,0,0.3540695734119893,-0.7186411792548403,-0.5705298937831644,0,0,0.2834808336715557,0.8092138970716272,1,0,0,0,0,1,0,0,0,0,0
1,0,0,1,-1.2816237461508113,1,0,0,0,0,0,0,0,0,-1.4959122896109767,-1.0002117970018123,-1.109762475828853,1,0,-1.4918887458625798,0.0031493650749470433,0,1,0,0,0,0,1,0,0,0,0
0,0,0,0,-0.9152721326034655,0,0,1,1,1,0,0,0,0,-0.804035664605975,-0.8117740507162627,0.5079352703082123,0,1,-0.6620349013969655,-1.624801655249378,0,0,0,0,0,0,0,0,0,0,0
1,0,1,0,0.6722515261016999,1,0,0,1,0,0,1,1,1,0.9911933719777464,1.0492818002750408,0.5079352703082123,1,0,1.0187682486717704,-0.3538264339974723,1,0,0,1,0,1,0,0,0,1,0
0,0,1,0,0.5501343215859179,0,0,0,0,0,0,1,1,1,-0.6961891882862504,-0.12790014345501427,-0.031297311737476054,1,0,-0.7044238541866115,0.11902520859171258,0,0,0,0,0,1,0,0,1,0,0
0,0,1,0,0.5501343215859179,1,1,0,1,0,1,1,1,1,1.2682758572915003,1.0071580986953161,1.0471678523539008,1,0,1.1562878898530276,1.2602140212766717,1,0,1,0,0,1,0,0,1,0,0
0,1,1,0,-1.1595065416350294,1,1,1,0,0,0,1,1,1,1.1504743216191855,-0.8563769076493774,0.5079352703082123,1,0,0.7270934488932118,4.886040280054827,1,0,0,0,0,1,0,0,0,0,1
1,0,1,1,1.5677776925507676,1,1,0,1,1,0,1,1,1,1.3628489211411048,2.3801494364873728,1.0471678523539008,1,1,1.4508003520109582,-1.0684915523096619,1,0,0,1,0,0,0,0,0,1,1
1,0,1,1,-0.7524491932490895,1,0,1,1,0,0,0,1,1,-0.11713656927726834,-0.651067741304032,0.5079352703082123,1,1,-0.22118095514448488,1.2140788221044405,0,0,0,1,0,0,0,1,0,0,0
1,0,1,1,1.4049547531963917,1,0,1,1,0,0,0,0,1,-0.3560579937394271,0.6752364939038296,-0.031297311737476054,1,1,-0.253177454603042,-1.1847419267039965,0,0,0,1,0,0,0,0,0,1,0
1,0,1,1,-0.9152721326034655,1,0,0,0,1,0,1,0,0,-0.15695680668762801,-0.7616643973787153,-0.031297311737476054,1,0,-0.28416684303184125,1.4848541944481526,0,0,0,0,0,0,1,0,0,0,0
1,0,0,0,1.2014260790034217,1,0,0,0,0,0,0,0,1,-1.4892755833759168,-0.48165147901307687,-1.109762475828853,0,1,-1.5073922020169028,0.2604458258102604,0,1,0,1,1,0,0,0,0,1,0
1,0,1,0,1.3235432835192036,1,1,1,1,1,0,0,0,0,0.8236165395424823,1.5227127150609152,0.5079352703082123,1,0,0.7883258402048042,0.3829749986585278,1,0,1,0,0,1,0,0,0,1,1
1,1,1,0,0.8350744654560759,1,1,1,0,0,1,0,0,1,-0.16193433636392318,0.4082117168586064,-0.031297311737476054,1,0,-0.13239780990795783,-0.3381401570056261,0,0,1,0,0,1,0,0,0,1,1
1,0,0,0,-1.1595065416350294,1,0,0,0,0,0,0,0,0,-1.5108448786398618,-0.9679388985519294,-1.109762475828853,0,0,-1.3760797962760707,-1.5170413040222384,0,1,0,0,0,0,1,0,0,0,0
0,0,1,0,1.0386031396490458,1,1,0,1,0,1,0,0,1,-0.1669118660402181,0.5290760251933475,-0.031297311737476054,1,1,-0.1490754180954602,-0.20188726379935687,0,0,0,1,1,0,0,0,0,1,0
1,0,0,0,-1.2816237461508113,1,0,0,0,0,0,1,0,1,0.4685527559667738,-0.974235514360982,-0.5705298937831644,0,0,0.46693691571494667,0.0031493650749470433,1,0,0,0,0,1,0,0,0,0,1
0,0,0,0,1.6084834273893616,1,1,0,0,1,1,1,1,1,1.4126242179040545,2.43719194904325,1.0471678523539008,0,1,1.46055012960777,-0.6046061872328932,1,0,0,1,1,0,0,0,0,1,0
0,0,1,0,1.4863662228735797,1,0,1,1,0,1,1,1,1,1.376122333611225,2.1731289947653507,1.5864004343995892,1,1,1.328886383351679,0.5034652814866829,1,0,1,0,1,0,0,0,0,1,0
0,0,1,0,-1.2409180113122174,1,0,0,1,1,0,0,0,0,0.49012205123071895,-0.9365216377903848,-0.031297311737476054,1,1,0.5810914517359344,-1.0744541471964737,1,0,0,0,0,0,0,0,0,0,1
1,0,0,1,0.7943687306174818,1,1,1,1,0,1,1,1,1,0.6709722961361032,0.9488869781766973,1.5864004343995892,1,0,0.6904418252878117,-0.24885887388688188,0,0,0,1,0,0,1,0,0,1,0
0,0,0,0,-0.9966836022806536,1,0,0,0,0,0,1,0,1,0.5033954637008385,-0.7108526823481724,-0.5705298937831644,0,1,0.6609169062723494,-1.848981671641559,1,0,0,0,0,0,0,0,0,0,1
0,1,0,0,1.6084834273893616,1,1,0,1,1,1,1,1,0,1.550335872281549,2.476573222134711,1.5864004343995892,0,0,1.5017955789148698,0.5128194786418174,1,0,0,1,0,1,0,0,0,1,0
0,0,1,0,-1.0373893371192475,1,0,0,0,0,0,0,0,1,-0.6862341289336606,-0.8713834763371543,-1.109762475828853,1,0,-0.6670454110525452,-0.20027578775179955,0,0,0,0,0,0,1,0,0,0,0
0,0,0,0,0.8350744654560759,1,1,1,1,1,0,1,0,0,1.1172907904438856,1.3218572525805092,1.0471678523539008,0,0,1.1675342376878883,-0.6217009195002335,1,0,1,0,0,0,1,0,0,1,0
0,0,0,0,-0.8745663977648716,1,0,0,0,0,1,1,1,0,0.18483356441796028,-0.6450343986298527,0.5079352703082123,0,0,0.3458639229654144,-1.8791580686978608,0,0,0,0,0,0,1,0,0,0,0
1,0,0,0,-0.5896262538947137,0,0,1,0,1,0,0,0,0,-1.0396387359506039,-0.7674344669180213,-0.031297311737476054,0,0,-1.1370170360582053,1.1673460167253218,0,0,0,0,0,0,1,1,0,0,0
1,0,0,0,-1.2816237461508113,1,0,0,0,0,0,0,0,0,-1.4909347599346818,-1.000145978718094,-1.109762475828853,0,0,-1.4869255051660153,0.0031493650749470433,0,1,0,0,0,0,1,0,0,0,1
1,0,1,1,1.2421318138420157,1,1,0,0,0,0,0,0,0,-1.3167212212643575,-0.31868540852651717,-1.109762475828853,1,0,-1.3225083093925156,0.11127624810898457,0,1,0,1,0,0,1,0,0,1,0
0,0,0,0,-0.10115743583158582,1,0,0,0,0,1,1,0,0,0.6709722961361032,0.11257792582382012,-0.031297311737476054,0,0,0.6703194900363973,-0.01481069346291006,1,0,0,0,0,1,0,0,1,0,1
1,0,0,0,-1.2816237461508113,1,0,0,0,0,0,0,0,0,-1.4892755833759168,-1.0001240392901878,-1.109762475828853,0,0,-1.4852710916004936,0.0031493650749470433,0,1,0,0,0,0,1,0,0,0,0
0,0,0,1,0.30589991255435406,1,0,1,0,0,1,1,0,1,-0.027541035103958902,0.07065167909525034,0.5079352703082123,1,1,-0.11347272340915444,1.0004136869225602,0,0,0,0,1,0,0,0,1,0,0
1,0,1,1,1.0793088744876398,1,0,0,0,0,0,0,0,0,-1.5075265255223318,-0.5052583034400476,-1.109762475828853,1,0,-1.5049558089394113,0.020435377832327774,0,1,0,1,0,0,1,0,0,1,0
0,1,1,0,-0.4268033145403377,1,1,1,1,0,1,0,0,1,-0.045791977250373726,-0.40260372026737484,0.5079352703082123,1,0,-0.0704466906131018,0.2882944503026127,0,0,0,0,0,0,1,1,0,0,0
1,0,1,1,1.6084834273893616,0,0,1,1,1,1,0,1,1,-0.31457857977030224,0.8248633922234765,1.5864004343995892,1,1,-0.2281006055336107,-0.9953443655416272,0,0,0,1,1,0,0,0,0,1,0
0,0,1,0,-0.7524491932490895,1,0,0,0,0,0,0,1,1,0.4370284013502389,-0.5164254722442558,-0.5705298937831644,1,0,0.5040430485416448,-0.7940573149217728,1,0,0,0,0,1,0,1,0,0,0
0,0,1,0,1.6084834273893616,1,1,0,1,1,1,1,1,1,1.510515634871189,2.4937079153293804,1.5864004343995892,1,1,1.5197413705075415,-0.15774282599335504,1,0,0,1,0,0,0,0,0,1,0
0,0,0,0,1.6084834273893616,1,1,1,1,1,1,1,1,0,1.6631598782775683,2.679096081135981,2.1256330164452777,0,1,1.7139051847944469,-0.6457646547154849,1,0,0,1,1,0,0,0,0,1,0
1,0,0,0,0.6722515261016999,1,1,0,0,0,0,0,0,1,0.32088604223668943,0.6235252623291364,-1.109762475828853,0,1,0.36355294964092605,-0.5069843675929039,1,0,0,0,0,0,0,0,0,1,0
0,1,1,0,-0.5896262538947137,0,0,0,0,1,0,1,1,1,-0.5501816511149312,-0.6531958658109243,0.5079352703082123,1,0,-0.6584319562987185,1.2774582803800407,0,0,0,0,0,1,0,1,0,0,1
0,0,0,0,-0.9152721326034655,1,0,0,0,0,0,0,0,1,-1.4942531130522119,-0.9214053719630775,-1.109762475828853,0,0,-1.4887453600880889,-0.014169262800844322,0,1,0,0,0,0,1,0,0,0,0
0,0,1,0,-0.9966836022806536,1,1,0,0,0,0,0,1,1,0.6726314726948681,-0.733625808514711,-0.5705298937831644,1,1,0.44625674614592714,2.6105650063745505,1,0,0,0,1,0,0,0,0,0,1
0,0,0,0,-1.0373893371192475,0,0,0,1,0,0,0,1,1,-0.8239457833111549,-0.8802250657833153,-0.031297311737476054,0,1,-0.7622923634675721,-0.6895957499566802,0,0,0,0,1,0,0,0,0,0,1
0,0,1,1,-1.2409180113122174,0,0,0,1,0,0,0,0,1,-1.1508035653878583,-0.9809489793002506,-0.5705298937831644,1,0,-1.0940022833546448,-0.6222455304397174,0,0,0,0,0,0,1,0,0,0,0
1,0,1,1,0.06166550352279012,1,0,0,0,1,0,1,0,1,0.634470411843273,0.26793101482696075,-0.031297311737476054,1,0,0.6832271597956328,-0.5882874365656161,1,0,0,0,0,0,1,0,1,0,0
0,0,0,1,1.5270719577121736,1,1,1,1,0,1,0,0,0,0.03550767412911099,1.1374124821738711,0.5079352703082123,1,0,0.16347019883927796,-1.489551418505111,0,0,0,1,0,1,0,0,0,1,0
0,0,1,0,1.6084834273893616,1,1,0,0,0,0,0,0,0,-1.3399496930870676,-0.2407346211761204,-1.109762475828853,1,0,-1.3441404232750294,0.09348418331595355,0,1,0,1,0,1,0,0,0,1,0
1,1,0,0,-0.9966836022806536,0,0,0,0,1,0,0,0,1,-1.1790095668868632,-0.9115545688332355,-0.5705298937831644,0,0,-1.2309050059015538,0.6429764504861029,0,0,0,0,0,1,0,0,0,0,1
0,0,0,0,-0.6710377235719016,1,0,0,1,1,0,0,1,1,0.9380997220972668,-0.31840019596373775,0.5079352703082123,0,1,1.105747353701959,-1.981276745692738,1,0,0,0,1,0,0,1,0,0,1
1,0,1,0,1.4863662228735797,1,1,0,0,1,0,1,1,0,1.1471559685016557,1.993028231084122,0.5079352703082123,1,1,1.1320591230710053,0.13729203831577694,1,0,1,0,0,0,0,0,0,1,0
1,1,1,0,0.1023712383613841,1,1,0,0,1,0,0,0,1,0.5531707604637883,0.22637773837279496,-0.5705298937831644,1,1,0.5127878059594013,0.4512344990041339,1,0,1,0,0,0,0,0,1,0,0
0,0,1,1,0.9164859351332638,1,0,0,0,0,0,0,0,0,-1.4909347599346818,-0.5318488900622488,-1.109762475828853,1,1,-1.4945959680607062,0.09236653898053507,0,1,0,0,1,0,0,0,0,1,0
1,0,0,0,1.4863662228735797,1,0,0,0,0,0,0,0,1,-1.5207999379924515,-0.45216488790726966,-1.109762475828853,0,0,-1.5402263943856447,0.276733486591062,0,1,0,1,0,0,1,0,0,1,0
0,0,0,0,-1.2409180113122174,1,1,0,0,1,0,0,0,0,0.5199872292884885,-0.9405584925251084,-0.5705298937831644,0,0,0.4288854037079511,1.042267037622385,1,0,0,0,0,0,1,0,0,0,1
0,0,0,0,1.6084834273893616,1,1,0,0,0,0,0,0,0,-1.3100845150292975,-0.18994484557348365,-1.109762475828853,0,1,-1.2909464315502739,-0.17885658528637188,0,1,0,1,1,0,0,0,0,1,0
0,0,0,0,-1.1188008067964355,1,0,0,0,0,0,0,0,0,-1.4925939364934466,-0.960830523910351,-1.109762475828853,0,0,-1.4233960242499872,-0.7550216774874458,0,1,0,0,0,0,1,0,0,0,0
1,0,0,0,-0.9152721326034655,1,0,0,0,0,0,0,0,0,0.1732193285066055,-0.6861927653817086,-1.109762475828853,0,0,0.2849514235075751,-1.3053691855403475,1,0,0,0,0,0,1,0,0,0,0
1,0,0,0,0.9978974048104517,1,0,0,0,0,0,0,0,0,-1.5307549973450416,-0.5287334912995817,-1.109762475828853,0,1,-1.5134251470137552,-0.15045639873567118,0,1,0,1,1,0,0,0,0,1,0
0,0,1,1,-0.30468611002455576,0,0,1,1,1,0,1,1,1,-0.2100504565681078,-0.3495761230183152,1.5864004343995892,1,1,-0.1598872959898617,-0.5764473811681821,0,0,0,0,1,0,0,0,1,0,1
0,0,1,0,1.2421318138420157,1,1,0,1,1,1,1,1,1,1.4541036318731793,2.0063015849673165,1.5864004343995892,1,0,1.4603991315442502,-0.12177689244177742,1,0,0,0,0,1,0,0,0,1,0
0,0,1,1,1.6084834273893616,1,0,1,0,1,1,1,1,1,0.5150096996121938,1.5741606735007352,1.5864004343995892,1,1,0.5566658736783036,-0.5017100185264194,0,0,0,1,0,0,0,0,0,1,0
1,0,1,0,0.631545791263106,1,1,1,1,1,0,1,0,1,1.0608787874458763,0.9539769254509138,1.0471678523539008,1,1,0.9350325539097027,1.4283281173535627,1,0,0,1,0,0,0,0,1,0,0
1,0,1,1,0.6722515261016999,1,0,0,1,1,0,1,0,1,0.8451858348064274,0.963279242883103,0.5079352703082123,1,1,0.8864151634300457,-0.5077697928933865,1,0,0,0,1,0,0,0,0,1,0
0,0,0,1,-0.4675090493789317,1,0,0,0,0,0,0,0,0,-1.466047111553207,-0.8105015638977086,-1.109762475828853,1,0,-1.436190155823354,-0.2983230460962238,0,1,0,0,0,0,1,1,0,0,0
1,1,1,0,0.9978974048104517,0,0,0,0,0,0,1,1,1,-0.6663240102284806,0.12005927073980234,-0.031297311737476054,1,0,-0.6551037793014122,-0.10825701307341193,0,0,0,0,0,1,0,0,0,1,1
1,0,0,0,-0.4675090493789317,1,0,1,0,1,0,1,0,0,0.0139383788651659,-0.383911327691372,0.5079352703082123,0,1,0.09563924265289413,-0.9507496623694035,0,0,0,0,0,0,0,1,0,0,0
0,0,0,0,-0.9966836022806536,1,0,0,0,1,1,0,1,0,-0.027541035103958902,-0.787750377159076,0.5079352703082123,0,0,-0.06392303712178365,0.42408823705596843,0,0,0,0,0,0,1,0,0,0,0
1,0,0,0,-0.9559778674420595,1,1,0,0,0,0,1,0,1,0.6825865320474579,-0.6615328484152447,-0.5705298937831644,0,0,0.7619740015662916,-0.946168014783211,1,0,0,0,0,1,0,0,0,0,0
1,0,0,0,-1.2409180113122174,1,0,0,0,1,0,1,1,0,0.9961709016540415,-0.9307735076789849,0.5079352703082123,0,0,0.7978196288192586,2.273813908789731,1,0,0,0,0,1,0,0,0,0,1
1,0,1,0,-0.9559778674420595,1,0,0,1,1,1,1,0,1,0.9928525485365113,-0.618136660016966,1.0471678523539008,1,0,1.1255773385220302,-1.576908165815099,1,0,0,0,0,0,1,0,0,0,1
1,0,0,0,-0.5489205190561197,1,1,0,1,0,0,1,1,1,1.1620885575305409,-0.16129195272810848,0.5079352703082123,0,0,1.2154284425161743,-0.6592121922798535,1,0,0,0,0,1,0,1,0,0,1
0,0,0,0,-0.9966836022806536,1,0,1,0,0,0,1,0,0,0.6643355899010431,-0.7156354776317037,-0.031297311737476054,0,0,0.615834136611887,0.5419511212106601,1,0,0,0,0,1,0,0,0,0,1
0,0,0,0,0.9571916699718578,1,1,0,1,0,1,1,1,1,1.3445979789946898,1.587368209100211,1.0471678523539008,0,1,1.3474099066656435,-0.07760217363161208,1,0,0,0,0,0,0,0,0,1,0
0,0,1,1,-0.4675090493789317,0,0,1,0,1,0,1,1,1,-0.2979868141826523,-0.501221448705324,1.0471678523539008,1,0,-0.32560596376823847,0.33119533224601,0,0,1,0,0,1,0,1,0,0,1
0,0,1,1,1.1200146093262338,1,0,0,1,1,1,1,1,1,0.5199872292884885,1.1616336105822127,1.5864004343995892,1,1,0.5792715968138604,-0.7069143778324716,0,0,0,1,0,0,0,0,0,1,0
1,0,1,1,0.9571916699718578,0,0,1,1,0,1,1,0,1,-0.4290617623250868,0.2569393614460015,1.0471678523539008,1,0,-0.44411318309851494,0.18939333945348974,0,0,1,0,0,0,1,0,0,1,0
0,0,1,1,0.9164859351332638,1,0,0,0,0,0,0,0,0,-1.480979700582092,-0.5354469562388503,-1.109762475828853,1,0,-1.499529128510625,0.26520294646822556,0,1,0,1,0,0,1,0,0,1,0
1,0,0,1,0.9164859351332638,1,0,0,0,0,0,0,0,0,-1.5207999379924515,-0.5694750089212216,-1.109762475828853,1,1,-1.5461835910583328,0.34602320988858115,0,1,1,0,0,0,0,0,0,1,0
0,1,0,0,-0.7524491932490895,1,1,0,0,0,0,0,0,1,0.3109309828840996,-0.5278997930391496,-1.109762475828853,0,0,0.4422388846296607,-1.5376587181600854,1,0,0,0,0,1,0,1,0,0,1
0,0,0,0,1.1607203441648277,1,1,0,1,1,1,1,1,0,0.7871146552496526,1.325981865026857,1.5864004343995892,0,1,0.7377183097832621,0.5482602752637734,0,0,0,1,1,0,0,0,0,1,0
1,0,1,1,1.3642490183577978,1,0,0,0,0,0,0,0,0,-1.4909347599346818,-0.405938513309103,-1.109762475828853,1,1,-1.459753015695934,-0.31290101568864065,0,1,0,1,1,0,0,0,0,1,0
1,0,0,0,0.9978974048104517,1,0,0,1,0,1,0,0,1,-0.34112540471054226,0.3665487432649099,-0.031297311737476054,0,0,-0.32901015809729417,-0.12952550344719224,0,0,1,0,0,0,1,0,0,1,0
1,0,0,0,1.0793088744876398,1,0,0,0,1,1,1,0,1,-0.009290092957543614,0.6301509695567805,0.5079352703082123,0,0,-0.05378274380599161,0.5178159335871478,0,0,0,0,0,1,0,0,0,1,0
1,0,0,0,0.6722515261016999,1,1,0,1,0,1,1,1,1,1.3844182164050498,1.258781397350453,1.0471678523539008,0,1,1.3411763126955538,0.45673247610756157,1,0,1,0,0,0,0,0,0,1,0
1,0,1,1,1.4456604880349857,1,1,1,1,1,1,1,1,1,0.904916190921967,1.7961876839105337,2.1256330164452777,1,1,0.9620201751972736,-0.6944064799221787,0,0,0,1,1,0,0,0,0,1,0
0,1,0,0,0.14307697319997809,1,1,0,0,0,0,0,0,1,0.33084110158927976,0.15801448101736673,-1.109762475828853,0,1,0.2956591557510895,0.3981637477974626,1,0,0,0,0,0,0,0,1,0,0
0,1,1,0,-1.2816237461508113,1,0,0,0,0,0,0,0,1,0.15330920980142534,-0.9784040056631422,-1.109762475828853,1,0,0.15259833826585034,0.0031493650749470433,1,0,0,0,0,1,0,0,0,0,1
0,0,0,0,-0.10115743583158582,1,1,0,0,1,0,1,1,0,1.1786803231181906,0.34996253576789343,0.5079352703082123,0,0,1.2670113160011731,-1.0667569792516793,1,0,0,0,0,1,0,0,1,0,0
0,0,1,0,1.5677776925507676,1,1,0,0,0,0,0,0,1,-1.3449272227633626,-0.2518359716966103,-1.109762475828853,1,1,-1.3445993353321322,0.04109315071830606,0,1,0,1,1,0,0,0,0,1,0
0,0,1,0,-0.9966836022806536,1,0,0,1,1,0,1,1,0,1.2019087949409006,-0.6390668742393916,1.0471678523539008,1,0,1.3375720545706675,-1.6180666332976796,1,0,0,0,0,1,0,0,0,0,1
0,1,0,0,-0.9559778674420595,1,0,0,0,0,0,1,0,1,0.5282831120823135,-0.6791063301680361,-0.5705298937831644,0,0,0.6147311942348728,-1.0231396942311708,1,0,0,0,0,1,0,0,0,0,1
1,0,0,0,1.4863662228735797,1,1,0,0,1,1,1,1,1,1.3794406867287545,2.2156476060473858,1.0471678523539008,0,1,1.3753538252354587,0.0014760676956436884,1,0,0,1,0,0,0,0,0,1,1
0,0,0,1,1.4049547531963917,1,1,0,1,0,1,1,1,1,1.3827590398462843,2.1699697171468717,1.0471678523539008,1,1,1.4291389068743292,-0.5856265411501131,1,0,1,0,0,0,0,0,0,1,0
1,0,0,0,-0.3453918448631497,1,0,1,0,0,1,0,0,0,-0.3311703453579522,-0.41721537925284186,-0.031297311737476054,0,0,-0.2895436871197864,-0.47311290150929636,0,0,0,0,0,1,0,1,0,0,0
1,1,1,0,-0.6710377235719016,1,0,0,0,0,0,0,0,1,0.22797215494585,-0.49650447170551104,-1.109762475828853,1,1,0.26633927089545756,-0.4538699816473078,1,0,0,0,0,0,0,1,0,0,1
0,0,1,1,-0.7524491932490895,1,0,0,0,0,0,0,0,0,0.17487850506537042,-0.5497295238057256,-1.109762475828853,1,0,0.32465734908009264,-1.7479563423661122,1,0,0,0,0,1,0,1,0,0,0
1,1,1,1,0.06166550352279012,1,1,0,1,1,1,1,1,1,1.4590811615494745,0.5817745310238155,1.5864004343995892,1,0,1.3792973378775717,0.8792681870267138,1,0,0,0,0,1,0,0,1,0,0
0,0,1,1,0.8350744654560759,1,0,0,0,0,0,0,0,0,-1.5058673489635668,-0.5666667621492398,-1.109762475828853,1,1,-1.5194519001711748,0.20828615228295042,0,1,1,0,0,0,0,0,0,1,0
0,0,1,1,-0.5082147842175256,1,1,0,1,1,0,1,1,1,1.3578713914648095,-0.026188955682304057,1.0471678523539008,1,1,1.556616410645722,-2.3569947559980893,1,0,0,0,0,0,0,1,0,0,1
1,0,1,1,-0.3453918448631497,1,1,1,0,0,0,1,1,0,0.3275227484717495,-0.20980002782851012,0.5079352703082123,1,0,0.36215738989858154,-0.41378056526816626,0,0,1,0,0,0,1,1,0,0,0
0,0,1,0,1.2828375486806096,1,1,1,1,1,1,0,1,1,0.5432157011111984,1.2417564012953142,1.5864004343995892,1,0,0.5031789128846536,0.44754054563776885,0,0,0,1,0,0,1,0,0,1,0
1,1,1,0,1.5677776925507676,1,1,0,0,0,0,0,0,0,-1.3598598117922474,-0.23832128410644868,-1.109762475828853,1,1,-1.330245550031269,-0.2990457848703845,0,1,0,1,0,0,0,0,0,1,0
0,0,0,0,-0.9966836022806536,1,0,0,0,0,0,0,0,1,-1.5174815848749215,-0.9378599428926574,-1.109762475828853,0,0,-1.4788602390340977,-0.3985465870440872,0,1,1,0,0,0,1,0,0,0,0
1,0,1,1,1.3235432835192036,1,1,1,1,0,0,0,1,1,0.15330920980142534,0.9477022490697672,0.5079352703082123,1,0,0.12124083807011864,0.3678767076898896,0,0,0,1,0,0,1,0,0,1,0
1,0,0,0,-0.1418631706701798,1,0,0,0,1,0,0,0,0,-0.5302715324097512,-0.4280973354942707,-0.5705298937831644,0,1,-0.6383824922843709,1.2751727228485397,0,0,0,0,0,0,0,0,1,0,0
0,0,1,1,0.9164859351332638,1,1,1,0,0,0,1,1,0,1.1936129121470758,1.3818615879037108,0.5079352703082123,1,0,1.1292137061165504,0.7091895883748568,1,0,1,0,0,0,1,0,0,1,0
1,0,0,1,0.8757802002946699,1,0,0,1,1,1,0,0,1,-0.13040998174738822,0.4316430258623283,0.5079352703082123,1,0,-0.13701594756517366,0.08119009562634882,0,0,1,0,0,1,0,0,0,1,0
0,0,0,0,1.3642490183577978,0,0,1,0,1,1,1,1,1,-0.11879574583603324,0.8310941897488107,1.5864004343995892,0,1,-0.04638249329642459,-0.8382910397993264,0,0,0,1,0,0,0,0,0,1,0
1,0,1,1,-0.06045170099299184,1,1,0,0,0,0,0,1,0,-0.17354857227527792,-0.20791323702858497,-0.5705298937831644,1,1,-0.2002186966265053,0.3160019976698758,0,0,0,0,0,0,0,0,1,0,0
0,1,0,0,-1.1188008067964355,1,0,0,0,0,0,0,1,0,0.46523440284924406,-0.8428841594871218,-0.5705298937831644,0,0,0.3554294413987934,1.2616363240490758,1,0,0,0,0,1,0,0,0,0,1
1,0,0,0,-0.4675090493789317,1,0,0,0,1,0,0,1,0,-0.10884068648344337,-0.3974260152815337,-0.031297311737476054,0,0,0.04710977806426117,-1.8102667495382676,0,0,0,0,0,0,1,1,0,0,0
1,0,0,0,-0.9559778674420595,0,0,0,0,0,0,0,0,1,-1.3382905165283026,-0.9255080449815193,-1.109762475828853,0,0,-1.4497931118065315,1.3416013465866747,0,0,0,0,0,0,1,0,0,0,0
1,1,0,0,-0.06045170099299184,1,1,0,1,0,0,1,0,1,0.8551408941590172,0.23949751626064675,-0.031297311737476054,0,0,0.8881185885890162,-0.4121252603337976,1,0,0,0,0,1,0,0,1,0,0
1,0,1,0,0.6722515261016999,1,0,0,0,1,1,1,1,1,1.1388600857078308,1.1502689869268496,1.0471678523539008,1,1,1.174181833204337,-0.4488628953566913,1,0,1,0,1,0,0,0,0,1,0
0,0,1,0,-0.8745663977648716,1,1,0,0,0,0,1,1,1,0.9646465470375066,-0.5355127745225685,-0.031297311737476054,1,0,1.0966668792457444,-1.5677726382038504,1,0,0,0,0,1,0,0,0,0,1
0,0,0,0,-1.0780950719578415,1,1,0,0,0,0,1,1,1,0.9497139580086216,-0.773555567303825,-0.031297311737476054,0,1,0.8094005237779093,1.6003117136200924,1,0,0,0,0,0,0,0,0,0,1
0,0,1,1,-1.3223294809894055,1,0,0,0,0,0,0,0,0,-1.4909347599346818,-1.0089217498805365,-1.109762475828853,1,0,-1.4869255051660153,0.0031493650749470433,0,1,0,1,0,0,1,0,0,0,0
0,0,1,0,0.9978974048104517,1,0,0,0,0,0,0,0,0,-1.4942531130522119,-0.5194092344394864,-1.109762475828853,1,1,-1.5010896072708315,0.12940992697642348,0,1,0,1,0,0,0,0,0,1,0
0,0,0,0,-1.2409180113122174,1,0,0,1,0,0,1,0,1,-0.1967770440979879,-0.9588340359708951,-0.031297311737476054,0,0,-0.2601778463317786,0.7440017797615484,0,0,0,0,0,1,0,0,0,0,0
0,0,1,1,-0.9559778674420595,1,1,0,0,0,0,1,0,1,0.6776090023711627,-0.6777899644936698,-0.5705298937831644,1,1,0.6257606180050163,0.5804369609346373,1,0,0,0,0,0,0,0,0,0,1
0,0,0,0,0.22448844287716607,1,0,0,0,0,0,0,0,0,-1.480979700582092,-0.6828799117678865,-1.109762475828853,0,0,-1.5016846156584314,0.2902739851209511,0,1,0,1,0,0,1,0,1,0,0
1,0,0,1,0.26519417771576004,0,0,0,0,1,1,1,1,0,-0.33448869847548224,-0.047228867044260395,1.0471678523539008,1,1,-0.2892149254497149,-0.5154226547955938,0,0,1,0,0,0,0,0,1,0,0
1,0,1,1,-0.6303319887333076,1,1,0,0,0,0,1,1,1,0.9165304268333218,-0.3441132054696947,-0.031297311737476054,1,0,0.8002525899450257,1.3218553438524732,1,0,0,0,0,1,0,1,0,0,1
1,0,0,0,1.5677776925507676,1,1,0,0,0,0,0,0,0,-1.3067661619117676,-0.17605718770891823,-1.109762475828853,0,1,-1.2641156106094358,-0.45244708968568054,0,1,0,1,0,0,0,0,0,1,0
0,0,0,0,0.5094285867473239,1,1,1,1,0,0,0,1,0,1.0559012577695812,0.9405061167165645,0.5079352703082123,0,1,1.1180405656124315,-0.7580150205770877,1,0,1,0,0,0,0,0,1,0,0
0,0,1,1,0.020959768684196134,1,0,0,0,0,0,0,0,0,-1.4876164068171518,-0.7147798399433656,-1.109762475828853,1,0,-1.476547820073198,-0.07907038342628062,0,1,0,1,0,0,1,0,1,0,0
0,0,1,1,1.6084834273893616,1,0,0,0,0,0,0,0,1,-1.4677062881119718,-0.3585054701761006,-1.109762475828853,1,0,-1.467486145771137,0.04644593476442409,0,1,0,1,0,0,1,0,0,1,0
0,0,0,0,-0.1418631706701798,1,1,0,1,0,0,0,0,1,-0.3212152860053623,-0.2979965280110586,-0.5705298937831644,0,0,-0.30008344250703156,-0.23506471183726943,0,0,1,0,0,1,0,0,1,0,0
0,0,1,1,1.5677776925507676,1,1,0,1,1,0,0,1,1,1.0227177265942813,1.9965166001211925,0.5079352703082123,1,1,1.0433485829023663,-0.2741112971618856,1,0,0,1,1,0,0,0,0,1,0
0,1,0,0,-0.5896262538947137,1,1,0,1,0,1,1,1,1,1.283208446320385,-0.21631603791662385,1.0471678523539008,0,1,1.1718090064918822,1.252870105000831,1,0,0,0,1,0,0,1,0,0,0
0,0,0,0,-0.6710377235719016,1,0,0,1,0,1,0,0,1,-0.36601305309201715,-0.6429062741229603,-0.031297311737476054,0,0,-0.4236545867748779,0.6826649727014574,0,0,0,0,0,0,1,1,0,0,1
0,1,1,0,-0.22327464034736777,1,0,1,0,1,0,1,1,1,1.2052271480584305,0.19969939403896927,1.0471678523539008,1,0,1.2268642134778498,-0.29190873947556095,1,0,0,0,0,1,0,0,1,0,1
0,0,1,0,-1.1595065416350294,1,0,0,0,0,0,0,0,0,-1.5042081724048018,-0.9679169591240234,-1.109762475828853,1,0,-1.3756661928846905,-1.4448803545397757,0,1,0,0,0,0,1,0,0,0,0
0,0,1,0,1.6084834273893616,1,1,0,0,0,0,0,0,0,-1.2769009838539978,-0.16886105535571524,-1.109762475828853,1,1,-1.2688646060437985,-0.05083771564896901,0,1,0,1,1,0,0,0,0,1,0
0,1,0,0,0.590840056424512,1,1,0,1,0,1,1,0,1,0.9994892547715714,0.9676232496085122,0.5079352703082123,0,0,1.022538271421166,-0.30146196210208326,1,0,0,0,0,1,0,0,1,0,1
1,0,0,0,0.26519417771576004,1,1,0,1,0,0,0,0,0,0.5465340542287288,0.40123497878446446,-0.5705298937831644,0,1,0.5779098871868547,-0.38318925676961524,1,0,1,0,1,0,0,0,1,0,0
0,0,1,0,1.6084834273893616,1,1,1,0,1,0,1,1,1,1.3296653899658049,2.3213956485548195,1.0471678523539008,1,1,1.3392724240685647,-0.15613924933819068,1,0,0,1,1,0,0,0,0,1,0
0,1,0,0,-1.2816237461508113,1,0,0,0,0,0,1,1,1,0.8086839505135972,-0.9697379316402301,-0.031297311737476054,0,0,0.8060916966468664,0.0031493650749470433,1,0,0,0,0,1,0,0,0,0,1
0,1,1,0,1.6084834273893616,1,1,0,1,1,0,1,1,0,1.3296653899658049,2.3162398829968844,1.0471678523539008,1,1,1.333872602014432,-0.09333249701086388,1,0,1,0,1,0,0,0,0,1,0
0,0,0,0,-0.5896262538947137,1,0,1,0,0,0,0,0,1,0.34743286717692967,-0.4032180242487458,-0.5705298937831644,0,0,0.38881183067642894,-0.49289034692301004,1,0,0,0,0,1,0,1,0,0,0
1,1,1,0,1.5677776925507676,1,0,1,1,0,1,1,0,1,0.2014253300056102,1.1903303822834004,1.0471678523539008,1,1,0.18710800714665932,0.15980299437396145,0,0,1,0,0,0,0,0,0,1,0
0,0,1,0,0.387311382231542,1,1,1,1,0,1,0,0,1,0.04878108659923111,0.1880056789650146,0.5079352703082123,1,1,0.000313508639509064,0.5621103705898839,0,0,0,0,1,0,0,0,1,0,0
1,0,1,0,1.6084834273893616,1,1,1,1,1,1,1,1,1,0.8402083051301322,1.7859200316504757,2.1256330164452777,1,1,0.7784492033229439,0.6902819618134935,0,0,0,1,1,0,0,0,0,1,0
0,0,0,0,-0.7117434584104956,1,1,0,1,0,0,1,1,1,1.1687252637656007,-0.3880359401377201,0.5079352703082123,0,0,0.9726359955760366,2.2417423756864165,1,0,0,0,0,1,0,1,0,0,0
1,0,1,1,1.6084834273893616,1,0,1,0,1,1,1,1,1,1.326347036848275,2.308122294671625,1.5864004343995892,1,1,1.3253707545249462,-0.0329311096662836,1,0,0,1,1,0,0,0,0,1,0
1,0,0,1,-0.22327464034736777,1,0,1,1,0,0,0,0,0,-0.2896909313888274,-0.3210987455961889,-0.031297311737476054,1,0,-0.22767168349810524,-0.7116894727611853,0,0,1,0,0,0,1,0,1,0,0
0,0,1,0,0.1023712383613841,1,0,0,0,0,0,0,0,1,0.1781968581829002,0.0514327402495011,-1.109762475828853,1,0,0.13586512677457543,0.48642155246605556,1,0,0,0,0,1,0,0,1,0,1
1,0,1,1,-0.9559778674420595,1,0,0,1,0,1,1,1,1,1.2135230308522553,-0.6110063459474814,1.0471678523539008,1,0,1.1853200506103088,0.2875169585910133,1,0,0,0,0,1,0,0,0,0,0
0,0,0,0,-1.2816237461508113,1,0,0,0,0,0,0,0,0,-1.5058673489635668,-1.0003434335692487,-1.109762475828853,0,1,-1.5018152272557093,0.0031493650749470433,0,1,0,0,1,0,0,0,0,0,0
0,0,0,0,-0.5082147842175256,1,0,0,0,0,0,0,0,1,-0.6829157758161306,-0.602098938217602,-1.109762475828853,0,0,-0.614801394101325,-0.7694538673839385,0,0,0,0,0,1,0,1,0,0,0
0,0,1,0,1.3235432835192036,1,0,0,0,0,0,0,0,0,-1.5125040551986266,-0.4297427925872287,-1.109762475828853,1,1,-1.476769951125352,-0.36513051659143947,0,1,0,1,0,0,0,0,0,1,0
0,0,0,0,-1.2816237461508113,1,0,0,0,0,0,0,0,0,-1.461069581876912,-0.9997510690157839,-1.109762475828853,0,0,-1.4571460609866271,0.0031493650749470433,0,1,0,0,0,0,1,0,0,0,1
0,0,0,0,-1.0373893371192475,1,0,0,0,0,0,0,0,0,-1.4892755833759168,-0.9365874560741032,-1.109762475828853,0,0,-1.3694621420139845,-1.3438550252643302,0,1,0,0,0,0,1,0,0,0,1
1,0,1,1,-0.1418631706701798,1,0,0,0,1,1,1,1,0,0.3524103968532244,-0.10747453607442897,1.0471678523539008,1,0,0.19532784725121782,1.8153015769057643,0,0,0,1,0,0,1,0,1,0,0
1,0,0,0,0.5501343215859179,0,0,0,1,0,0,0,0,0,-1.1491443888290935,-0.4033496608161825,-0.5705298937831644,0,1,-1.1559708610371153,0.11777023555723506,0,0,0,0,0,0,0,0,1,0,1
0,0,0,0,-1.2816237461508113,1,0,0,1,0,0,0,0,0,-0.5120205902633365,-0.9872017162534911,-0.5705298937831644,0,0,-0.510821501508295,0.0031493650749470433,0,0,0,0,0,1,0,0,0,0,0
0,1,1,0,-1.2002122764736234,1,0,0,1,0,0,0,0,1,0.32088604223668943,-0.9040293450614408,-0.5705298937831644,1,1,0.48789282087821995,-1.95321415422734,1,0,0,0,0,0,0,0,0,0,0
1,0,0,0,-0.7931549280876836,1,0,0,0,0,0,1,1,1,0.8684143066291369,-0.5105895844212315,-0.031297311737476054,0,0,0.7419513553374152,1.4419276809098662,1,0,0,0,0,1,0,1,0,0,1
0,0,0,1,-1.0373893371192475,1,0,0,0,0,0,0,0,0,-1.4892755833759168,-0.966447017454314,-1.109762475828853,1,0,-1.6911274081103906,2.397518393616806,0,1,1,0,0,0,1,0,0,0,0
1,0,0,0,-1.2816237461508113,1,0,0,0,0,0,0,0,1,-1.4959122896109767,-1.0002117970018123,-1.109762475828853,0,0,-1.4918887458625798,0.0031493650749470433,0,1,0,0,0,1,0,0,0,0,1
1,0,1,1,-0.6710377235719016,1,0,0,0,0,0,0,0,0,-1.4859572302583868,-0.8591412755655469,-1.109762475828853,1,0,-1.4427733431361585,-0.4526672991559345,0,1,0,0,0,1,0,1,0,0,0
0,0,1,0,-0.9966836022806536,1,0,1,0,0,1,0,1,0,0.018915908541461066,-0.7612914271043115,0.5079352703082123,1,0,0.1854798078805915,-1.9379801760032624,0,0,0,1,0,0,1,0,0,0,0
1,0,0,0,-0.9152721326034655,1,0,1,1,1,0,1,1,1,1.309755271260625,-0.5343938636993572,1.5864004343995892,0,0,1.4296401694919427,-1.4381453325880813,1,0,0,0,0,1,0,0,0,0,1
1,0,0,1,-0.1418631706701798,1,1,0,1,1,1,0,1,0,1.1819986762357204,0.2330473244562513,1.0471678523539008,1,1,1.0807813972670839,1.1378180879715805,1,0,1,0,1,0,0,0,1,0,0
1,0,1,1,-0.5489205190561197,1,1,0,0,0,0,0,1,1,0.6211969993731534,-0.3657674208130219,-0.5705298937831644,1,0,0.4038950514287567,2.5067545176453967,1,0,0,0,0,1,0,1,0,0,1
0,0,1,1,1.6084834273893616,1,1,1,1,1,1,1,1,1,1.5984519924857334,2.610425671789867,2.1256330164452777,1,1,1.6419841506266346,-0.5597060408882532,1,0,0,1,0,0,0,0,0,1,0
0,0,0,0,-1.2002122764736234,1,0,1,0,1,0,1,1,1,1.1305642029140057,-0.8828139182762358,1.0471678523539008,0,1,1.0211654601646691,1.2346962362422873,1,0,0,0,1,0,0,0,0,0,1
1,0,1,1,0.46872285190873,1,1,0,0,0,0,0,0,0,-1.3299946337344775,-0.5641656673679438,-1.109762475828853,1,0,-1.386457481368888,0.7011425491598462,0,1,1,0,0,1,0,0,1,0,0
0,0,0,0,0.387311382231542,1,1,1,0,1,0,1,1,1,1.336302096200865,0.9220769972754349,1.0471678523539008,0,0,1.3182902583725054,0.16488152486738777,1,0,0,0,0,1,0,0,1,0,1
1,0,1,1,-0.10115743583158582,1,1,0,1,0,1,0,0,1,0.6178786462556232,0.11885260220496649,-0.031297311737476054,1,1,0.6860915660277026,-0.8140332983975485,1,0,0,0,0,0,0,0,1,0,0
1,0,0,0,0.7536629957788878,1,1,0,1,0,0,0,0,0,0.5332606417586087,0.7838586014669634,-0.5705298937831644,0,1,0.5021013138526991,0.3446168645867258,1,0,0,0,0,0,0,0,0,1,0
0,0,0,0,-1.2816237461508113,1,0,0,0,0,0,0,0,0,-1.5025489958460367,-1.0002995547134366,-1.109762475828853,0,0,-1.4985064001246662,0.0031493650749470433,0,1,0,0,0,0,1,0,0,0,1
1,0,1,1,-0.38609757970174374,1,0,0,0,0,0,0,0,1,-1.4909347599346818,-0.8135292049487513,-1.109762475828853,1,1,-1.508073226394856,0.24912407983255389,0,1,1,0,1,0,0,1,0,0,0
0,0,1,0,0.8350744654560759,1,0,1,1,1,1,1,1,0,1.512174811429954,1.5516288810411634,2.1256330164452777,1,0,1.494452601305007,0.15564042813222104,1,0,1,0,0,1,0,0,0,1,0
0,0,0,0,-0.3453918448631497,1,1,0,0,1,0,1,1,1,1.1222683201201809,0.04737394608687138,0.5079352703082123,0,0,1.1702005488587366,-0.5949847273019017,1,0,0,0,0,1,0,1,0,0,1
0,0,0,0,-1.2816237461508113,1,0,0,0,0,0,0,0,0,-1.4859572302583868,-1.0000801604343756,-1.109762475828853,0,0,-1.4819622644694506,0.0031493650749470433,0,1,0,0,0,0,1,0,0,0,0
1,1,1,0,1.1607203441648277,1,1,0,1,1,1,1,0,1,1.107335731091296,1.6530109773952821,1.0471678523539008,1,0,1.1419918935154654,-0.4400687071561312,1,0,1,0,0,0,1,0,0,1,0
1,0,0,0,-0.4268033145403377,1,0,0,1,0,0,1,1,1,0.9380997220972668,-0.06232319344366157,0.5079352703082123,0,0,1.095914873079598,-1.8669125742402313,1,0,0,0,0,0,1,1,0,0,0
1,1,0,0,-1.1188008067964355,1,0,0,0,0,0,1,1,1,0.8783693659817272,-0.8115765958651078,-0.031297311737476054,0,0,0.8275990729986469,0.5611940410726487,1,0,0,0,0,1,0,0,0,0,1
1,0,0,0,0.26519417771576004,1,0,0,0,0,1,0,0,1,-0.5020655309107466,-0.14400368353809645,-0.5705298937831644,0,1,-0.4763333417962686,-0.28253398364536325,0,0,0,1,0,0,0,0,1,0,0
1,0,1,1,0.7129572609402939,0,0,1,0,0,0,1,0,1,-0.8455150785750998,-0.12197649792036551,-0.031297311737476054,1,1,-0.8110313871078372,-0.37285728902832993,0,0,0,0,1,0,0,0,0,1,0
1,0,1,1,0.9978974048104517,1,0,0,0,0,0,0,0,0,-1.5108448786398618,-0.5431038165780815,-1.109762475828853,1,0,-1.5324363906175558,0.3015834204784358,0,1,1,0,0,0,1,0,0,1,0
1,0,0,1,0.26519417771576004,1,1,0,0,0,0,0,0,0,-1.3100845150292975,-0.5883648563483793,-1.109762475828853,1,1,-1.3355254534904653,0.3396537585589711,0,1,1,0,0,0,0,0,1,0,0
0,0,1,0,-0.8745663977648716,1,1,1,0,0,1,1,0,1,1.0376503156231662,-0.4727001924273854,0.5079352703082123,1,1,1.527265609981037,-5.729491397446885,1,0,0,0,1,0,0,0,0,0,1
1,0,0,0,-1.2816237461508113,1,0,0,0,0,0,0,0,0,-0.6513914211995958,-0.9890446281976039,-1.109762475828853,0,0,-0.6497922410121061,0.0031493650749470433,0,0,0,0,0,1,0,0,0,0,1
0,0,1,1,0.9571916699718578,1,1,1,0,1,1,1,1,1,1.482309633372184,1.603186536620514,1.5864004343995892,1,0,1.3687104813217341,1.2718075816904062,1,0,0,0,0,0,1,0,0,1,0
1,0,0,0,0.06166550352279012,1,0,1,0,1,0,0,0,0,-0.2648032830073525,-0.17983076930876854,-0.031297311737476054,0,0,-0.30985891251994097,0.5328956295109003,0,0,1,0,0,0,1,0,1,0,0
0,1,1,0,-0.8338606629262776,1,0,1,0,1,1,1,1,1,0.473530285643069,-0.5947711692969625,1.5864004343995892,1,0,0.4538394749879011,0.21321790690166803,0,0,1,0,0,1,0,0,0,0,0
1,0,1,0,-1.2816237461508113,1,0,0,0,0,0,1,1,1,0.8568000707177821,-0.9691016882309531,-0.031297311737476054,1,0,0.8540696900469917,0.0031493650749470433,1,0,0,0,0,1,0,0,0,0,1
1,0,0,0,-0.5489205190561197,1,0,0,0,0,0,0,0,1,-1.5008898192872717,-0.8393299721663326,-1.109762475828853,0,1,-1.4756058334019204,-0.24397023736323606,0,1,1,0,1,0,0,1,0,0,0
1,0,1,0,-0.5896262538947137,1,1,0,0,0,0,1,1,1,0.9895341954189815,-0.2665353883937017,-0.031297311737476054,1,0,0.961422748076391,0.2939312652116762,1,0,0,0,0,1,0,1,0,0,0
1,1,1,0,0.14307697319997809,1,0,0,0,1,1,0,0,0,-0.3593763468569571,-0.13448197182684626,-0.031297311737476054,1,1,-0.3170253346803945,-0.48059625923340393,0,0,1,0,1,0,0,0,1,0,0
1,1,0,0,-0.8745663977648716,1,1,1,1,0,0,0,0,0,-0.1552976301288631,-0.7180268752734692,-0.031297311737476054,0,1,-0.15452097998824257,-0.003848060329414678,0,0,0,0,0,0,0,0,0,0,0
0,0,0,0,0.9571916699718578,1,0,0,1,0,0,0,0,1,0.29599839385521454,0.7869740002296305,-0.5705298937831644,0,0,0.2696185549271166,0.2969475165392498,1,0,0,0,0,1,0,0,0,1,1
0,1,1,0,0.7536629957788878,1,1,1,0,0,0,0,0,1,0.4171182826450592,0.6616998668857619,-0.5705298937831644,1,0,0.32147827987575717,1.098486548591731,1,0,0,0,0,1,0,0,0,1,1
0,0,1,0,-0.22327464034736777,1,1,0,0,1,0,0,1,0,0.8368899520126024,0.05443844187263766,-0.031297311737476054,1,1,0.821165242466063,0.1549546217639772,1,0,0,0,0,0,0,0,1,0,0
0,0,0,0,-1.2816237461508113,1,0,0,0,0,0,0,0,0,0.1981069768880804,-0.9778116411096773,-1.109762475828853,0,0,0.19726750453493272,0.0031493650749470433,1,0,0,0,0,0,1,0,0,0,1
0,1,1,1,-1.1595065416350294,1,0,0,0,0,0,0,0,0,-0.6281629493768859,-0.9292377477255575,-1.109762475828853,1,0,-0.6464834138810629,0.2340644034188237,0,0,0,0,0,1,0,0,0,0,1
1,1,1,0,1.6084834273893616,0,0,1,1,1,1,1,1,1,-0.015926799192603674,1.0275398272200895,2.1256330164452777,1,1,-0.015830153890719355,-0.0005923137871067476,0,0,0,1,1,0,0,0,0,1,0
0,1,0,0,0.7943687306174818,0,0,0,1,1,1,1,0,1,-0.4788370590880366,0.11714132682829033,1.0471678523539008,0,0,-0.5157211109138781,0.4449964095983246,0,0,0,0,0,1,0,0,0,1,0
0,0,0,0,-0.7117434584104956,1,1,0,0,0,0,0,0,1,-1.3117436915880627,-0.8335818420549327,-1.109762475828853,0,1,-1.267219383664752,-0.4740750475023977,0,1,0,0,1,0,0,1,0,0,1
0,0,1,0,-1.2816237461508113,1,0,0,0,0,0,1,0,0,-0.3228744625641272,-0.984700621472195,-0.5705298937831644,1,0,-0.3222183550388371,0.0031493650749470433,0,0,0,0,0,0,1,0,0,0,1
0,0,0,0,1.2421318138420157,1,1,1,1,1,1,1,0,1,0.4950995809070136,1.124226886002301,1.5864004343995892,0,1,0.4045944108808487,1.0361581741741357,0,0,0,1,1,0,0,0,0,1,0
0,0,1,1,-0.7524491932490895,1,1,0,1,0,0,0,1,1,0.8617776003940772,-0.4564869552047726,-0.031297311737476054,1,1,0.8268900386134233,0.3770118081078907,1,0,0,0,0,0,0,1,0,0,1
0,1,1,1,-0.38609757970174374,1,0,0,1,1,0,0,1,1,0.7804779490145926,-0.0740607873734286,0.5079352703082123,1,1,0.9163619573401081,-1.6065627138149732,1,0,0,0,0,0,0,1,0,0,0
0,1,1,0,0.590840056424512,1,1,0,0,1,0,1,1,0,1.1537926747367158,1.0740952932368473,0.5079352703082123,1,0,1.193365272133424,-0.4988042466441879,1,0,0,0,0,1,0,0,1,0,0
0,0,1,1,1.6084834273893616,1,1,0,1,1,1,1,1,1,1.4690362209020642,2.3747742766503768,1.5864004343995892,1,1,1.3951778158034807,0.8100156853992093,1,0,0,1,0,0,0,0,0,1,0
0,0,0,0,0.631545791263106,1,1,1,1,1,0,1,1,1,0.6145602931380933,0.6970223458145934,1.5864004343995892,0,1,0.5313556439224426,0.9472551208038155,0,0,1,0,1,0,0,0,1,0,0
0,0,0,0,-0.8745663977648716,0,0,0,0,0,0,1,0,1,-0.9666349673649444,-0.8495756849984843,-0.5705298937831644,0,0,-1.056326774430722,1.0755048082930998,0,0,0,0,0,0,1,0,0,0,0
0,0,1,1,0.631545791263106,1,0,0,0,0,0,0,0,0,-1.4909347599346818,-0.5982595383340333,-1.109762475828853,1,0,-1.5035385747197942,0.19638035202242735,0,1,0,1,0,0,1,0,1,0,0
1,1,1,0,1.1607203441648277,1,1,0,0,0,0,0,0,0,-1.3250171040581826,-0.34997103272062513,-1.109762475828853,1,1,-1.3340956618592283,0.14983719680978574,0,1,0,1,0,0,0,0,0,1,0
1,1,0,0,0.06166550352279012,1,0,0,0,0,0,0,0,0,0.14003579733130567,-0.010633901296874566,-1.109762475828853,0,1,0.0654010115183609,0.8634210765521376,1,0,0,0,1,0,0,0,1,0,0
1,0,0,0,-0.3453918448631497,1,0,0,0,0,0,0,0,0,-1.466047111553207,-0.7952097826471523,-1.109762475828853,0,0,-1.477205825468576,0.17874100881560312,0,1,0,1,0,0,1,1,0,0,0
0,0,1,1,-0.5896262538947137,1,0,1,1,0,1,0,0,1,-0.1138182161597383,-0.5317611323506243,0.5079352703082123,1,0,-0.14969978490083893,0.4211483465214995,0,0,1,0,0,0,1,1,0,0,0
0,0,1,1,1.2828375486806096,1,1,1,0,0,1,0,0,1,0.7257251225753476,1.32861459637559,-0.031297311737476054,1,1,0.6055199020393387,1.3739067346188667,1,0,0,0,0,0,0,0,0,1,0
0,1,1,1,1.0793088744876398,1,1,0,0,1,0,0,1,1,0.7904330083671824,1.3380046715194034,-0.031297311737476054,1,1,0.8509291083632896,-0.730038496785268,1,0,0,0,1,0,0,0,0,1,0
1,1,1,0,-0.3453918448631497,0,0,0,0,1,1,0,0,0,-1.018069440686659,-0.645517066043787,-0.031297311737476054,1,0,-1.0068698355705092,-0.09627238754533275,0,0,0,0,0,0,1,1,0,0,0
1,0,1,1,-1.3223294809894055,1,1,0,0,0,0,0,0,0,-1.3134028681468275,-1.0089217498805365,-1.109762475828853,1,0,-1.3099032536552082,0.0031493650749470433,0,1,0,1,0,0,1,0,0,0,0
0,0,0,0,1.1200146093262338,1,1,0,0,0,0,0,0,0,-1.3250171040581826,-0.3485230304788221,-1.109762475828853,0,0,-1.318699219111898,-0.029242883359401495,0,1,0,1,0,0,1,0,0,1,0
0,0,0,0,0.346605647392948,1,1,1,0,1,1,0,1,1,0.32254521879545484,0.3472201072796301,1.0471678523539008,0,1,0.34555945217619455,-0.2784543402224638,0,0,0,0,0,0,0,0,1,0,0
1,1,0,0,-1.2002122764736234,1,1,0,1,0,0,0,0,1,0.5448748776699633,-0.9063768638473945,-0.5705298937831644,0,0,0.4288854037079506,1.3309108355522357,1,0,0,0,0,1,0,0,0,0,1
1,0,1,0,1.6084834273893616,1,1,0,1,1,1,1,1,1,1.4424893959618246,2.3783065245432597,1.5864004343995892,1,0,1.3988772683597162,0.4590996606937625,1,0,0,1,0,1,0,0,0,1,0
1,0,1,0,0.590840056424512,1,1,1,0,1,1,1,1,1,1.5237890473413087,1.3060389250602065,1.5864004343995892,1,1,1.5655027235098908,-0.53606181488762,1,0,1,0,1,0,0,0,1,0,1
1,0,0,0,-0.4675090493789317,1,1,0,0,0,0,0,0,0,0.3441145140593994,-0.31971656163810414,-1.109762475828853,0,0,0.3261541994488977,0.19741122272931969,1,0,0,0,0,0,1,1,0,0,0
0,0,0,0,0.346605647392948,1,1,0,0,1,0,1,1,0,1.0990398482974708,0.7421078701616425,0.5079352703082123,0,1,1.071847007440159,0.2795903357752379,1,0,0,0,0,0,0,0,1,0,0
1,0,1,0,-1.0780950719578415,1,1,0,0,0,0,1,0,1,0.5946501744329131,-0.8069693160048254,-0.5705298937831644,1,0,0.3894552137296869,2.3668213547893453,1,0,0,0,0,1,0,0,0,0,1
1,0,0,0,-0.6303319887333076,1,0,0,0,0,0,0,0,0,-1.4544328756418519,-0.8397468212965487,-1.109762475828853,0,1,-1.3982684017430658,-0.6047005152714323,0,1,0,0,1,0,0,1,0,0,0
0,0,1,1,1.6084834273893616,1,0,0,0,0,0,0,0,0,-1.4876164068171518,-0.3679174847478204,-1.109762475828853,1,1,-1.477343693265703,-0.06981337273509641,0,1,0,1,0,0,0,0,0,1,0
1,0,0,1,-0.7931549280876836,1,0,1,0,0,0,0,0,1,-0.42574340920755677,-0.7146482033759288,-0.5705298937831644,1,1,-0.4417179195022791,0.20001923750915013,0,0,0,0,1,0,0,1,0,0,0
0,0,1,0,1.6084834273893616,1,1,1,1,0,1,0,0,0,-0.005971739840013817,1.099347574756776,0.5079352703082123,1,1,0.05937672944194799,-0.7598858600081146,0,0,0,1,0,0,0,0,0,1,0
1,0,1,0,-0.7117434584104956,1,1,0,0,1,1,1,1,1,1.2782309166440902,-0.33327512808407805,1.0471678523539008,1,0,1.2479304128788244,0.3097532215426493,1,0,0,0,0,1,0,1,0,0,0
0,0,0,0,-1.2002122764736234,0,0,0,0,0,0,1,0,1,-0.9998184985402442,-0.9589217936825197,-0.5705298937831644,0,1,-0.8918880927667608,-1.2219831994717305,0,0,0,0,1,0,0,0,0,0,0
0,0,0,0,0.5501343215859179,1,0,0,0,1,0,0,0,1,0.3275227484717495,0.5480316909042238,-0.5705298937831644,0,1,0.40363761407760035,-0.8962479763006609,1,0,0,0,1,0,0,0,1,0,0
1,0,1,0,1.6084834273893616,1,1,0,0,0,0,0,0,1,-1.3731332242623675,-0.2524722151058874,-1.109762475828853,1,1,-1.3564336351855022,-0.14838862883822193,0,1,0,1,0,0,0,0,0,1,0
0,0,0,0,-0.7117434584104956,1,0,0,0,0,0,1,0,0,-0.29135010794759253,-0.6000146925665218,-0.5705298937831644,0,0,-0.09302692909525052,-2.2970209890948854,0,0,1,0,0,0,1,1,0,0,0
0,0,1,0,1.2828375486806096,1,1,0,1,1,1,1,1,1,1.533744106693899,2.042150610165894,1.5864004343995892,1,0,1.4462463456558647,0.9664980406658095,1,0,0,0,0,1,0,0,0,1,0
0,0,1,1,1.4049547531963917,1,0,1,1,1,0,0,0,0,0.659358060224748,1.4475482350545938,0.5079352703082123,1,1,0.6160563712699424,0.481637491792479,1,0,1,0,0,0,0,0,0,1,0
1,0,0,0,-1.2816237461508113,1,0,0,0,0,0,0,0,0,-1.4760021709057967,-0.999948523866939,-1.109762475828853,0,0,-1.472035783076321,0.0031493650749470433,0,1,0,0,0,0,1,0,0,0,0
1,0,1,0,0.7536629957788878,1,1,0,0,0,1,1,1,1,0.34079616094186965,0.70290211249343,0.5079352703082123,1,1,0.3823996264649629,-0.49527999056600186,0,0,0,1,0,0,0,0,0,1,0
0,0,0,1,0.7536629957788878,0,0,1,0,1,1,1,1,0,-0.15861598324639314,0.341230643461263,1.5864004343995892,1,1,-0.15236522897862367,-0.06740800775234988,0,0,1,0,0,0,0,0,0,1,0
1,0,0,0,-1.1188008067964355,0,0,1,1,1,1,0,0,1,-0.7194176601089605,-0.9128270556517897,1.0471678523539008,0,0,-0.699424647977753,-0.2085227534069383,0,0,0,0,0,0,1,0,0,0,1
0,0,0,0,-1.1595065416350294,1,1,0,0,0,0,0,0,1,-1.3150620447055927,-0.9576054280081533,-1.109762475828853,0,1,-1.1812725989359072,-1.5122305740567399,0,1,0,1,1,0,0,0,0,0,0
1,0,1,1,0.1023712383613841,1,1,1,1,1,1,0,0,1,0.14003579733130567,0.08372757812728995,1.0471678523539008,1,1,0.2054450344445104,-0.7654678339839512,0,0,0,1,1,0,0,0,1,0,0
0,0,1,0,1.5677776925507676,1,1,0,0,0,0,0,0,1,-1.3499047524396575,-0.24852311808278826,-1.109762475828853,1,1,-1.3410807938054599,-0.05756069195442875,0,1,0,1,1,0,0,0,0,1,0
0,0,0,0,-0.7931549280876836,1,0,0,0,0,0,1,0,1,0.5631258198163787,-0.5574522024286751,-0.5705298937831644,0,0,0.47011848026402686,1.0629901820891479,1,0,0,0,0,0,1,1,0,0,0
0,0,0,0,-1.2002122764736234,1,0,0,0,0,0,0,0,0,-1.4842980536996218,-0.9799836444723821,-1.109762475828853,0,0,-1.4213004337336599,-0.6831814433360187,0,1,0,0,0,1,0,0,0,0,0
1,0,1,0,-0.10115743583158582,1,0,0,0,0,0,0,0,0,-1.5224591145512167,-0.7291721046497714,-1.109762475828853,1,0,-1.4455100189091254,-0.8441805395146642,0,1,0,1,0,0,1,0,1,0,0
1,1,1,0,-0.5082147842175256,1,0,0,1,0,0,0,0,1,0.28936168762015496,-0.36675469506879665,-0.5705298937831644,1,0,0.2725433217661634,0.18595710376385224,1,0,0,0,0,1,0,1,0,0,1
0,0,0,0,1.2828375486806096,1,1,1,1,1,1,1,1,1,0.712451710105228,1.3789875228480108,2.1256330164452777,0,1,0.6648719887024247,0.5296236256740718,0,0,0,1,1,0,0,0,0,1,0
0,0,1,0,1.0793088744876398,1,0,0,0,0,0,0,0,0,-1.5440284098151615,-0.5447492736710394,-1.109762475828853,1,1,-1.5554294431417637,0.18416327225129073,0,1,0,1,0,0,0,0,0,1,0
0,1,0,0,-1.2816237461508113,1,0,1,0,1,0,0,0,1,-0.3029643438589475,-0.9844373483373215,-0.031297311737476054,0,0,-0.3023653922525786,0.0031493650749470433,0,0,0,0,0,1,0,0,0,0,1
1,1,0,0,0.9978974048104517,1,1,1,0,0,1,0,1,0,0.9563506642436816,1.459505223263422,0.5079352703082123,0,0,1.116918273369154,-1.899536535664947,1,0,0,1,0,1,0,0,0,1,0
1,0,1,1,1.3642490183577978,0,0,0,0,0,1,1,1,0,-0.4771778825292717,0.467404293349282,0.5079352703082123,1,1,-0.4619160338365893,-0.16158169131936181,0,0,0,1,0,0,0,0,0,1,0
1,0,0,1,-0.30468611002455576,0,0,1,0,0,0,1,0,1,-0.8056948411647401,-0.5830555147951015,-0.031297311737476054,1,1,-0.8641380625610794,0.7066705152292907,0,0,1,0,1,0,0,0,1,0,0
1,0,0,0,-0.9152721326034655,0,0,0,0,1,0,0,0,0,-1.1756912137693334,-0.8969209704198624,-0.5705298937831644,0,0,-1.3041128061758829,1.5329614941031267,0,0,0,0,0,0,1,0,0,0,1
0,0,0,0,-1.1595065416350294,1,0,0,0,0,0,0,0,0,-1.4793205240233267,-0.9749156366260713,-1.109762475828853,0,0,-1.5076056747350346,0.37838630238374626,0,1,0,0,0,0,1,0,0,0,1
0,0,1,0,1.6084834273893616,1,1,1,1,1,1,1,1,0,0.8982794846869069,1.831970890825393,2.1256330164452777,1,1,0.8266799543511346,0.8027995904509644,0,0,0,1,0,0,0,0,0,1,0
1,1,1,0,1.5677776925507676,1,1,1,1,1,1,1,1,1,1.6631598782775683,2.508670605161345,2.1256330164452777,1,1,1.587301121966244,0.8268005405761659,1,0,0,1,0,0,0,0,0,1,0
0,0,0,0,0.346605647392948,1,0,0,0,0,0,0,0,1,-1.4992306427285067,-0.6548413229038823,-1.109762475828853,0,0,-1.497457259814823,0.029432377569371303,0,1,1,0,0,0,1,0,1,0,0
1,0,1,1,-0.9559778674420595,1,0,0,0,0,0,0,0,0,-1.5042081724048018,-0.9223048885072277,-1.109762475828853,1,0,-1.4229548472991815,-0.8948535618179041,0,1,0,1,0,0,1,0,0,0,0
1,0,0,0,-1.2816237461508113,1,0,0,0,1,0,0,0,0,-0.4655636466179167,-0.98658741227212,-0.5705298937831644,0,0,-0.46449792167369136,0.0031493650749470433,0,0,0,0,0,0,1,0,0,0,1
0,0,0,1,-1.2816237461508113,1,0,1,0,0,0,0,0,1,0.2877025110613896,-0.9766269120027476,-0.5705298937831644,1,0,0.28660583707309656,0.0031493650749470433,1,0,0,0,0,0,1,0,0,0,1
0,0,1,1,1.3235432835192036,1,1,1,0,1,1,1,1,0,1.472354574019594,2.2107112347685116,1.5864004343995892,1,0,1.5864913017615827,-1.3767160114901937,1,0,0,1,0,1,0,0,0,1,0
0,0,0,0,-1.1595065416350294,1,1,0,0,0,0,0,0,0,0.3457736906181643,-0.8605673383794438,-1.109762475828853,0,0,0.6480952011395578,-3.527926429600163,1,0,0,0,0,1,0,0,0,0,1
0,0,0,0,-1.2816237461508113,1,0,0,1,0,0,0,0,0,0.3125901594428645,-0.976297820584156,-0.5705298937831644,0,0,0.31142204055592,0.0031493650749470433,1,0,0,0,0,1,0,0,0,0,0
1,0,0,0,-1.2816237461508113,1,0,0,0,0,0,0,0,1,-0.7310318960203155,-0.990097720737097,-1.109762475828853,0,0,-0.7292040921571409,0.0031493650749470433,0,0,0,0,0,1,0,0,0,0,1
0,0,0,0,-1.0373893371192475,1,0,0,0,0,0,0,0,0,-1.469365464670737,-0.9405146136692961,-1.109762475828853,0,0,-1.4117678603323214,-0.6208710361638619,0,1,0,0,0,0,1,0,0,0,0
1,0,0,0,-1.1188008067964355,1,0,0,0,0,0,0,0,0,-1.4793205240233267,-0.9682241111147089,-1.109762475828853,0,0,-1.5349034985661405,0.6958944801065756,0,1,0,0,0,0,1,0,0,0,0
1,0,1,1,-0.8338606629262776,1,0,0,0,0,0,0,1,0,-0.37430893588584213,-0.7033713374321902,-0.5705298937831644,1,1,-0.2286061207897422,-1.6822096995043165,0,0,1,0,1,0,0,0,0,0,1
0,1,0,0,0.9164859351332638,1,1,0,0,1,0,1,1,1,1.1637477340893057,1.4084960533817241,0.5079352703082123,0,0,1.165731125544608,-0.061926691185600825,1,0,1,0,0,1,0,0,0,1,1
1,0,0,0,0.8757802002946699,0,0,1,0,0,1,1,0,0,-0.6547097743171256,0.07073943680687489,0.5079352703082123,0,1,-0.6409993392842414,-0.1376090302118292,0,0,0,1,1,0,0,0,0,1,0
0,1,1,0,-1.2409180113122174,1,0,0,0,0,0,0,0,1,0.14501332700760036,-0.9414360696413526,-1.109762475828853,1,0,0.3957971323975199,-2.921774453947487,1,0,0,0,0,1,0,0,0,0,0
1,0,1,1,-0.38609757970174374,1,0,0,0,0,0,0,0,0,-1.5042081724048018,-0.821712611557729,-1.109762475828853,1,1,-1.5349034985661405,0.40725068217673044,0,1,0,1,1,0,0,1,0,0,0
1,0,0,0,-0.7117434584104956,1,1,0,1,0,1,0,1,0,1.0210585500355165,-0.37219567318951113,0.5079352703082123,0,0,1.0522684351964744,-0.3971033680544352,1,0,0,0,0,1,0,1,0,0,0
0,0,0,0,-1.2409180113122174,1,0,0,1,0,0,0,0,1,-0.5087022371458064,-0.9585927022639281,-0.5705298937831644,0,0,-0.25107857172141007,-2.9795032135334525,0,0,0,0,0,0,1,0,0,0,1
1,0,0,0,0.9571916699718578,1,1,0,1,0,0,1,1,0,1.1172907904438856,1.439979132426987,0.5079352703082123,0,0,1.1489393650018256,-0.4054190584233745,1,0,0,0,0,1,0,0,0,1,0
0,0,1,0,1.3235432835192036,1,1,1,0,1,0,1,1,1,1.3313245665245697,2.0252791901060987,1.0471678523539008,1,0,1.3713666332109944,-0.5101925278587465,1,0,0,0,0,1,0,0,0,1,0
1,0,1,1,-0.1825689055087738,1,0,0,1,1,1,1,0,0,0.928144662744677,0.20579855499686694,1.0471678523539008,1,1,1.122734635847939,-2.2943178170190293,1,0,1,0,0,0,0,0,1,0,0
0,0,0,0,-1.2816237461508113,0,0,0,0,0,0,0,0,0,-1.3183803978231226,-0.9978642782158589,-1.109762475828853,0,0,-1.314866494351773,0.0031493650749470433,0,0,0,0,0,0,1,0,0,0,1
0,0,0,1,-0.9966836022806536,0,0,1,0,0,0,0,1,1,-0.8770394331916347,-0.8637704948537354,-0.031297311737476054,1,0,-0.7804909126883092,-1.093697067058465,0,0,0,0,0,1,0,0,0,0,0
0,0,1,0,-0.38609757970174374,1,0,1,0,1,1,0,1,1,0.12676238486118555,-0.267610420361101,1.0471678523539008,1,1,0.28178645842570793,-1.8073583993313866,0,0,1,0,0,0,0,1,0,0,0
1,0,0,0,-0.6303319887333076,1,1,1,0,0,0,0,1,0,0.027211791335286027,-0.5213399040952237,-0.031297311737476054,0,1,0.014114190987193121,0.15143304165851093,0,0,0,0,0,0,0,1,0,0,0
1,0,0,0,-0.10115743583158582,1,0,1,1,0,1,1,0,0,0.1815152113004305,-0.11170884566030759,1.0471678523539008,0,0,0.10655049402550028,0.8658736055541537,0,0,1,0,0,1,0,0,1,0,0
0,1,1,0,1.4049547531963917,1,1,1,1,0,0,1,1,1,1.3495755086709846,2.1118082937677825,1.0471678523539008,1,0,1.3636784537071998,-0.20909716892520896,1,0,1,0,0,1,0,0,0,1,0
1,0,1,1,-1.2816237461508113,1,0,0,0,0,0,0,1,1,0.5349198183173736,-0.9733579372447376,-0.5705298937831644,1,0,0.533113458335809,0.0031493650749470433,1,0,0,0,0,1,0,0,0,0,0
0,0,1,0,-0.6710377235719016,0,0,0,0,0,1,1,1,1,-0.4970880012344514,-0.6534152600899854,0.5079352703082123,1,0,-0.4731835928926794,-0.261440783027411,0,0,0,0,0,1,0,1,0,0,1
0,0,0,0,-1.2816237461508113,1,0,0,0,0,0,0,0,0,-1.4959122896109767,-1.0002117970018123,-1.109762475828853,0,0,-1.4918887458625798,0.0031493650749470433,0,1,0,0,0,0,1,0,0,0,0
0,0,1,0,1.0793088744876398,1,1,1,1,1,1,0,1,1,1.3960324523164045,1.690637096254255,1.5864004343995892,1,1,1.301630620882409,1.0513992707772308,1,0,1,0,1,0,0,0,0,1,0
0,1,1,0,-0.5082147842175256,1,1,0,0,1,0,1,0,0,0.858459247276547,-0.15284527298425743,-0.031297311737476054,1,0,1.0790699349579238,-2.594644816293659,1,0,0,0,0,1,0,1,0,0,1
0,0,0,0,-0.7931549280876836,1,0,1,0,0,0,1,1,1,0.23294968462214516,-0.6035469404594052,0.5079352703082123,0,0,0.20273979555935,0.3436010241716883,0,0,0,0,0,1,0,1,0,0,0
0,0,0,0,-0.1825689055087738,1,1,0,1,0,0,0,1,1,0.8302532457775423,0.14313954889702662,-0.031297311737476054,0,0,0.9539844521647406,-1.4668722629534823,1,0,0,0,0,1,0,0,1,0,1
0,0,1,0,0.8350744654560759,1,1,0,0,0,1,0,1,1,0.8700734831879022,1.1246876139883293,-0.031297311737476054,1,0,0.8870018846059585,-0.22595030347062534,1,0,1,0,0,1,0,0,0,1,0
0,0,0,0,-1.0373893371192475,1,0,0,0,0,0,0,0,0,-1.4909347599346818,-0.9485444442829313,-1.109762475828853,0,1,-1.4982700553295916,0.13510081555716286,0,1,0,0,0,0,0,0,0,0,1
0,0,1,1,0.30589991255435406,1,1,0,0,0,0,0,0,1,-1.3316538102932427,-0.5592951143727881,-1.109762475828853,1,0,-1.301052141079668,-0.31147237466858374,0,1,0,1,0,0,1,0,1,0,0
1,0,0,0,1.4456604880349857,1,1,0,0,0,0,0,0,1,-1.3532231055571875,-0.35124351953917937,-1.109762475828853,0,1,-1.4193621747034657,0.8144648245503062,0,1,0,1,0,0,0,0,0,1,0
1,0,1,1,-1.2816237461508113,1,0,0,0,0,0,0,0,1,0.18981109409425545,-0.9779213382492079,-1.109762475828853,1,0,0.1889954367073249,0.0031493650749470433,1,0,0,0,0,0,1,0,0,0,1
0,0,1,1,1.2014260790034217,1,1,0,1,0,1,1,1,1,1.3645080976998696,1.9324973494911737,1.0471678523539008,1,1,1.4288449836169015,-0.7938799608216601,1,0,1,0,1,0,0,0,0,1,0
1,0,0,0,-0.1825689055087738,1,0,0,1,0,1,1,0,1,0.873391836305432,0.0808754524994961,0.5079352703082123,0,1,0.7862978200593765,0.9838510308984902,1,0,1,0,0,0,0,0,1,0,0
1,1,1,0,1.2014260790034217,1,1,1,1,1,0,0,0,1,0.8020472442785371,1.4563240062170366,0.5079352703082123,1,0,0.8496934993252897,-0.5809663636390023,1,0,0,0,0,1,0,0,0,1,0
1,0,0,1,-0.4675090493789317,1,0,0,0,0,0,0,0,0,-0.6397771852882409,-0.5766930807023306,-1.109762475828853,1,0,-0.5966146621203415,-0.4806726200265087,0,0,0,0,0,0,1,1,0,0,0
0,1,0,0,0.346605647392948,1,0,0,0,1,1,1,1,1,1.2002496183821352,0.753340857249569,1.0471678523539008,0,1,1.092507001233989,1.2131066188361503,1,0,1,0,0,0,0,0,1,0,0
1,0,1,1,-1.0780950719578415,1,0,0,0,0,0,0,0,1,0.1616050925952503,-0.8431254931940891,-1.109762475828853,1,0,-0.06495704560023463,2.6298079262365364,1,0,0,0,0,1,0,0,0,0,0
1,1,1,0,0.6722515261016999,1,1,0,1,0,0,0,1,0,0.8335715988950722,0.9863595210403272,-0.031297311737476054,1,1,0.9219344097755292,-1.055603939984732,1,0,0,0,1,0,0,0,0,1,1
0,0,1,1,1.4049547531963917,1,1,1,0,1,1,1,1,1,1.4756729271371243,2.186161014941578,1.5864004343995892,1,0,1.4473621488348505,0.2800176448802897,1,0,1,0,0,1,0,0,0,1,0
0,0,0,0,0.5094285867473239,1,0,1,1,0,0,1,1,1,1.1737027934418955,0.9585842053111961,1.0471678523539008,0,0,1.1483347162344264,0.25587304592907795,1,0,1,0,0,1,0,0,1,0,0
1,0,1,1,1.0793088744876398,1,0,0,0,0,0,0,0,0,-1.5141632317573919,-0.48557863660826994,-1.109762475828853,1,1,-1.4798031145619055,-0.34909391375469423,0,1,0,1,1,0,0,0,0,1,0
0,0,0,0,-1.2816237461508113,1,0,0,1,0,1,1,0,0,0.888324425334317,-0.9686848391007371,0.5079352703082123,0,0,0.8855035477919014,0.0031493650749470433,1,0,0,0,0,1,0,0,0,0,1
1,0,1,1,1.6084834273893616,1,1,1,1,1,1,0,1,1,1.326347036848275,2.2984470069650316,1.5864004343995892,1,1,1.3152374714361266,0.08493177448840536,1,0,1,0,1,0,0,0,0,1,0
1,0,1,1,1.4049547531963917,1,0,0,0,0,0,0,0,1,-1.464387934994442,-0.38939618466789866,-1.109762475828853,1,0,-1.4514173453567614,-0.10196867476816136,0,1,0,1,0,0,1,0,0,1,0
0,0,1,1,0.46872285190873,1,0,0,0,0,0,0,0,0,-1.5042081724048018,-0.6665569774057433,-1.109762475828853,1,0,-1.561938120239095,0.7216974862851524,0,1,0,0,0,0,1,0,1,0,0
0,0,0,0,-1.2816237461508113,1,0,0,0,0,0,0,0,1,-0.6945300117274855,-0.9896150533231627,-1.109762475828853,0,0,-0.6928069937156666,0.0031493650749470433,0,0,0,0,0,0,1,0,0,0,0
0,1,0,0,1.5677776925507676,1,1,0,1,1,0,1,1,1,1.359530568023575,2.291623844886233,1.0471678523539008,0,0,1.3567783979704018,-0.013383284383941244,1,0,1,0,0,1,0,0,0,1,0
1,1,0,0,-1.1188008067964355,1,0,0,0,0,0,0,0,1,0.21635791903449522,-0.8458679216823524,-1.109762475828853,0,0,0.31042939241660744,-1.1013942350032622,1,0,0,0,0,0,1,0,0,0,0
0,1,1,1,1.3642490183577978,1,1,1,1,0,1,1,1,1,1.5154931645474838,2.1551167244544374,1.5864004343995892,1,1,1.4663781773954032,0.5206672856057242,1,0,1,0,1,0,0,0,0,1,0
1,1,1,0,-0.019745966154397852,1,1,0,1,1,0,0,1,1,0.9480547814498567,0.29463129858869264,0.5079352703082123,1,0,0.923141456407517,0.25811805324630804,1,0,0,0,0,1,0,0,1,0,0
1,0,0,0,0.7943687306174818,1,0,1,1,0,0,1,0,1,-0.05574703660296358,0.45770706621478274,0.5079352703082123,0,1,-0.021846845960201984,-0.3924406605494146,0,0,0,1,1,0,0,0,0,1,0
1,0,0,0,-1.2816237461508113,1,0,0,0,0,0,0,0,0,-0.6812565992573657,-0.9894395378999139,-1.109762475828853,0,0,-0.6795716851914941,0.0031493650749470433,0,0,0,0,0,0,1,0,0,0,1
1,0,0,0,-0.5896262538947137,1,0,0,0,0,0,0,0,0,-1.4892755833759168,-0.8516160517937523,-1.109762475828853,0,0,-1.489682861108551,0.054463818040252666,0,1,0,0,0,0,1,1,0,0,0
1,0,0,0,1.3642490183577978,1,0,1,1,0,0,0,0,1,-0.33614787503424737,0.5117877560033355,-0.031297311737476054,0,0,-0.4112057513661333,0.8842418472405953,0,0,1,0,0,0,1,0,0,1,0
1,0,1,0,0.22448844287716607,1,0,1,1,0,0,0,0,1,0.48182616843689396,0.3131701151693527,-0.031297311737476054,1,0,0.47490422314890596,0.06442287305654558,1,0,0,0,0,1,0,0,1,0,1
1,0,1,1,-0.7117434584104956,1,0,1,0,0,1,1,1,0,1.2267964433223755,-0.2773515263514123,1.0471678523539008,1,0,1.5290704247797882,-3.556790809393143,1,0,1,0,0,1,0,1,0,0,0
0,0,1,1,0.5501343215859179,1,1,1,0,1,1,0,1,0,1.152133498177951,1.022757031936558,1.0471678523539008,1,0,1.181859369094024,-0.384218978233796,1,0,0,1,0,0,1,0,1,0,0
0,0,1,0,1.3235432835192036,1,1,1,1,0,1,1,0,1,1.1687252637656007,1.9061700360038458,1.0471678523539008,1,1,1.2331849217153554,-0.7887707984761662,1,0,1,0,0,0,0,0,0,1,0
0,0,1,0,1.4456604880349857,1,1,0,0,0,0,0,0,0,-1.2984702791179428,-0.17017742103008163,-1.109762475828853,1,1,-1.2185698929939153,-0.8859867261952223,0,1,0,1,1,0,0,0,0,1,0
1,0,1,1,-0.7931549280876836,1,0,0,0,1,0,1,1,0,1.064197140563406,-0.42338035849445776,0.5079352703082123,1,0,1.247820118641123,-2.1713005793298885,1,0,0,0,0,1,0,1,0,0,0
0,0,0,0,-0.9152721326034655,1,1,0,0,0,1,1,1,1,1.113972437326356,-0.5445737582477905,0.5079352703082123,0,0,1.3528753800517421,-2.8159383947065413,1,0,0,0,0,1,0,0,0,0,1
1,0,0,0,-0.30468611002455576,1,0,0,0,0,0,0,0,1,-1.5075265255223318,-0.7823752173220799,-1.109762475828853,0,1,-1.465351952271614,-0.4402075085452941,0,1,1,0,0,0,0,0,1,0,0
1,0,0,0,-0.9152721326034655,1,1,0,0,0,0,0,0,0,-1.3017886322354726,-0.8985225486570082,-1.109762475828853,0,1,-1.3161900252041903,0.21097289958443521,0,1,0,1,0,0,0,0,0,0,0
1,0,1,0,1.6084834273893616,1,1,0,0,0,0,0,0,0,-1.2968111025591778,-0.1874218113642814,-1.109762475828853,1,1,-1.2883039654386768,-0.05564844561446615,0,1,0,1,1,0,0,0,0,1,0
1,0,0,0,-1.2002122764736234,1,0,0,0,0,1,0,0,1,-0.4871329418818615,-0.9420942524785358,-0.5705298937831644,0,0,-0.46890969118174863,-0.1956941401656153,0,0,0,0,0,0,1,0,0,0,0
1,0,0,0,-1.2409180113122174,1,1,0,1,0,0,0,0,1,-0.34942128750436724,-0.9588559753988013,-0.5705298937831644,0,0,-0.2610050531145396,-1.0167253876105051,0,0,0,0,0,0,1,0,0,0,1
1,0,1,1,0.22448844287716607,1,0,1,0,1,1,1,1,0,0.5332606417586087,0.34469707307042785,1.5864004343995892,1,1,0.5374671782450764,-0.06673281758175265,0,0,0,1,1,0,0,0,1,0,0
1,0,1,0,1.2014260790034217,1,1,0,0,1,1,1,1,1,1.4159425710215843,2.024291915850324,1.0471678523539008,1,1,1.5404912151998398,-1.4959361661090858,1,0,0,1,0,0,0,0,0,1,0
1,1,1,1,-0.8745663977648716,1,1,0,0,0,0,0,0,1,0.34079616094186965,-0.6687289807684478,-1.109762475828853,1,1,0.1834305910778432,1.8189812575063367,1,0,0,0,1,0,0,0,0,0,0
0,0,0,0,-1.2002122764736234,1,0,0,0,1,1,0,0,0,0.5033954637008385,-0.9134632990610667,-0.031297311737476054,0,1,0.2507602098201296,2.921658877476713,1,0,0,0,1,0,0,0,0,0,1
1,0,1,1,0.6722515261016999,0,0,0,1,0,0,1,1,1,-0.4356984685601469,0.10614967344733085,0.5079352703082123,1,1,-0.4326589014229396,-0.02080610658998109,0,0,1,0,0,0,0,0,0,1,1
1,0,0,0,-0.6303319887333076,1,0,0,0,0,0,0,0,0,-1.5091857020810966,-0.8469868325055638,-1.109762475828853,0,1,-1.43038348860319,-0.8661778381019993,0,1,0,1,1,0,0,1,0,0,0
0,0,0,0,-0.9966836022806536,1,0,0,0,0,0,0,0,1,-1.4677062881119718,-0.9485444442829313,-1.109762475828853,0,0,-1.5795726648352224,1.3501537554142242,0,1,0,0,0,0,1,0,0,0,0
1,0,0,0,-1.2409180113122174,1,0,0,0,0,1,0,0,1,-0.4887921184406264,-0.9609840999056937,-0.5705298937831644,0,1,-0.34124411104233515,-1.699849042711138,0,0,0,0,1,0,0,0,0,0,0
1,0,0,0,-1.2002122764736234,1,0,0,0,1,1,1,0,1,0.7771595958970623,-0.893937208224632,0.5079352703082123,0,0,0.7415695675915259,0.38800776231473505,1,0,0,0,0,0,1,0,0,0,1
0,1,0,0,-0.9559778674420595,1,1,0,0,0,0,0,1,1,0.6477438243133932,-0.6743454743124111,-0.5705298937831644,0,0,0.6546209435368928,-0.10161764306255364,1,0,0,0,0,1,0,0,0,0,1
1,0,1,0,1.5270719577121736,1,1,0,0,0,0,0,0,0,-1.3499047524396575,-0.252384457394263,-1.109762475828853,1,1,-1.3337031745192112,-0.1433717247313463,0,1,0,1,0,0,0,0,0,1,0
1,0,1,1,-0.019745966154397852,1,0,1,1,1,0,0,1,0,0.9911933719777464,0.36516655930682534,1.0471678523539008,1,0,1.0893583193185112,-1.1748781352262367,1,0,1,0,0,0,1,0,1,0,0
1,0,1,1,-0.4268033145403377,1,0,1,0,0,0,0,0,0,0.3341594547068096,-0.3182904988242072,-0.5705298937831644,1,1,0.21854927903686908,1.3335348700788683,1,0,0,0,0,0,0,1,0,0,0
0,0,1,1,-0.7524491932490895,1,0,0,0,0,0,0,0,1,-1.5075265255223318,-0.8895712620713166,-1.109762475828853,1,0,-1.5058330887719757,0.030639250592075735,0,1,1,0,0,0,1,1,0,0,0
1,0,1,1,-1.2409180113122174,1,0,0,0,1,1,0,1,0,0.8319124223363072,-0.9255299844094254,0.5079352703082123,1,1,0.9955220498990852,-1.9307640810550173,1,0,0,0,1,0,0,0,0,0,1
1,0,1,0,1.4456604880349857,1,1,0,0,0,0,0,0,0,-1.3167212212643575,-0.2506073637338684,-1.109762475828853,1,1,-1.3077622478645334,-0.06023907682337166,0,1,0,1,0,0,0,0,0,1,0
1,0,0,0,-0.7524491932490895,1,0,0,0,0,0,0,0,0,-1.477661347464562,-0.8879477444062648,-1.109762475828853,0,1,-1.4970883313542191,0.2752992316945147,0,1,1,0,0,0,0,1,0,0,0
0,0,0,0,-1.2409180113122174,1,0,1,1,0,0,1,0,1,0.8700734831879022,-0.9349858778369573,0.5079352703082123,0,0,0.6389959265291889,2.6586723060295245,1,0,0,0,0,1,0,0,0,0,0
0,0,0,0,-1.2409180113122174,1,0,0,0,0,0,1,0,1,0.4917812277894838,-0.9367410320694458,-0.5705298937831644,0,0,0.5728193839083265,-0.9589966280245368,1,0,0,0,0,1,0,0,0,0,1
0,0,1,0,0.631545791263106,1,0,0,1,1,0,1,1,1,1.065856317122171,1.0502910139587218,1.0471678523539008,1,0,1.0863424612563621,-0.2738685021049456,1,0,1,0,0,1,0,0,1,0,0
0,0,1,0,-1.0780950719578415,1,0,0,0,0,1,0,0,1,-0.5236348261746914,-0.8900978083410632,-0.5705298937831644,1,0,-0.6553069528971779,1.548997260654784,0,0,0,0,0,1,0,0,0,0,1
1,1,1,0,0.428017117070136,1,1,0,1,1,0,1,1,1,1.2632983276152052,0.9280225822379898,1.0471678523539008,1,0,1.2480894417796966,0.13471723575924488,1,0,0,0,0,1,0,0,1,0,1
0,0,0,0,0.14307697319997809,1,0,1,1,1,1,0,1,1,0.3524103968532244,0.16709740417049498,1.5864004343995892,0,0,0.31468491175458796,0.4270281275904373,0,0,1,0,0,0,1,0,1,0,0
1,0,0,0,1.3642490183577978,1,0,0,1,1,0,1,1,0,1.1471559685016557,1.9355688693980286,1.0471678523539008,0,0,1.2155339872412476,-0.8336260895297547,1,0,0,0,0,1,0,0,0,1,1
1,0,1,1,1.0386031396490458,1,0,0,1,0,0,1,1,1,0.9264854861859115,1.3188734903852788,0.5079352703082123,1,0,0.8777734430288612,0.5356474060834496,1,0,0,0,0,1,0,0,0,1,0
0,0,0,0,-0.38609757970174374,1,1,1,0,0,0,1,0,1,0.8335715988950722,-0.056838336467134924,-0.031297311737476054,0,1,0.9728278116416048,-1.647558499607911,1,0,0,0,0,0,0,1,0,0,1
1,0,0,0,-1.2816237461508113,1,1,0,0,1,0,1,1,1,1.2118638542934905,-0.9644066506590463,0.5079352703082123,0,0,1.2081141930686057,0.0031493650749470433,1,0,0,0,0,1,0,0,0,0,1
0,0,0,0,-0.7117434584104956,1,0,0,0,0,0,0,0,0,-1.4876164068171518,-0.8762101504764978,-1.109762475828853,0,1,-1.4815210875186446,-0.02122500008357292,0,1,1,0,1,0,0,1,0,0,0
1,0,1,1,1.5677776925507676,1,0,1,1,1,1,1,0,0,1.1703844403243657,2.154304965621911,1.5864004343995892,1,1,1.2109336866098463,-0.5107179033522685,1,0,0,1,1,0,0,0,0,1,0
0,0,0,0,-0.8338606629262776,1,1,0,1,0,0,0,1,1,0.8037064208373025,-0.5448809102384761,-0.031297311737476054,0,0,0.7673508456542365,0.3960256455905732,1,0,0,0,0,1,0,0,0,0,0
1,0,0,0,-1.2816237461508113,1,0,0,0,0,0,0,0,0,-0.6596873039934208,-0.9891543253371344,-1.109762475828853,0,0,-0.6580643088397139,0.0031493650749470433,0,0,0,0,0,0,1,0,0,0,1
1,1,0,0,-0.9559778674420595,1,0,0,0,0,1,0,0,0,-0.5219756496159262,-0.8123883546976337,-0.5705298937831644,0,0,-0.5019979624921801,-0.21493706002760116,0,0,0,0,0,0,1,0,0,0,0
1,0,1,1,-0.10115743583158582,1,0,0,0,0,0,0,0,0,-1.449455345965557,-0.6965481753533909,-1.109762475828853,1,0,-1.3635062531781068,-0.9512994600797411,0,1,0,1,0,0,1,0,1,0,0
1,1,0,0,0.1023712383613841,1,1,0,0,1,0,1,1,1,1.2102046777347255,0.5252146858818729,0.5079352703082123,0,0,1.1566382967013775,0.5826361517760094,1,0,0,0,0,1,0,0,1,0,1
0,0,1,0,0.6722515261016999,1,1,0,0,0,0,0,0,1,-0.42408423264879186,0.12479818716752145,-1.109762475828853,1,1,-0.40395989059246373,-0.2199114202640349,0,0,0,0,1,0,0,0,0,1,0
0,0,1,1,1.1607203441648277,0,0,0,1,1,1,1,1,1,-0.1154773927185032,0.6370399499192981,1.5864004343995892,1,1,-0.11395209652014776,-0.013885350868452417,0,0,0,1,0,0,0,0,0,1,0
0,0,1,0,1.5270719577121736,0,0,1,1,1,1,1,1,0,-0.01260844607507388,0.9677768256038548,2.1256330164452777,1,1,-0.0192715967123322,0.07792185368153469,0,0,0,1,0,0,0,0,0,1,0
0,0,0,0,-0.9152721326034655,1,1,0,0,1,0,1,1,1,1.1836578527944854,-0.5437181205594525,0.5079352703082123,0,0,1.3593275929572763,-2.0827831479647396,1,0,0,0,0,1,0,0,0,0,1
1,0,1,1,1.6084834273893616,1,1,0,0,0,0,0,0,0,-1.2885152197653527,-0.19652667394531564,-1.109762475828853,1,0,-1.2978398214066136,0.15148020567778459,0,1,0,1,0,0,1,0,0,1,0
0,0,1,1,1.2014260790034217,1,0,1,0,1,0,0,0,0,-0.3378070515930122,0.4940826376831075,-0.031297311737476054,1,1,-0.3206439937426152,-0.18834872451936768,0,0,1,0,1,0,0,0,0,1,0
0,0,1,1,-0.9966836022806536,1,0,0,0,0,0,0,0,1,-0.6464138915233006,-0.8282505610737487,-1.109762475828853,1,0,-0.4456789673658836,-2.3132171133120587,0,0,0,0,0,1,0,0,0,0,0
1,0,0,0,-1.2409180113122174,1,0,0,0,0,0,1,0,1,0.4984179340245439,-0.9323750859161307,-0.5705298937831644,0,0,0.7374335336777216,-2.7966954748445474,1,0,0,0,0,1,0,0,0,0,0
1,0,0,0,0.6722515261016999,1,1,0,1,1,0,1,1,1,1.2865267994379153,1.2009490653899557,1.0471678523539008,0,1,1.2521756155789245,0.35659075029516724,1,0,0,0,0,0,0,0,0,1,1
1,0,0,0,-1.2816237461508113,1,0,0,0,0,0,0,0,0,-1.5091857020810966,-1.000387312425061,-1.109762475828853,0,0,-1.5051240543867523,0.0031493650749470433,0,1,0,0,0,0,1,0,0,0,0
1,0,1,0,-0.30468611002455576,1,0,0,0,0,1,1,1,1,1.0210585500355165,0.01711947500435027,0.5079352703082123,1,1,0.9461874373752319,0.836752653496344,1,0,0,0,1,0,0,0,1,0,0
1,0,0,0,1.6084834273893616,1,0,1,1,1,1,1,0,1,0.3374778078243394,1.3326075722545014,1.5864004343995892,0,1,0.30367846595063186,0.38186071846993475,0,0,0,1,0,0,0,0,0,1,0
0,0,0,0,0.26519417771576004,0,0,0,0,1,0,1,1,1,-0.47385952941174164,-0.17285403123462662,0.5079352703082123,0,1,-0.5321167735568033,0.6934274390986271,0,0,0,0,1,0,0,0,1,0,0
0,0,1,1,-1.2002122764736234,1,1,0,1,1,0,1,0,1,0.14003579733130567,-0.9058064387218355,0.5079352703082123,1,1,0.4432236546091376,-3.531133582910486,0,0,0,0,0,0,0,0,0,0,0
0,0,1,1,1.4863662228735797,1,1,0,1,1,0,1,1,1,1.2948226822317401,2.258692763599166,1.0471678523539008,1,0,1.4223967153159411,-1.527081088298053,1,0,0,0,0,1,0,0,0,1,1
1,0,0,0,-0.6710377235719016,1,0,0,0,0,0,0,0,0,-1.4992306427285067,-0.8795230040903198,-1.109762475828853,0,1,-1.5388327307842542,0.5106813764349253,0,1,0,0,1,0,0,1,0,0,0
0,0,0,0,-0.8338606629262776,0,0,1,0,0,1,0,0,1,-1.0396387359506039,-0.8178512722462542,-0.031297311737476054,0,0,-0.9480002861973671,-1.031157577506998,0,0,1,0,0,0,1,0,0,0,0
1,0,1,1,1.5677776925507676,1,1,1,1,0,1,0,0,1,0.06371367562811567,1.0747534760740305,0.5079352703082123,1,1,0.06435518090486254,-0.00958890581961286,0,0,1,0,1,0,0,0,0,1,0
0,0,1,1,-0.8338606629262776,1,0,0,0,0,0,0,0,0,-1.5108448786398618,-0.9219977365165423,-1.109762475828853,1,1,-1.6024587191582709,1.1160315637600162,0,1,0,0,0,0,0,0,0,0,0
1,1,0,0,1.5677776925507676,1,1,0,1,0,1,1,1,1,1.3893957460813444,2.3360511863960984,1.0471678523539008,0,0,1.403964136987038,-0.21584048349530308,1,0,0,1,0,1,0,0,0,1,0
1,0,1,1,0.5501343215859179,1,0,1,0,1,1,0,0,0,-0.26646245956611764,0.11442083776793299,0.5079352703082123,1,0,-0.30718477089996743,0.4825490642453855,0,0,1,0,0,0,1,0,1,0,0
0,0,1,1,1.6084834273893616,1,1,1,1,1,1,1,1,0,0.919848779950852,1.9454416119557765,2.1256330164452777,1,1,0.9455219954744334,-0.3293255280960934,0,0,0,1,0,0,0,0,0,1,0
0,0,0,0,-0.4268033145403377,1,1,0,0,0,0,0,0,1,0.3673429858821094,-0.22629847761390234,-1.109762475828853,0,1,0.533865464501955,-1.9491323227414563,1,0,1,0,1,0,0,1,0,0,0
1,0,1,0,-1.2816237461508113,1,0,1,0,1,0,0,0,0,-0.3062826969764773,-0.9844812271931339,-0.031297311737476054,1,0,-0.3056742193836215,0.0031493650749470433,0,0,0,0,0,0,1,0,0,0,0
0,0,1,1,1.6084834273893616,1,1,1,1,1,1,1,1,1,1.7079576453642233,2.7397585992963656,2.1256330164452777,1,1,1.7774392613037122,-0.8651873936973349,1,0,0,1,1,0,0,0,0,1,0
1,0,0,0,0.346605647392948,1,1,0,0,0,0,0,0,1,-1.3167212212643575,-0.5716908911397383,-1.109762475828853,0,1,-1.3445248838800252,0.36735682392626345,0,1,0,0,0,0,0,0,1,0,0
0,0,1,0,0.8350744654560759,1,0,0,0,1,0,1,1,1,0.9928525485365113,1.1851087984417468,0.5079352703082123,1,1,0.972968959312494,0.19812008141246265,1,0,1,0,0,0,0,0,0,1,1
0,0,1,1,1.2014260790034217,1,1,1,0,0,0,1,1,1,1.2019087949409006,1.903910274929517,0.5079352703082123,1,1,1.3940756146511823,-2.2752744205196698,1,0,0,1,0,0,0,0,0,1,0
0,0,0,0,-1.2409180113122174,1,1,0,0,0,0,1,1,1,1.0310136093881064,-0.9322215099207878,-0.031297311737476054,0,0,0.7432239811570475,3.312931581337169,1,0,0,0,0,1,0,0,0,0,1
0,0,1,1,1.4863662228735797,1,1,0,1,0,1,0,1,1,0.9414180752147966,1.798469384412769,0.5079352703082123,1,1,0.9194310143891914,0.22430350203955138,1,0,0,1,0,0,0,0,0,1,0
0,0,0,0,-1.1595065416350294,1,0,0,0,0,0,0,0,1,-0.6513914211995958,-0.9225023433583828,-1.109762475828853,0,0,-0.5195071727272833,-1.5122305740567399,0,0,0,0,0,0,1,0,0,0,1
0,0,0,0,-0.9559778674420595,1,0,0,0,0,1,1,0,1,-0.180185278510338,-0.7763418746479006,-0.031297311737476054,0,1,-0.19997557491974438,0.23620250562571313,0,0,0,0,0,0,0,0,0,0,0
1,0,0,0,1.2421318138420157,1,1,1,1,1,1,0,0,0,0.21801709559326013,0.9991063286537752,1.0471678523539008,0,0,0.25483059240196837,-0.4354670305094524,0,0,1,0,0,1,0,0,0,1,0
1,0,0,0,-1.1188008067964355,1,1,0,0,0,0,0,0,0,-0.5900018885252911,-0.9110060831355828,-1.109762475828853,0,0,-0.6719613827900949,0.972992526119225,0,0,0,0,0,1,0,0,0,0,1
0,0,0,0,0.346605647392948,1,0,0,0,0,0,0,0,0,-1.469365464670737,-0.6424674855648381,-1.109762475828853,0,0,-1.474698985401307,0.1110974521056211,0,1,0,1,0,0,1,0,1,0,0
0,0,0,0,-1.1188008067964355,1,1,0,0,0,0,1,1,1,0.9613281939199768,-0.7952975403587768,-0.031297311737476054,0,0,1.0731140461220463,-1.332309273347136,1,0,0,0,0,0,1,0,0,0,1
1,1,1,0,-1.2409180113122174,1,0,0,0,1,0,1,1,1,1.0144218438004564,-0.9292158082976513,0.5079352703082123,1,1,0.8565513103952741,1.8023623721709807,1,0,0,0,1,0,0,0,0,0,0
1,0,1,0,0.020959768684196134,1,0,1,1,0,1,0,0,1,-0.12875080518862334,-0.12327092416682571,0.5079352703082123,1,0,-0.12489193704208389,-0.04058454370230346,0,0,0,1,0,0,1,0,1,0,0
1,0,0,0,-1.2816237461508113,1,0,0,0,0,0,0,0,0,-1.5174815848749215,-1.0004970095645918,-1.109762475828853,0,0,-1.5133961222143602,0.0031493650749470433,0,1,0,0,0,0,1,0,0,0,0
0,0,1,0,0.7536629957788878,1,1,0,0,0,0,0,0,0,-1.3084253384705327,-0.4467239097865552,-1.109762475828853,1,0,-1.3174292134042476,0.14841454442526178,0,1,0,1,0,0,1,0,0,1,0
0,1,0,0,-0.9966836022806536,1,1,0,0,1,0,1,1,0,1.2085455011759603,-0.6664472802662127,0.5079352703082123,0,0,1.0794835383493042,1.4608005446206627,1,0,0,0,0,1,0,0,0,0,1
1,1,0,0,-1.0373893371192475,1,1,0,0,0,0,0,0,0,0.2926800407376848,-0.7697161674202564,-1.109762475828853,0,0,0.42817636932272707,-1.5857660178150539,1,0,0,0,0,0,1,0,0,0,1
1,0,0,0,-1.1188008067964355,1,1,0,1,1,0,1,1,0,1.2998002119080347,-0.7711422302341533,1.0471678523539008,0,0,1.4374159132498936,-1.6440445751113695,1,0,0,0,0,0,1,0,0,0,1
0,0,0,0,-1.2816237461508113,1,0,0,0,0,0,0,1,0,0.505054640259604,-0.9737528469470477,-0.5705298937831644,0,1,0.5033340141564212,0.0031493650749470433,1,0,0,0,1,0,0,0,0,0,1
0,0,0,0,-0.5489205190561197,0,0,0,0,0,0,1,1,1,-0.6663240102284806,-0.6168422337705057,-0.031297311737476054,0,1,-0.5925843614043342,-0.8354368268054438,0,0,1,0,1,0,0,1,0,0,1
0,0,0,0,0.14307697319997809,1,1,0,1,0,0,1,1,1,1.135541732590301,0.5775621608658431,0.5079352703082123,0,0,1.1744744505696671,-0.4907522447161206,1,0,0,0,0,1,0,0,1,0,1
0,0,0,0,1.4456604880349857,1,0,1,0,1,0,0,0,1,-0.3477621109456021,0.6036042617903916,-0.031297311737476054,0,1,-0.3604888335471522,0.1596395810114245,0,0,1,0,1,0,0,0,0,1,0
0,1,0,0,0.26519417771576004,1,1,0,0,1,0,1,1,1,1.1554518512954808,0.7620288707003873,0.5079352703082123,0,0,1.2755209406484456,-1.4351355425583845,1,0,0,0,0,1,0,0,1,0,0
1,1,0,0,-0.7117434584104956,1,1,0,1,0,0,0,0,1,0.5067138168183688,-0.4748063775063716,-0.5705298937831644,0,0,0.5364222854668524,-0.36246611230285786,1,0,0,0,0,1,0,1,0,0,1
1,0,1,1,1.6084834273893616,1,0,0,0,0,0,0,0,0,-1.457751228759382,-0.3534813411856022,-1.109762475828853,1,1,-1.4622241915141307,0.10070027826419996,0,1,0,1,0,0,0,0,0,1,0
1,0,1,0,-1.0373893371192475,0,0,1,1,0,0,0,0,0,-1.0197286172454239,-0.8963286058663975,-0.031297311737476054,1,0,-0.9357694430522613,-0.9425026967142592,0,0,0,0,0,0,1,0,0,0,0
1,0,1,0,1.5677776925507676,1,1,0,0,0,0,0,0,0,-1.3432680462045974,-0.24953233176646913,-1.109762475828853,1,1,-1.3421526673831217,0.03187823134777572,0,1,0,1,0,0,0,0,0,1,0
1,0,1,1,-0.7524491932490895,1,0,1,1,0,0,1,0,1,0.01725673198269617,-0.5975135977852258,0.5079352703082123,1,0,0.06727786724395296,-0.582385196439882,0,0,0,0,0,1,0,1,0,0,1
1,0,1,0,-0.4268033145403377,1,0,0,0,0,0,0,0,1,-1.4760021709057967,-0.8020110052980454,-1.109762475828853,1,1,-1.439473916082192,-0.37558628493603163,0,1,0,0,0,0,0,1,0,0,0
0,1,0,0,1.6084834273893616,1,1,1,1,1,1,1,1,1,1.7394819999807578,2.6928082235772974,2.1256330164452777,0,1,1.7282664136618213,0.07237042402293671,1,0,0,1,1,0,0,0,0,1,0
1,0,1,0,0.7943687306174818,1,1,1,0,1,1,0,0,1,0.8850060722167867,1.021703939397065,0.5079352703082123,1,1,0.7960379526717739,1.0052614225031766,1,0,0,1,1,0,0,0,0,1,0
0,0,0,0,0.1023712383613841,1,0,0,0,1,0,0,1,1,-0.09390809745455836,-0.08917705320073616,-0.031297311737476054,0,0,-0.16708163155192995,0.8542362206852354,0,0,0,0,0,1,0,0,1,0,0
0,0,1,1,0.7129572609402939,1,0,0,0,0,0,0,0,0,-1.4859572302583868,-0.600453481124644,-1.109762475828853,1,1,-1.5326534961170313,0.5927524296463107,0,1,0,1,0,0,0,0,0,1,0
0,0,1,0,0.9978974048104517,1,1,1,0,0,0,1,1,1,1.152133498177951,1.4031208935447281,0.5079352703082123,1,0,1.0423245389237081,1.2387473772658653,1,0,0,0,0,1,0,0,0,1,0
0,0,1,1,1.4049547531963917,1,1,0,1,1,1,1,1,1,1.5735643441042586,2.2330455723769282,1.5864004343995892,1,1,1.5001305337530528,0.8015869354679478,1,0,1,0,1,0,0,0,0,1,0
1,0,0,0,-0.8745663977648716,1,0,1,0,1,0,0,0,1,0.48348534499565887,-0.6597996336106623,-0.031297311737476054,0,1,0.24464389300214073,2.7618843307438317,1,0,0,0,0,0,0,0,0,0,0
1,0,1,0,0.1023712383613841,1,1,0,1,0,1,1,0,1,0.13505826765501053,0.06246827248627255,0.5079352703082123,1,0,0.1596414131590708,-0.29044261224798135,0,0,1,0,0,1,0,0,1,0,0
1,1,1,0,-1.2816237461508113,1,1,0,0,0,0,0,0,1,0.2860433345026247,-0.9766488514306537,-1.109762475828853,1,0,0.2849514235075751,0.0031493650749470433,1,0,0,0,0,1,0,0,0,0,1
0,0,0,0,-0.1418631706701798,1,1,0,0,0,0,0,0,1,0.3076126297665698,-0.13430645640359737,-1.109762475828853,0,0,0.1255572337811186,2.107263119639407,1,0,0,0,0,1,0,0,1,0,0
0,0,0,0,-0.019745966154397852,1,0,0,0,0,0,0,0,0,-1.472683817788267,-0.7217126991616952,-1.109762475828853,0,1,-1.4718806818045536,0.03983118106186568,0,1,1,0,0,0,0,0,1,0,0
1,0,0,0,-0.5082147842175256,1,0,0,1,0,0,0,0,1,-0.4356984685601469,-0.559668084647192,-0.5705298937831644,0,0,-0.45481960231539015,0.23695084139811953,0,0,0,0,0,0,1,1,0,0,0
0,0,1,1,-0.4268033145403377,1,0,0,0,0,0,0,0,0,-1.5224591145512167,-0.8096898050651826,-1.109762475828853,1,1,-1.465794131897308,-0.6082506796309981,0,1,0,0,0,0,0,1,0,0,0
0,0,0,0,-0.2639803751859618,1,1,0,0,0,0,0,0,1,0.33250027814804467,-0.2037666851543308,-1.109762475828853,0,1,0.1865138163590425,1.6869048529990438,1,0,0,0,0,0,0,0,1,0,1
1,0,0,0,-0.4268033145403377,0,0,0,0,1,1,1,1,0,-0.2714399892424126,-0.4363684998148729,1.0471678523539008,0,1,-0.18618043958299643,-0.982612938764249,0,0,0,1,0,0,0,1,0,0,0
1,0,1,0,1.5270719577121736,1,1,0,0,0,0,0,0,0,-1.3200395743818876,-0.1572989768491971,-1.109762475828853,1,1,-1.2312713403339193,-0.988410805527864,0,1,0,1,0,0,0,0,0,1,0
0,0,1,1,1.4456604880349857,1,1,0,1,1,1,1,1,0,0.6759498258123978,1.4307426332785163,1.5864004343995892,1,1,0.5567618404782644,1.3637369929638625,0,0,0,1,0,0,0,0,0,1,0
1,0,0,0,-0.6303319887333076,1,0,0,1,1,0,0,1,1,0.8634367769528422,-0.30150683647603566,0.5079352703082123,0,1,0.9892450101946064,-1.4921387018478995,1,0,0,0,1,0,0,1,0,0,0
0,0,0,0,-1.2409180113122174,0,0,0,0,0,1,0,0,1,-1.1292342701239135,-0.9830112855234245,-0.5705298937831644,0,0,-1.1717597209341581,0.5323296612796631,0,0,0,0,0,1,0,0,0,0,1
0,0,1,0,0.9164859351332638,1,0,0,0,0,0,0,0,0,-1.5008898192872717,-0.5086808541934003,-1.109762475828853,1,0,-1.4628312276026922,-0.39255504154160403,0,1,1,0,0,1,0,0,0,1,0
1,0,0,0,0.22448844287716607,1,1,1,1,0,0,1,1,1,1.3246878602895098,0.6967590726797203,1.0471678523539008,0,0,1.2361086120851938,0.9860574559202604,1,0,1,0,0,1,0,0,1,0,0
0,0,1,1,-1.0373893371192475,0,0,1,0,0,1,0,0,0,-1.0047960282165391,-0.9007164914476189,-0.031297311737476054,1,0,-0.9830384020671631,-0.21951870761379086,0,0,0,0,0,0,1,0,0,0,0
0,0,1,1,-1.1188008067964355,1,0,0,0,0,1,1,0,1,0.6908824148412829,-0.8022742784329185,-0.031297311737476054,1,0,0.967893343354875,-3.2450555076289094,1,0,0,0,0,1,0,0,0,0,1
0,0,0,0,0.346605647392948,1,0,0,1,0,1,1,1,1,1.1239274966789456,0.7283079700087015,1.0471678523539008,0,1,1.0464658822520354,0.8634486847585339,1,0,0,1,0,0,0,0,1,0,0
0,0,0,0,-0.8745663977648716,1,0,0,0,0,0,1,1,1,-0.0009942101637186523,-0.694705263409278,-0.031297311737476054,0,0,0.0053555309344318945,-0.07382231437301275,0,0,0,0,0,1,0,0,0,0,0
0,0,1,0,1.5677776925507676,1,1,0,1,1,1,1,1,1,0.6095827634617982,1.5775174059703692,1.5864004343995892,1,1,0.5983346353765815,0.11047607303759406,0,0,0,1,1,0,0,0,0,1,0
0,1,0,0,-0.06045170099299184,1,0,1,0,0,0,0,0,1,0.2860433345026247,-0.08981329661001317,-0.5705298937831644,0,1,0.08706221379938374,2.3048508763090627,1,0,0,0,1,0,0,0,1,0,0
1,0,1,0,1.4456604880349857,1,1,1,1,1,1,1,1,1,0.858459247276547,1.756696713679542,2.1256330164452777,1,1,0.9182268749334674,-0.7238368279463988,0,0,0,1,1,0,0,0,0,1,0
0,0,1,0,1.6084834273893616,1,1,1,0,1,1,1,0,1,1.104017377973766,2.0695748950485275,1.0471678523539008,1,1,1.0755313281650023,0.29446579076340673,1,0,0,1,0,0,0,0,0,1,0
0,0,1,1,-0.3453918448631497,1,1,1,1,1,0,0,0,0,-0.019245152310133944,-0.3250039637634758,0.5079352703082123,1,0,0.00018548854217702068,-0.2253603082861858,0,0,0,1,0,1,0,1,0,0,0
0,0,0,0,-0.8745663977648716,1,1,0,0,1,0,1,1,1,1.1886353824707805,-0.5132003763420582,0.5079352703082123,0,0,1.2496249334398737,-0.7490738658937398,1,0,0,0,0,1,0,0,0,0,1
0,0,1,0,-1.2409180113122174,1,0,1,0,0,0,0,1,1,-0.09224892089579345,-0.9592947639569235,-0.031297311737476054,1,0,-0.2775491887697552,2.1583563896177913,0,0,0,0,0,0,1,0,0,0,0
1,0,1,1,1.6084834273893616,1,1,1,1,1,0,1,1,1,1.4424893959618246,2.399258678193591,1.5864004343995892,1,1,1.4208212260690651,0.20386370974653356,1,0,0,1,1,0,0,0,0,1,0
0,0,0,0,-0.8338606629262776,1,0,0,0,0,0,0,0,0,-1.5008898192872717,-0.9122346910983249,-1.109762475828853,0,0,-1.5411075494368465,0.5178974713831702,0,1,0,0,0,0,1,0,0,0,0
1,0,0,1,-0.019745966154397852,1,1,0,1,1,1,1,1,0,0.6228561759319183,0.14654016022247315,1.5864004343995892,1,1,0.574163594930313,0.5455591686847798,0,0,1,0,1,0,0,0,1,0,0
0,1,0,0,-1.2816237461508113,1,0,0,1,0,0,0,0,1,0.2677923923562099,-0.9768901851376209,-0.5705298937831644,0,0,0.266752874286838,0.0031493650749470433,1,0,0,0,0,1,0,0,0,0,1
1,0,1,1,-0.8338606629262776,1,0,0,0,0,0,0,0,1,-1.452773699083087,-0.8746305116672581,-1.109762475828853,1,0,-1.304802145161517,-1.672588239573321,0,1,0,0,0,1,0,0,0,0,0
1,0,0,0,0.428017117070136,1,1,0,1,0,0,1,1,1,1.2102046777347255,0.9779128412964762,0.5079352703082123,0,0,1.3355809870819295,-1.498693403688711,1,0,0,0,0,1,0,0,1,0,1
1,0,1,1,-0.8338606629262776,1,0,0,0,0,0,0,0,0,-1.456092052200617,-0.893937208224632,-1.109762475828853,1,1,-1.4261258066330977,-0.29992662275139087,0,1,0,1,0,0,0,0,0,0,0
1,0,0,0,-0.2639803751859618,0,0,1,0,0,1,1,1,0,-0.3444437578280723,-0.4109187634437893,1.0471678523539008,0,1,-0.41429283308921033,0.8239339084190458,0,0,1,0,1,0,0,0,1,0,0
0,0,0,0,-1.2816237461508113,1,0,0,0,0,0,0,0,1,0.17653768162413533,-0.9780968536724568,-1.109762475828853,0,0,0.17576012818315226,0.0031493650749470433,1,0,0,0,0,1,0,0,0,0,0
1,0,0,0,-0.8745663977648716,1,1,0,0,0,0,0,0,0,-1.3864066367324874,-0.9013307954289899,-1.109762475828853,0,1,-1.411123283618482,0.3337777154309516,0,1,0,0,1,0,0,0,0,0,1
1,0,0,0,-0.1825689055087738,0,0,0,0,0,1,0,0,1,-1.1557810950641534,-0.653130047527206,-0.5705298937831644,0,1,-1.1904900459438128,0.44230028621106876,0,0,0,0,1,0,0,0,1,0,0
0,1,1,0,1.3642490183577978,1,1,0,1,1,0,1,1,1,0.5183280527297236,1.3013438874882997,1.0471678523539008,1,1,0.4909008455428047,0.3017061823276318,0,0,0,1,0,0,0,0,0,1,1
1,0,1,1,-0.5082147842175256,1,1,0,1,0,1,1,0,0,1.057560434328346,-0.2073866907588384,0.5079352703082123,1,0,0.8734263287635943,2.1064005059904143,1,0,0,0,0,0,1,1,0,0,0
0,0,1,0,1.2014260790034217,1,0,1,0,1,1,1,1,1,1.3064369181430948,1.8930721975439,1.5864004343995892,1,0,1.3808936743065425,-0.9096478496687902,1,0,1,0,0,1,0,0,0,1,0
0,1,0,0,-1.2816237461508113,1,1,0,0,0,0,0,0,1,0.3076126297665698,-0.9763636388678745,-1.109762475828853,0,0,0.3064587998593556,0.0031493650749470433,1,0,0,0,0,1,0,0,0,0,1
1,0,0,1,-0.4675090493789317,1,1,1,0,0,0,0,0,0,0.5116913464946635,-0.24227038112954788,-0.5705298937831644,1,0,0.6042532416532364,-1.0936970670584678,1,0,0,0,0,1,0,1,0,0,0
1,0,0,0,-1.2816237461508113,0,0,0,0,0,0,0,0,1,-1.3432680462045974,-0.9981933696344505,-1.109762475828853,0,0,-1.3396826978345964,0.0031493650749470433,0,0,0,0,0,0,1,0,0,0,1
1,0,1,1,0.22448844287716607,1,1,0,0,1,1,1,0,1,0.9945117250952766,0.5778473734286225,0.5079352703082123,1,1,1.0001369930029083,-0.0986355531424149,1,0,0,1,0,0,0,0,1,0,0
1,0,1,1,-0.5896262538947137,1,0,1,0,1,1,1,1,0,0.6079235869030333,-0.30196756446206385,1.5864004343995892,1,0,0.8129850865032066,-2.4054227709840963,0,0,0,0,0,1,0,1,0,0,0
1,0,1,0,1.1200146093262338,1,0,0,0,0,0,0,0,1,-1.4743429943470319,-0.482902026403725,-1.109762475828853,1,1,-1.4875872705922237,0.2032757316396395,0,1,0,1,0,0,0,0,0,1,0
0,0,0,0,1.5270719577121736,1,1,0,1,1,1,0,0,1,0.8402083051301322,1.793160042859491,0.5079352703082123,0,1,0.8698811568374765,-0.37318716765453824,1,0,1,0,0,0,0,0,0,1,0
0,0,1,1,1.4049547531963917,1,1,0,0,1,1,0,1,1,0.16492344571278056,1.0164823555554114,0.5079352703082123,1,1,0.13089341999579876,0.3903054243878178,0,0,0,1,0,0,0,0,0,1,0
1,0,1,1,-1.1188008067964355,1,1,0,0,0,0,0,0,1,-1.2951519260004127,-0.9496852945340487,-1.109762475828853,1,1,-1.2553076059929968,-0.42019487188882637,0,1,0,0,0,0,0,0,0,0,1
1,0,1,0,1.3642490183577978,1,1,1,1,1,1,1,1,0,1.6880475266590431,2.476002797009152,2.1256330164452777,1,1,1.8330062502638622,-1.7424167139209934,1,0,1,0,0,0,0,0,0,1,0
1,0,1,0,1.6084834273893616,1,1,0,0,0,0,0,0,0,-1.3117436915880627,-0.22037483207925357,-1.109762475828853,1,0,-1.3228168706527514,0.17259396497080007,0,1,0,1,0,0,1,0,0,1,0
0,1,1,0,1.6084834273893616,1,1,1,1,1,0,1,1,1,0.6361295884020379,1.6806985354127884,1.5864004343995892,1,1,0.6682468774862576,-0.3948049081820348,0,0,0,1,1,0,0,0,0,1,0
1,0,0,1,-1.2002122764736234,1,0,0,0,0,0,0,0,1,-1.4892755833759168,-0.9758151531702218,-1.109762475828853,1,0,-1.3165209079172944,-1.9596284608480001,0,1,0,0,0,0,1,0,0,0,0
1,0,1,0,0.631545791263106,1,0,0,0,0,0,0,0,1,-1.4892755833759168,-0.554336803666008,-1.109762475828853,1,0,-1.4345357422578326,-0.5869668440260689,0,1,0,1,0,0,1,0,1,0,0
0,0,0,0,-1.0373893371192475,1,1,0,0,0,0,0,0,1,0.33084110158927976,-0.7714713216527449,-1.109762475828853,0,0,0.40926878571676645,-0.9232597768522652,1,0,0,0,0,1,0,0,0,0,1
0,0,1,0,-1.2409180113122174,1,0,1,1,0,0,1,0,0,0.8435266582476619,-0.9253325295582704,0.5079352703082123,1,0,1.002966910943932,-1.8826567814000432,1,0,0,0,0,1,0,0,0,0,0
1,0,0,0,0.7943687306174818,1,1,0,1,1,0,1,1,1,1.26495750417397,1.3450911067330762,1.0471678523539008,0,0,1.2650005672061548,-0.042737597672879456,1,0,0,0,0,1,0,0,0,1,0
0,0,1,1,0.22448844287716607,1,0,0,0,0,0,0,0,1,-1.4842980536996218,-0.6815635460935201,-1.109762475828853,1,0,-1.499072383712871,0.22140458772014593,0,1,0,1,0,0,1,0,1,0,0
1,0,1,1,1.6084834273893616,1,0,0,0,0,0,0,0,0,-1.4793205240233267,-0.41462652675992123,-1.109762475828853,1,0,-1.5262637832795276,0.5954036763828511,0,1,0,1,0,1,0,0,0,1,0
0,1,0,0,-0.9559778674420595,1,1,0,0,0,0,0,0,1,0.3192268656779245,-0.7356003570262606,-1.109762475828853,0,0,0.1413850907662042,2.0578655858940667,1,0,0,0,0,1,0,0,0,0,1
0,0,1,1,0.9978974048104517,1,0,0,0,0,0,0,0,0,-1.5075265255223318,-0.4965922294171355,-1.109762475828853,1,1,-1.4709038158999117,-0.3756323206294808,0,1,0,1,0,0,0,0,0,1,0
1,0,0,1,-0.7931549280876836,1,0,0,0,0,0,0,0,0,-0.6945300117274855,-0.719606514082709,-1.109762475828853,1,0,-0.4704792630259616,-2.5828030194555116,0,0,0,0,0,0,1,1,0,0,0
1,0,1,0,0.30589991255435406,1,1,0,1,1,0,1,1,1,1.3628489211411048,0.8246220585165093,1.0471678523539008,1,1,1.3079166914086933,0.5934259318414848,1,0,1,0,0,0,0,0,1,0,0
0,0,1,1,0.26519417771576004,1,0,0,0,0,0,0,0,1,-1.4959122896109767,-0.6338452903977383,-1.109762475828853,1,1,-1.4234638976270344,-0.7927180640888819,0,1,0,1,0,0,0,0,1,0,0
0,1,0,0,0.020959768684196134,1,1,0,1,1,1,1,1,1,1.510515634871189,0.59504788490701,1.5864004343995892,0,0,1.5165369886773519,-0.12047181706874115,1,0,0,0,0,1,0,0,1,0,1
0,0,0,0,0.631545791263106,1,1,0,0,0,0,0,0,0,-1.3582006352334823,-0.48981294619414856,-1.109762475828853,0,1,-1.3331684444203555,-0.24580591063954355,0,1,0,1,1,0,0,0,1,0,0
0,1,0,0,-0.9152721326034655,0,0,0,0,0,1,0,0,1,-1.1707136840930383,-0.8810587640437473,-0.5705298937831644,0,0,-1.184498705388674,0.19942714766724234,0,0,0,0,0,1,0,0,0,0,1
0,0,0,0,-0.8745663977648716,1,0,1,0,0,0,0,0,0,0.38061639835222955,-0.6409097861835046,-0.5705298937831644,0,0,0.3741393548125103,0.06262748101200664,1,0,0,0,0,1,0,0,0,0,0
0,0,1,0,0.590840056424512,1,1,0,0,0,0,0,0,0,-1.261968394825113,-0.46006308195346807,-1.109762475828853,1,0,-1.2680853107650039,0.11328437449782365,0,1,1,0,0,1,0,0,1,0,0
1,0,0,0,-1.2816237461508113,1,0,0,0,0,0,1,0,1,0.46523440284924406,-0.9742793932167944,-0.5705298937831644,0,0,0.46362808858390375,0.0031493650749470433,1,0,0,0,0,1,0,0,0,0,1
1,0,0,0,0.7943687306174818,1,1,1,1,1,1,1,1,1,0.8070247739548323,1.0324981379268692,2.1256330164452777,0,0,0.811691250253247,-0.08122343739685114,0,0,0,1,0,0,1,0,0,1,0
1,0,1,0,1.3642490183577978,1,1,1,1,0,1,1,1,0,0.6742906492536329,1.4212428609951722,1.5864004343995892,1,0,0.6278913021424308,0.5171685729035473,0,0,0,1,0,1,0,0,0,1,0
0,1,1,1,-0.8745663977648716,1,1,0,0,1,0,0,0,1,0.4370284013502389,-0.629435465388611,-0.5705298937831644,1,1,0.45279919979139893,-0.19802661530040253,1,0,0,0,1,0,0,0,0,0,0
1,0,1,1,0.5501343215859179,1,1,0,1,0,0,0,0,1,0.5000771105833088,0.6451794776724635,-0.5705298937831644,1,1,0.5628929025151973,-0.7473245095426514,1,0,0,0,0,0,0,0,1,0,0
0,0,1,0,0.46872285190873,1,1,0,0,0,0,1,1,1,1.034331962505636,0.905995396620259,-0.031297311737476054,1,0,1.1331391783038331,-1.1837889191396014,1,0,0,0,0,1,0,0,1,0,1
1,1,1,1,1.5677776925507676,1,1,1,1,0,0,1,1,1,1.3329837430833347,2.3030981656811265,1.0471678523539008,1,1,1.3689651345164269,-0.4630171442577624,1,0,0,0,1,0,0,0,0,1,1
0,0,1,1,-0.4268033145403377,1,0,0,1,0,1,0,0,0,-0.32453363912289235,-0.4797208093573395,-0.031297311737476054,1,0,-0.3347768580134781,0.1299777005289694,0,0,0,0,0,1,0,1,0,0,1
0,0,1,1,-0.38609757970174374,1,1,1,0,1,1,1,0,1,0.40550404673370444,-0.23691716072045785,1.0471678523539008,1,1,0.3824179618241714,0.25498062066011834,0,0,0,1,0,0,0,1,0,0,0
1,1,1,0,0.7943687306174818,1,1,1,0,1,0,1,1,1,1.303118565025565,1.434406517738836,1.0471678523539008,1,0,1.3945220599991983,-1.106649032350189,1,0,0,0,0,1,0,0,0,1,1
1,0,1,1,1.6084834273893616,1,0,0,0,0,0,0,0,0,-1.5108448786398618,-0.4107432480205404,-1.109762475828853,1,1,-1.5221966832642873,0.18248268767765552,0,1,0,1,1,0,0,0,0,1,0
0,0,1,1,0.30589991255435406,1,1,0,0,1,1,0,0,1,0.6610172367835129,0.44041879702477094,-0.031297311737476054,1,0,0.5836144324233548,0.8782211457989246,1,0,0,0,0,1,0,0,1,0,1
0,0,1,0,1.4863662228735797,1,0,0,1,0,0,1,1,1,1.0193993734767515,1.9503560438067447,0.5079352703082123,1,1,1.0854238421298545,-0.801985557266561,1,0,1,0,1,0,0,0,0,1,0
0,1,0,0,-0.1418631706701798,1,1,0,0,0,1,1,1,0,1.118949967002651,0.24722019488359623,0.5079352703082123,0,0,1.1176348856576679,-0.02206549543386728,1,0,0,0,0,1,0,0,1,0,1
1,1,0,0,1.6084834273893616,1,1,1,1,1,1,1,1,0,1.6216804643084435,2.4337255194340854,2.1256330164452777,0,1,1.456919610950098,1.862229233963836,1,0,0,1,0,0,0,0,0,1,0
0,1,1,0,0.428017117070136,1,1,1,1,0,0,1,0,1,0.9812383126251565,0.8150345285215409,0.5079352703082123,1,0,1.0499445612579281,-0.831903854982561,1,0,0,0,0,1,0,0,1,0,0
1,0,1,1,1.4049547531963917,1,1,0,0,0,0,0,0,0,-1.2818785135302928,-0.26785175406806816,-1.109762475828853,1,0,-1.3146195669539338,0.42362152444737794,0,1,0,1,0,0,1,0,0,1,0
0,0,1,1,0.9164859351332638,1,0,0,0,0,0,0,0,0,-1.457751228759382,-0.4778559579853205,-1.109762475828853,1,0,-1.4205684810652779,-0.38380825978615385,0,1,0,1,0,0,1,0,0,1,0
1,0,1,0,1.5677776925507676,1,1,0,0,0,0,0,0,1,-1.3416088696458326,-0.2119939706191208,-1.109762475828853,1,0,-1.302283630614003,-0.4126061147601546,0,1,0,1,0,1,0,0,0,1,0
0,0,0,1,-0.30468611002455576,1,0,0,0,0,0,0,0,0,-1.4892755833759168,-0.8019451870143269,-1.109762475828853,1,1,-1.5243814282894235,0.4580519906123838,0,1,0,0,1,0,0,0,1,0,0
0,0,0,0,-1.2816237461508113,1,0,0,0,0,0,0,0,0,-1.459410405318147,-0.999729129587878,-1.109762475828853,0,0,-1.4554916474211055,0.0031493650749470433,0,1,0,0,0,0,1,0,0,0,1
1,0,0,0,1.6084834273893616,1,1,0,1,1,1,1,1,0,1.4690362209020642,2.4479861475730544,1.5864004343995892,0,1,1.4718552889721674,-0.08184019764883996,1,0,0,1,0,0,0,0,0,1,0
1,0,1,0,0.7943687306174818,1,0,1,1,0,0,1,1,1,0.34743286717692967,0.6871934821126576,1.0471678523539008,1,0,0.3109448058735579,0.41280152444461743,0,0,1,0,0,0,1,0,0,1,0
0,0,0,0,-0.4268033145403377,1,0,0,0,0,0,0,0,1,-1.5158224083161567,-0.827899530227251,-1.109762475828853,0,0,-1.5282106436874396,0.19470388551929824,0,1,1,0,0,0,1,1,0,0,0
1,0,0,0,1.4456604880349857,1,1,1,1,1,0,0,1,0,0.3922306342635843,1.2873684719121097,1.0471678523539008,0,1,0.3977678309093908,-0.07750110787603684,0,0,1,0,1,0,0,0,0,1,0
1,0,1,0,-0.9152721326034655,1,0,0,0,0,0,0,0,1,0.17156015194784016,-0.7194748775152723,-1.109762475828853,1,0,0.03397688561795471,1.5945388376614897,1,0,0,0,0,1,0,0,0,0,1
0,0,1,1,-0.9152721326034655,1,1,1,0,0,0,1,1,1,1.1720436168831305,-0.5417655114758089,0.5079352703082123,1,0,1.374051873690418,-2.388745573770371,1,0,0,0,0,1,0,0,0,0,1
0,0,1,1,0.9164859351332638,1,0,0,1,1,1,1,1,1,1.2865267994379153,1.4731954262768323,1.5864004343995892,1,1,1.254437772903209,0.3302790027287748,1,0,1,0,0,0,0,0,0,1,0
1,0,0,0,0.9571916699718578,1,1,0,0,0,0,0,0,0,-1.3283354571757127,-0.42357781334561273,-1.109762475828853,0,0,-1.3604810398011533,0.4182466363835803,0,1,1,0,0,1,0,0,0,1,1
0,1,1,1,0.5501343215859179,1,1,1,1,0,1,1,1,1,1.5022197520773641,1.172778839958515,1.5864004343995892,1,0,1.4277915421600338,0.8155352427267696,1,0,0,0,0,1,0,0,1,0,0
1,0,0,0,-1.2816237461508113,1,0,1,0,0,0,0,1,1,0.6527213539896879,-0.9718002378634042,-0.031297311737476054,0,0,0.6505768214878397,0.0031493650749470433,1,0,0,0,0,0,1,0,0,0,1
1,0,0,0,0.428017117070136,1,1,0,0,0,0,0,0,1,0.3457736906181643,0.3782643977667709,-1.109762475828853,0,1,0.28398955515552793,0.7070822242123797,1,0,0,0,1,0,0,0,1,0,0
1,1,1,0,0.26519417771576004,1,1,0,1,1,0,1,1,1,1.3512346852297499,0.8711994639611738,1.0471678523539008,1,0,1.486607143264735,-1.6196702099528495,1,0,0,0,0,1,0,0,1,0,1
1,0,1,0,0.7129572609402939,0,0,1,0,0,1,1,0,1,-0.6795974226986006,-0.04865492985815732,0.5079352703082123,1,1,-0.7004503843883763,0.26523793359524817,0,0,1,0,0,0,0,0,0,1,0
0,0,0,0,-1.0780950719578415,1,0,0,0,0,0,0,0,0,-1.5008898192872717,-0.9520766921758143,-1.109762475828853,0,1,-1.434260006663579,-0.72487443637033,0,1,0,0,1,0,0,0,0,0,0
1,0,1,1,0.5094285867473239,1,1,0,0,0,0,0,0,0,-1.3432680462045974,-0.5314101015041266,-1.109762475828853,1,0,-1.3485062368507112,0.10577827100555828,0,1,0,1,0,0,1,0,1,0,0
0,0,0,0,-0.4268033145403377,0,0,0,0,1,0,1,1,1,-0.47551870597050655,-0.5379699904480525,0.5079352703082123,0,0,-0.5344344951252847,0.7011425491598475,0,0,0,0,0,1,0,1,0,0,0
0,0,1,1,1.6084834273893616,1,1,0,0,0,0,0,0,0,-1.3216987509406526,-0.19371842717333404,-1.109762475828853,1,1,-1.2948986417345751,-0.26758782687221266,0,1,0,1,0,0,0,0,0,1,0
0,0,0,0,-1.0373893371192475,1,0,0,0,1,1,1,1,1,1.1770211465594258,-0.6951879308232123,1.0471678523539008,0,0,1.2310396381908326,-0.667603841542975,1,0,0,0,0,1,0,0,0,0,0
1,0,0,0,-1.2816237461508113,1,0,0,0,0,0,0,0,1,-1.4992306427285067,-1.0002556758576244,-1.109762475828853,0,0,-1.495197572993623,0.0031493650749470433,0,1,0,0,0,0,1,0,0,0,0
0,0,0,0,1.6084834273893616,1,1,1,1,1,1,1,1,1,1.7096168219229881,2.507332300059073,2.1256330164452777,0,1,1.5340106875101651,1.985437373635743,1,0,0,1,0,0,0,0,0,1,0
1,1,1,0,-0.9152721326034655,1,0,0,1,1,1,1,0,1,0.9148712502745568,-0.5990493577386533,1.0471678523539008,1,0,0.9420844917327386,-0.3470717764132637,1,0,0,0,0,0,1,0,0,0,1
1,1,1,0,-1.2816237461508113,0,0,0,1,0,0,1,0,0,-0.8206274301936248,-0.9912824498440269,-0.031297311737476054,1,0,-0.818542424695305,0.0031493650749470433,0,0,0,0,0,1,0,0,0,0,1
0,0,1,0,0.631545791263106,1,1,0,0,1,1,0,1,1,0.15330920980142534,0.49858022040385935,0.5079352703082123,1,0,0.21960208766947367,-0.776188889335637,0,0,1,0,0,0,1,0,1,0,0
1,0,0,0,-0.2639803751859618,1,0,0,0,0,0,0,0,1,-1.5042081724048018,-0.8018793687306087,-1.109762475828853,0,1,-1.5482024383812942,0.5619341533750317,0,1,1,0,0,0,0,0,1,0,0
0,0,1,0,1.4456604880349857,1,1,0,1,1,1,0,0,0,0.8385491285713673,1.7544150131773064,0.5079352703082123,1,1,0.9156965953626697,-0.9253215182660526,1,0,0,1,1,0,0,0,0,1,0
0,0,1,0,0.7129572609402939,1,1,0,0,1,0,1,1,0,0.35738792652951956,0.6919104591124706,0.5079352703082123,1,1,0.41644421369522877,-0.6988323514904355,0,0,1,0,0,0,0,0,0,1,0
0,0,1,0,1.6084834273893616,1,1,1,1,1,1,1,1,1,1.679751643865218,2.6384642606538713,2.1256330164452777,1,1,1.671349991414642,0.041635204798929674,1,0,0,1,1,0,0,0,0,1,0
0,1,0,0,-0.6303319887333076,1,0,0,0,0,0,0,0,0,-1.469365464670737,-0.8638582525653599,-1.109762475828853,0,0,-1.505221372831783,0.4661113782251679,0,1,1,0,0,0,1,1,0,0,0
1,1,1,0,1.3642490183577978,1,1,0,1,1,1,1,1,1,1.4076466882277594,2.0853932225688308,1.5864004343995892,1,1,1.3867156575283193,0.19645324187038798,1,0,1,0,0,0,0,0,0,1,0
1,0,1,0,-0.6303319887333076,1,1,1,1,1,0,0,0,0,0.8385491285713673,-0.37085736808723857,0.5079352703082123,1,1,0.6816214054526271,1.797268658089865,1,0,0,0,1,0,0,1,0,0,1
1,0,1,0,-0.5082147842175256,1,0,1,0,0,1,0,1,1,-0.025881858545193533,-0.4497076719817857,0.5079352703082123,1,0,-0.040223562795687236,0.16767632989495954,0,0,1,0,0,0,1,1,0,0,0
0,1,0,0,-0.1825689055087738,1,1,0,0,1,1,1,1,1,1.273253386967795,0.25946239565520374,1.0471678523539008,0,0,1.2672594780360011,0.027203014902434135,1,0,0,0,0,1,0,0,1,0,1
1,0,0,0,0.5094285867473239,1,0,1,0,0,0,0,0,1,-0.4655636466179167,-0.0003443096089104555,-0.5705298937831644,0,1,-0.4585787975837141,-0.06569752598683942,0,0,0,0,0,0,0,0,1,0,0
1,0,1,1,0.387311382231542,1,0,1,1,0,0,0,0,0,-0.3461029343868372,0.0007965406422070473,-0.031297311737476054,1,0,-0.3358081807556213,-0.10818467126942327,0,0,0,0,0,0,1,0,1,0,0
0,0,0,0,-1.2816237461508113,1,0,0,0,0,0,0,0,1,-0.6513914211995958,-0.9890446281976039,-1.109762475828853,0,0,-0.6497922410121061,0.0031493650749470433,0,0,0,0,0,1,0,0,0,0,1
0,0,1,0,-0.3453918448631497,1,1,0,0,0,0,0,0,1,0.34743286717692967,-0.24198516856676855,-1.109762475828853,1,1,0.261031360706076,0.9933579496398341,1,0,0,0,1,0,0,1,0,0,1
1,0,1,1,-0.9966836022806536,1,0,0,0,0,0,0,0,1,-0.7127809538739004,-0.85732030304934,-1.109762475828853,1,0,-0.719691214155392,0.10417469435039393,0,0,1,0,0,0,1,0,0,0,0
0,0,1,1,-0.8338606629262776,0,0,1,0,0,1,0,0,0,-1.0545713249794888,-0.8137705386557185,-0.031297311737476054,1,1,-0.922356875931783,-1.5026091141257456,0,0,1,0,1,0,0,0,0,0,0
1,0,0,0,-0.9559778674420595,1,0,0,0,0,0,0,0,0,-1.5008898192872717,-0.9296326574278674,-1.109762475828853,0,1,-1.4843519729529817,-0.14224158499341888,0,1,0,0,1,0,0,0,0,0,0
0,0,1,0,0.428017117070136,1,1,0,1,0,0,0,0,0,0.5150096996121938,0.48247668032077723,-0.5705298937831644,1,0,0.46674454204453725,0.5441886700318211,1,0,0,0,0,1,0,0,1,0,0
0,0,1,1,0.7943687306174818,1,0,0,0,0,0,0,0,1,-1.477661347464562,-0.5303570089646334,-1.109762475828853,1,0,-1.4546962562838355,-0.21777415718674312,0,1,1,0,0,1,0,0,0,1,0
0,0,1,0,-0.019745966154397852,1,0,1,0,0,0,0,0,1,0.3507512202944595,0.01113001118598313,-0.5705298937831644,1,1,0.2550685784803418,1.101198479699735,1,0,0,0,0,0,0,0,1,0,0
1,1,0,0,-1.2816237461508113,1,0,0,0,0,0,0,0,0,0.13837662077254032,-0.9786014605142973,-1.109762475828853,0,0,0.1377086161761562,0.0031493650749470433,1,0,0,0,0,1,0,0,0,0,1
0,0,1,1,1.6084834273893616,1,1,1,1,1,1,1,1,1,1.7477778827745827,2.636928500700444,2.1256330164452777,1,1,1.6697415337814963,0.8493033134507687,1,0,0,1,0,0,0,0,0,1,0
1,0,0,0,-1.0780950719578415,1,0,0,1,0,0,1,0,1,0.6776090023711627,-0.7941566901076591,-0.031297311737476054,0,0,0.5504848007737856,1.4559898146551642,1,0,0,0,0,1,0,0,0,0,1
0,0,1,1,1.2014260790034217,0,0,1,1,0,1,1,0,0,-0.5385674152035762,0.3111955666578031,1.0471678523539008,1,1,-0.5430825660359653,0.07049958459190982,0,0,0,1,0,0,0,0,0,1,0
0,0,0,0,-0.5082147842175256,1,0,0,0,0,0,0,0,1,-1.5125040551986266,-0.8185972127950619,-1.109762475828853,0,1,-1.4310890473296625,-0.8964571384730697,0,1,1,0,1,0,0,1,0,0,0
1,0,1,1,0.06166550352279012,1,1,0,0,1,0,0,1,1,0.8335715988950722,0.3500064146237056,-0.031297311737476054,1,1,0.8652613112255201,-0.3964242061769593,1,0,0,0,1,0,0,0,1,0,0
1,0,1,1,-0.5082147842175256,1,0,0,0,0,0,0,0,1,0.18317438785919538,-0.3634857203107868,-1.109762475828853,1,0,0.2848687028292991,-1.188949520375312,1,0,0,0,0,1,0,1,0,0,1
0,0,1,0,0.7536629957788878,0,0,0,1,0,0,1,1,1,-0.5070430605870415,0.1114590150006086,0.5079352703082123,1,0,-0.49210392058072766,-0.15683098828747635,0,0,0,0,0,1,0,0,0,1,0
0,0,0,0,1.6084834273893616,1,0,0,0,0,0,0,0,0,-1.4826388771408567,-0.3213839581589682,-1.109762475828853,0,1,-1.4286074269813802,-0.5789489607502417,0,1,0,1,1,0,0,0,0,1,0
0,0,0,0,-1.0373893371192475,1,1,0,1,0,0,0,0,1,0.4519609903791239,-0.7794572734105677,-0.5705298937831644,0,1,0.323239280309646,1.4821052058964332,1,0,0,0,0,0,0,0,0,0,0
1,0,0,0,-1.2816237461508113,1,0,0,0,0,0,0,0,0,-1.4842980536996218,-1.0000582210064695,-1.109762475828853,0,0,-1.480307850903929,0.0031493650749470433,0,1,0,0,0,0,1,0,0,0,0
0,0,1,1,-0.9966836022806536,1,0,1,1,0,0,0,0,0,-0.34112540471054226,-0.7973159677261384,-0.031297311737476054,1,0,-0.1540885764427087,-2.1640844843816405,0,0,0,0,0,0,1,0,0,0,0
1,0,0,0,-1.2002122764736234,1,0,0,0,1,0,0,0,1,-0.5236348261746914,-0.9347445441299901,-0.5705298937831644,0,0,-0.28416684303184125,-2.767831095051567,0,0,0,0,0,1,0,0,0,0,1
1,0,0,0,-0.06045170099299184,1,1,0,1,0,0,0,0,1,0.5150096996121938,0.056939536653933726,-0.5705298937831644,0,0,0.4440419666953097,0.8082483025265802,1,0,0,0,0,1,0,0,1,0,0
0,0,0,0,-0.9559778674420595,1,1,0,0,0,0,0,0,1,0.3258635719129846,-0.6988737547114383,-1.109762475828853,0,0,0.4491060139532147,-1.4443458289880575,1,0,0,0,0,1,0,0,0,0,1
0,1,0,0,-0.5896262538947137,1,0,0,0,1,0,0,1,1,0.6643355899010431,-0.37546464794752094,-0.031297311737476054,0,0,0.505080339586694,1.8301577008605217,1,0,0,0,0,1,0,1,0,0,0
1,0,0,0,0.7943687306174818,1,0,0,1,0,0,0,1,1,0.6776090023711627,0.8948062883881446,-0.031297311737476054,0,0,0.6120162591529916,0.740301218249621,1,0,0,0,0,1,0,0,0,1,1
1,1,1,0,-0.9559778674420595,1,0,0,0,0,0,0,0,0,-1.4959122896109767,-0.928557625460468,-1.109762475828853,1,1,-1.4753446102073642,-0.1892798335449497,0,1,1,0,1,0,0,0,0,0,0
1,0,0,0,1.4863662228735797,1,0,0,0,0,0,0,0,1,-1.5141632317573919,-0.3735997965755019,-1.109762475828853,0,1,-1.4543647280358951,-0.6449744865085894,0,1,0,1,0,0,0,0,0,1,0
0,0,0,0,-1.2816237461508113,1,0,1,0,0,0,0,0,0,-0.49045129499939155,-0.9869165036907116,-0.5705298937831644,0,0,-0.4893141251565148,0.0031493650749470433,0,0,0,0,0,1,0,0,0,0,0
0,0,1,1,0.020959768684196134,1,1,0,0,0,0,0,0,1,-1.3416088696458326,-0.6840865803027224,-1.109762475828853,1,0,-1.406410711643966,0.7985233860371869,0,1,0,1,0,0,1,0,1,0,1
1,0,0,0,-0.6710377235719016,1,0,0,0,0,0,0,0,1,-1.4710246412295018,-0.8640118285607025,-1.109762475828853,0,1,-1.4657283313577703,-0.012485507312919022,0,1,0,0,1,0,0,1,0,0,0
0,0,1,0,1.3235432835192036,1,0,1,0,1,0,0,0,1,-0.32453363912289235,0.6028144423857719,-0.031297311737476054,1,0,-0.2788727196221724,-0.520258055171172,0,0,0,0,0,0,1,0,0,1,0
1,0,1,1,-1.2409180113122174,1,0,0,0,0,0,0,0,0,-1.4842980536996218,-0.9936738474857925,-1.109762475828853,1,0,-1.573782217355897,1.0903743372773633,0,1,1,0,0,0,1,0,0,0,0
0,1,0,0,-0.7931549280876836,1,0,0,0,1,0,1,1,1,1.059219610887111,-0.4667765468927366,0.5079352703082123,0,0,0.9960947315179193,0.6988549293161117,1,0,0,0,0,1,0,1,0,0,0
0,0,1,0,1.4863662228735797,1,1,0,0,1,1,1,1,0,1.3412796258771595,2.1681926234864766,1.0471678523539008,1,1,1.3234915565075869,0.1621126161087767,1,0,0,1,0,0,0,0,0,1,0
1,0,1,0,-0.9559778674420595,1,0,0,1,1,0,0,0,1,0.49675875746577897,-0.6834722763213513,-0.031297311737476054,1,0,0.578150272063896,-0.9632728324383102,1,0,0,0,0,1,0,0,0,0,1
0,0,1,0,0.18378270803857208,1,1,0,1,0,1,0,1,0,0.23792721429843983,0.15755375303133862,0.5079352703082123,1,0,0.22865664839969294,0.09988404330008223,0,0,1,0,0,0,1,0,1,0,0
1,0,1,0,0.18378270803857208,1,1,1,0,0,0,0,0,1,-0.3278519922404224,-0.11785188547401743,-0.5705298937831644,1,0,-0.33263668911360805,0.06659899272799233,0,0,0,0,0,0,1,0,1,0,0
1,0,1,1,0.8757802002946699,1,0,0,1,0,1,0,0,1,0.4984179340245439,0.9050958800761085,-0.031297311737476054,1,1,0.5241367328784424,-0.3157842141191433,1,0,0,1,0,0,0,0,0,1,0
0,0,0,1,0.1023712383613841,1,1,0,0,0,0,0,0,0,-0.49045129499939155,-0.28257311019306575,-1.109762475828853,1,0,-0.5837575052682884,1.1016451903393867,0,0,0,0,0,0,1,0,1,0,0
1,0,1,1,-0.9966836022806536,1,0,0,0,0,0,0,0,0,-1.5025489958460367,-0.9344373921393047,-1.109762475828853,1,1,-1.4465991745064273,-0.6005972455949796,0,1,0,0,1,0,0,0,0,0,0
0,0,0,0,0.8757802002946699,1,0,0,0,0,0,0,0,1,-1.4743429943470319,-0.5544684402334447,-1.109762475828853,0,0,-1.514070142555869,0.5113049895785999,0,1,0,1,0,0,1,0,0,1,0
1,1,0,0,-0.6710377235719016,1,1,0,0,0,0,0,0,1,0.31590851256039476,-0.45545580209318565,-1.109762475828853,0,1,0.4598022572136348,-1.6842141703232691,1,0,0,0,0,0,0,1,0,0,0
0,0,0,0,-0.8745663977648716,1,0,0,0,1,1,0,1,0,-0.0009942101637186523,-0.7029764277298801,0.5079352703082123,0,1,-0.05134573399298922,0.5856850299879106,0,0,1,0,1,0,0,0,0,0,0
1,0,1,1,0.06166550352279012,0,0,1,0,0,0,0,0,0,-1.1458260357115635,-0.5970528697991975,-0.5705298937831644,1,1,-1.2352113470941615,1.077923036190194,0,0,1,0,0,0,0,0,1,0,0
1,0,0,0,-0.9559778674420595,1,0,0,0,0,0,0,0,0,-0.6630056571109506,-0.8198038813298978,-1.109762475828853,0,0,-0.5641303830639898,-1.127906702368666,0,0,0,0,0,0,1,0,0,0,1
0,0,1,0,1.6084834273893616,1,1,0,0,0,0,0,0,0,-1.3250171040581826,-0.19751394820109044,-1.109762475828853,1,1,-1.2988738298850644,-0.2598372063722453,0,1,0,1,1,0,0,0,0,1,0
1,0,0,0,-0.6303319887333076,1,0,0,0,0,1,0,0,0,-0.4456535279127367,-0.6137926532915569,-0.5705298937831644,0,0,-0.39598573637209267,-0.5628188661600428,0,0,0,0,0,0,1,1,0,0,1
1,0,0,0,-1.2409180113122174,1,0,0,0,0,0,0,0,0,-0.6646648336697157,-0.9601942805010737,-1.109762475828853,0,1,-0.3114646668629471,-4.085971105597859,0,0,0,0,0,0,0,0,0,0,0
1,0,0,0,0.346605647392948,1,1,0,1,0,0,1,0,1,0.8053655973960674,0.5907916358932254,-0.031297311737476054,0,0,0.7935423644791298,0.1106281125967925,1,0,0,0,0,1,0,0,1,0,0
0,0,0,0,0.18378270803857208,1,0,0,0,0,0,1,1,1,-0.005971739840013817,0.02012517662748683,-0.031297311737476054,0,0,-0.05143109685509242,0.5289491483309379,0,0,0,0,0,1,0,0,1,0,1
0,1,0,0,0.6722515261016999,1,0,0,1,1,0,0,1,1,0.8269348926600121,0.8722525565006668,0.5079352703082123,0,1,0.7463302270351692,0.9099228744899294,1,0,1,0,0,0,0,0,0,1,0
0,0,1,0,0.8350744654560759,1,1,1,1,1,0,0,1,0,0.3042942766490395,0.6733716425318105,1.0471678523539008,1,1,0.2448709137315434,0.6810084477605061,0,0,1,0,0,0,0,0,0,1,0
0,0,1,1,-1.2409180113122174,0,0,0,0,0,1,0,0,0,-1.1906238027982183,-0.9892859619045712,-0.5705298937831644,1,1,-1.408340860803741,2.572079166650569,0,0,0,0,0,0,0,0,0,0,0
0,1,0,0,0.8757802002946699,1,1,0,1,0,0,0,0,1,0.48348534499565887,0.9086939462527098,-0.5705298937831644,0,0,0.5291612481515077,-0.5474119531986471,1,0,0,0,0,1,0,0,0,1,1
0,0,0,1,-1.2816237461508113,1,0,1,0,0,0,0,0,0,-0.49874717779321653,-0.9870262008302422,-0.5705298937831644,1,0,-0.49758619298412254,0.0031493650749470433,0,0,0,0,0,0,1,0,0,0,0
1,0,0,1,-0.22327464034736777,1,0,0,0,0,0,0,0,0,-1.4892755833759168,-0.7663155560948098,-1.109762475828853,1,1,-1.4711166644288094,-0.16148450485540883,0,1,1,0,1,0,0,0,1,0,0
0,0,0,0,-0.8338606629262776,1,0,0,0,0,0,0,0,0,-1.477661347464562,-0.8919407202851762,-1.109762475828853,0,0,-1.4135798370945594,-0.6960100565773458,0,1,0,0,0,0,1,0,0,0,0
1,1,1,0,-0.8745663977648716,1,0,0,0,0,0,0,0,1,0.17487850506537042,-0.6426649404159931,-1.109762475828853,1,0,0.36210725615417183,-2.183546073787518,1,0,0,0,0,1,0,0,0,0,0
0,0,0,1,-0.30468611002455576,0,0,1,0,0,1,0,0,0,-0.9915226157464192,-0.6383867519743024,-0.031297311737476054,1,1,-1.0310353030508943,0.4926892463639638,0,0,0,1,0,0,0,0,1,0,0
1,0,0,0,-1.2002122764736234,1,0,0,0,0,0,0,0,1,-1.5091857020810966,-0.9785356422305789,-1.109762475828853,0,0,-1.3849033352921858,-1.3951694782296358,0,1,1,0,0,0,1,0,0,0,0
1,0,0,0,-1.2409180113122174,1,0,0,0,0,0,0,1,1,0.5067138168183688,-0.9294571420046185,-0.5705298937831644,0,0,0.8474520357849054,-3.9801350463569136,1,0,0,0,0,1,0,0,0,0,1
0,0,1,1,-0.7931549280876836,1,0,0,0,0,0,0,0,0,-1.5058673489635668,-0.892511145410735,-1.109762475828853,1,0,-1.4734356714779162,-0.32694072178841416,0,1,0,1,0,0,1,1,0,0,0
0,1,1,0,-0.30468611002455576,1,0,0,1,1,0,1,1,1,1.113972437326356,0.09441207951756382,1.0471678523539008,1,0,1.1793273970285303,-0.7973561011838228,1,0,0,0,0,1,0,0,1,0,1
1,0,0,0,-0.9152721326034655,1,1,0,1,0,0,0,0,1,0.5233055824060188,-0.662805335233799,-0.5705298937831644,0,1,0.46131190959217333,0.703591648051374,1,0,0,0,0,0,0,0,0,0,1
1,0,1,0,1.4049547531963917,1,1,1,1,1,0,1,1,0,1.4922646927247742,2.2084514736941823,1.5864004343995892,1,1,1.4724499724552962,0.18064376021987166,1,0,1,0,1,0,0,0,0,1,0
0,0,1,1,1.6084834273893616,1,1,1,1,1,1,1,1,0,0.8634367769528422,1.9100971935990392,2.1256330164452777,1,1,0.9085044919458883,-0.5530244714917223,0,0,0,1,1,0,0,0,0,1,0
0,0,0,0,-0.9559778674420595,1,0,0,0,0,0,0,0,0,-1.4859572302583868,-0.9044242547637508,-1.109762475828853,0,1,-1.2731385077547293,-2.4257347419495283,0,1,0,0,0,0,0,0,0,0,0
1,1,0,0,0.7129572609402939,1,1,1,1,0,0,1,0,1,0.17985603474166512,0.5069172030081799,0.5079352703082123,0,1,0.13744391000567288,0.4873012288026055,0,0,0,0,0,0,0,0,0,1,0
0,0,1,0,-0.6710377235719016,1,1,0,1,0,0,1,1,1,1.1637477340893057,-0.3354910103025948,0.5079352703082123,1,0,1.025198093230628,1.57265001631848,1,0,0,0,0,1,0,1,0,0,1
0,0,0,0,-0.8338606629262776,1,0,1,0,0,0,1,0,1,0.6709722961361032,-0.5793258120510635,-0.031297311737476054,0,1,0.5508984041651657,1.3742074052417168,1,0,1,0,1,0,0,0,0,0,0
0,0,0,0,-0.9559778674420595,1,1,0,0,0,0,0,0,1,0.34079616094186965,-0.7307956223148233,-1.109762475828853,0,1,0.1816424875272289,1.8397791607915186,1,0,0,0,1,0,0,0,0,0,0
1,0,0,0,0.1023712383613841,1,0,0,0,0,0,0,0,0,-1.5158224083161567,-0.7114669863295434,-1.109762475828853,0,0,-1.5078183850506017,-0.04248384488348552,0,1,0,1,0,0,1,0,1,0,0
0,0,1,1,-0.5082147842175256,1,1,1,0,0,0,1,1,0,0.3673429858821094,-0.31179642816399966,0.5079352703082123,1,1,0.47975862084773885,-1.3198013754368432,0,0,1,0,0,0,0,1,0,0,0
1,0,1,0,-0.7931549280876836,0,0,1,0,0,1,1,1,1,-0.3477621109456021,-0.6987640575719077,1.0471678523539008,1,0,-0.34957981016092454,0.032753857170317036,0,0,0,0,0,1,0,1,0,0,1
1,0,1,1,-0.9559778674420595,1,0,0,0,1,1,1,1,0,1.266616680732735,-0.5830993936509137,1.0471678523539008,1,0,1.4191438345373557,-1.8163756129865252,1,0,0,0,0,1,0,0,0,0,0
1,0,1,1,1.3235432835192036,1,0,0,0,0,0,0,0,0,-1.4942531130522119,-0.441743659651869,-1.109762475828853,1,0,-1.4906924775921258,0.008478173652112985,0,1,0,1,0,0,1,0,0,1,0
0,0,0,0,0.346605647392948,1,1,0,0,0,0,0,0,1,-1.3299946337344775,-0.5866974598275152,-1.109762475828853,0,0,-1.3721253443389705,0.5344416890693945,0,1,1,0,0,0,1,0,1,0,0
0,0,1,0,1.0386031396490458,1,1,0,0,1,1,1,1,1,1.233433149557435,1.5735244300914577,1.0471678523539008,1,1,1.208855826735908,0.2446811867909556,1,0,0,0,1,0,0,0,0,1,1
1,0,0,0,-0.8338606629262776,1,1,0,0,1,0,1,1,0,0.3258635719129846,-0.6460216728856275,0.5079352703082123,0,1,0.13178030089970416,2.24655310565191,0,0,0,0,0,0,0,0,0,0,0
0,0,1,1,-0.4675090493789317,1,0,0,0,0,0,0,0,1,-0.6630056571109506,-0.602493847919912,-1.109762475828853,1,0,-0.6892618217895491,0.32753001417706096,0,0,0,0,0,1,0,1,0,0,0
0,0,0,0,-1.2816237461508113,1,1,0,1,0,0,0,0,1,0.5067138168183688,-0.9737309075191416,-0.5705298937831644,0,0,0.5049884277219427,0.0031493650749470433,1,0,0,0,0,0,1,0,0,0,1
1,0,0,0,-1.2816237461508113,1,0,0,0,0,0,0,0,1,-1.4892755833759168,-1.0001240392901878,-1.109762475828853,0,0,-1.4852710916004936,0.0031493650749470433,0,1,0,0,0,0,1,0,0,0,0
1,0,0,0,-0.7931549280876836,1,0,0,0,0,0,0,0,0,-1.4909347599346818,-0.8911289614526502,-1.109762475828853,0,1,-1.465418128814235,-0.2470085931309182,0,1,0,1,1,0,0,1,0,0,0
1,0,0,0,-1.2816237461508113,1,0,0,0,0,0,0,0,1,-0.6928708351687206,-0.9895931138952565,-1.109762475828853,0,1,-0.6911525801501451,0.0031493650749470433,0,0,0,0,0,0,0,0,0,0,0
1,0,1,1,-0.8745663977648716,1,1,1,0,0,0,1,0,1,0.007301672630106309,-0.6915240463628926,-0.031297311737476054,1,1,0.02716370975267055,-0.2312643859711091,0,0,0,0,0,0,0,0,0,0,0
1,0,1,1,1.3642490183577978,1,0,1,1,1,0,1,1,1,1.2682758572915003,2.0763322388436087,1.5864004343995892,1,1,1.376363039307707,-1.299537997703381,1,0,1,0,0,0,0,0,0,1,0
0,0,1,0,1.0386031396490458,1,1,1,1,1,0,1,1,1,1.517152341106249,1.8548975929872744,1.5864004343995892,1,1,1.574680895318908,-0.7197872276711772,1,0,1,0,1,0,0,0,0,1,0
1,0,0,1,-1.2816237461508113,1,0,0,0,0,0,1,1,1,0.8601184238353119,-0.9690578093751409,-0.031297311737476054,1,0,0.8573785171780346,0.0031493650749470433,1,0,0,0,0,1,0,0,0,0,1
0,0,1,1,-0.06045170099299184,1,0,0,0,0,0,0,0,0,-1.457751228759382,-0.7027789728787251,-1.109762475828853,1,0,-1.4039913541718054,-0.5766211881862908,0,1,0,1,0,0,1,0,1,0,0
0,0,0,0,-1.2816237461508113,1,0,0,0,0,0,0,0,0,-1.4942531130522119,-1.000189857573906,-1.109762475828853,0,0,-1.4902343322970584,0.0031493650749470433,0,1,0,0,0,0,1,0,0,0,0
0,0,1,1,-0.7117434584104956,1,0,0,0,0,0,0,0,0,-1.4892755833759168,-0.8841741628064145,-1.109762475828853,1,0,-1.5215578958042666,0.42521074071458753,0,1,0,0,0,0,1,1,0,0,0
0,0,1,1,-1.0780950719578415,1,0,0,0,0,1,0,0,1,-0.5352490620860464,-0.8784479721229207,-0.5705298937831644,1,0,-0.5088913523485197,-0.2887015861652322,0,0,0,0,0,0,1,0,0,0,0
1,0,0,0,1.2421318138420157,1,1,0,0,0,0,0,0,0,-1.3167212212643575,-0.3247187512006965,-1.109762475828853,0,0,-1.3297299559086808,0.1952731205224316,0,1,0,1,0,0,1,0,0,1,0
0,1,1,1,1.5677776925507676,1,1,1,1,0,0,1,0,0,0.14169497389007057,1.177342240962985,0.5079352703082123,1,0,0.1733134602341417,-0.3724941127943175,0,0,1,0,0,1,0,0,0,1,0
1,0,0,0,-1.2816237461508113,1,0,0,0,0,0,0,0,1,-0.6596873039934208,-0.9891543253371344,-1.109762475828853,0,0,-0.6580643088397139,0.0031493650749470433,0,0,0,0,0,0,1,0,0,0,1
1,0,1,0,-0.6303319887333076,1,0,0,0,0,0,0,0,1,0.1815152113004305,-0.4762105008923625,-1.109762475828853,1,1,0.21429823241530127,-0.38736871447719123,1,0,0,0,0,0,0,1,0,0,1
1,0,0,0,-1.2002122764736234,1,0,0,0,0,0,0,0,0,-0.6464138915233006,-0.9467454111946305,-1.109762475828853,0,0,-0.5858215831452726,-0.6831814433360146,0,0,0,0,0,0,1,0,0,0,0
1,0,0,0,-1.2816237461508113,1,0,0,0,0,0,0,0,1,-1.4826388771408567,-1.0000362815785633,-1.109762475828853,0,0,-1.4786534373384075,0.0031493650749470433,0,1,0,0,0,0,1,0,0,0,0
1,0,0,1,1.2014260790034217,1,1,0,0,0,0,0,0,1,-1.3449272227633626,-0.38891351725396434,-1.109762475828853,1,0,-1.3945985545740056,0.622647236760937,0,1,0,1,0,0,1,0,0,1,0
0,0,0,0,0.8350744654560759,1,0,1,1,1,1,0,1,0,1.1471559685016557,1.3711770865134367,1.5864004343995892,0,0,1.2377063451462365,-1.0915186233005048,1,0,0,1,0,0,1,0,0,1,0
0,0,1,1,-0.6710377235719016,1,0,0,1,0,0,0,0,0,0.27608827515003487,-0.4842403315059975,-0.5705298937831644,1,1,0.3241403448408671,-0.5681248183278714,1,0,0,0,0,0,0,1,0,0,0
1,1,1,0,1.6084834273893616,0,0,1,1,1,1,1,1,1,0.0006649663950462456,0.9858110353426746,2.1256330164452777,1,1,-0.05953424557991411,0.7001706845203531,0,0,0,1,1,0,0,0,0,1,0
0,0,0,0,-0.9152721326034655,0,0,0,1,0,1,0,0,0,-0.9517023783360593,-0.8448148291428592,-0.031297311737476054,0,0,-0.9111895843645125,-0.439437791750815,0,0,0,0,0,1,0,0,0,0,0
1,0,1,1,-0.5489205190561197,1,0,0,0,0,0,0,0,0,-1.4842980536996218,-0.8389350624640226,-1.109762475828853,1,0,-1.474038494234584,-0.06977117334943476,0,1,0,1,0,0,1,1,0,0,0
0,0,1,1,0.1023712383613841,1,0,0,0,0,0,0,0,1,-1.4959122896109767,-0.6845034294329384,-1.109762475828853,1,0,-1.4497248344212874,-0.4872701925506183,0,1,0,1,0,0,1,0,1,0,0
0,1,0,0,-0.7931549280876836,1,1,0,0,0,0,1,1,1,0.9994892547715714,-0.44288450990298656,-0.031297311737476054,0,0,1.1346836832758407,-1.6058547803083427,1,0,0,0,0,1,0,1,0,0,1
0,1,0,0,-1.2409180113122174,0,0,0,0,0,0,0,0,0,-1.3465863993221274,-0.9905584487231254,-1.109762475828853,0,0,-1.4563188542038665,1.32128937562124,0,0,0,0,0,1,0,0,0,0,1
0,1,0,0,-0.7117434584104956,1,1,0,1,0,0,1,0,0,0.7987288911610074,-0.44363045045179417,-0.031297311737476054,0,1,0.6931503972405948,1.201341841814836,1,0,0,0,1,0,0,1,0,0,0
0,0,1,0,-0.9152721326034655,1,0,0,0,0,0,0,0,1,-1.472683817788267,-0.8980179418151677,-1.109762475828853,1,0,-1.3123848740034907,-1.8153065618830764,0,1,0,0,0,0,1,0,0,0,0
0,0,1,0,-0.8338606629262776,1,0,0,0,0,0,0,0,0,-0.6314813024944159,-0.7869166788986439,-1.109762475828853,1,1,-0.7536066922485838,1.441557624758674,0,0,0,0,0,0,0,0,0,0,0
0,1,1,0,-0.06045170099299184,1,1,0,0,1,0,1,0,1,0.8551408941590172,0.23526320667476813,-0.031297311737476054,1,0,0.8778185299391561,-0.2923225657091517,1,0,1,0,0,1,0,0,1,0,0
1,1,1,0,0.46872285190873,1,1,0,1,0,0,0,1,0,0.7788187724558276,0.708013999195553,-0.031297311737476054,1,0,0.7938339961386842,-0.20065064982703512,1,0,1,0,0,0,1,0,1,0,1
0,0,0,0,-0.5896262538947137,1,1,0,0,0,0,1,0,1,0.6726314726948681,-0.3270882094145559,-0.5705298937831644,0,0,0.7077460013630851,-0.4308853829232654,1,0,0,0,0,1,0,1,0,0,1
0,0,1,1,0.428017117070136,1,0,1,0,1,0,1,1,0,0.34079616094186965,0.419049794244223,1.0471678523539008,1,1,0.3555140858137736,-0.182567187081461,0,0,0,1,0,0,0,0,1,0,0
0,0,0,0,-0.7117434584104956,1,0,0,1,1,0,1,1,1,1.2052271480584305,-0.36949712355706,1.0471678523539008,0,0,1.0658346264337515,1.5810687937580983,1,0,0,0,0,1,0,1,0,0,1
0,0,1,0,-0.7117434584104956,1,0,0,1,0,0,0,0,0,0.3457736906181643,-0.5198699624255145,-0.5705298937831644,1,1,0.3098779212280998,0.4059678208525976,1,0,0,0,0,0,0,1,0,0,0
0,1,1,0,-1.2816237461508113,0,0,0,0,0,0,0,0,1,-1.3316538102932427,-0.9980397936391076,-1.109762475828853,1,0,-1.3281018028759455,0.0031493650749470433,0,0,0,0,0,1,0,0,0,0,1
0,0,1,1,0.5094285867473239,1,1,0,0,0,0,0,0,1,-1.2951519260004127,-0.4750915900691511,-1.109762475828853,1,1,-1.2541311341241816,-0.43387872601290733,0,1,1,0,1,0,0,0,1,0,0
1,0,1,0,0.590840056424512,1,0,0,0,0,0,0,0,0,-1.5025489958460367,-0.5819366039718902,-1.109762475828853,1,0,-1.4636229140942008,-0.4025896473342409,0,1,0,1,0,0,1,0,1,0,0
1,0,0,0,-0.1418631706701798,1,0,1,1,0,1,0,0,1,-0.20507292689181286,-0.26464859759377657,0.5079352703082123,0,0,-0.21336935217624614,0.10334525814944318,0,0,1,0,0,1,0,0,1,0,0
0,0,1,1,0.631545791263106,1,1,0,1,0,1,1,1,0,0.48846287467195404,0.6893216066195502,1.0471678523539008,1,0,0.5192577447245663,-0.37449293721660143,0,0,0,1,0,1,0,0,1,0,0
0,0,0,0,-0.9966836022806536,1,0,0,0,0,0,0,0,0,-1.4909347599346818,-0.9467892900504428,-1.109762475828853,0,0,-1.5630285291800068,0.8883236787264723,0,1,0,1,0,0,1,0,0,0,0
1,0,1,1,1.2014260790034217,1,1,1,1,0,0,1,1,1,1.3462571555534548,1.8375873843693569,1.0471678523539008,1,0,1.3134096112871225,0.33710713558302846,1,0,0,0,0,1,0,0,0,1,0
1,0,0,1,1.3642490183577978,1,1,0,0,0,0,0,0,1,-1.3150620447055927,-0.2744774612957124,-1.109762475828853,1,1,-1.3095523174443402,-0.020175386272918528,0,1,0,1,1,0,0,0,0,1,0
0,0,0,0,-1.2002122764736234,1,0,0,0,0,0,0,0,0,-1.4909347599346818,-0.981014797583969,-1.109762475828853,0,0,-1.4472195795934977,-0.45868071161280494,0,1,0,0,0,0,1,0,0,0,0
0,0,0,0,-0.019745966154397852,1,1,1,0,1,1,1,1,1,1.4806504568134191,0.5742273678241149,1.5864004343995892,0,1,1.5820116588764779,-1.2283975060923933,1,0,1,0,0,0,0,0,1,0,0
1,1,0,0,-0.6710377235719016,0,0,0,1,0,0,1,0,1,-0.8604476676039847,-0.7106113486412053,-0.031297311737476054,0,0,-0.7427496032248486,-1.3402469777902077,0,0,0,0,0,0,1,1,0,0,1
0,0,0,0,0.30589991255435406,1,1,0,0,1,1,1,1,1,1.3611897445823398,0.893314407290529,1.0471678523539008,0,1,1.4374159132498936,-0.9320565402177483,1,0,1,0,1,0,0,0,1,0,0
0,0,0,0,-0.9966836022806536,1,0,0,0,0,0,0,0,0,-1.4826388771408567,-0.9322873282045062,-1.109762475828853,0,0,-1.4263326083287882,-0.6054079755604768,0,1,0,1,0,0,1,0,0,0,0
0,0,1,1,-1.1595065416350294,1,1,0,1,0,1,0,0,1,-0.21336880968563784,-0.9102601425867752,-0.031297311737476054,1,0,-0.2887164803370257,0.8835129487609752,0,0,0,0,0,0,1,0,0,0,0
1,0,1,1,1.5270719577121736,1,1,1,1,1,1,1,0,1,0.4751894622018339,1.5061484469918047,1.5864004343995892,1,1,0.5606948959210043,-1.0104027139415663,0,0,0,1,0,0,0,0,0,1,0
1,0,0,1,-1.2816237461508113,0,0,0,0,0,0,0,0,1,-1.3150620447055927,-0.9978203993600465,-1.109762475828853,1,0,-1.3115576672207299,0.0031493650749470433,0,0,0,0,0,1,0,0,0,0,1
1,0,1,0,1.4456604880349857,1,1,1,1,0,1,1,1,1,1.4192609241391145,2.2034054052757774,1.5864004343995892,1,0,1.413602089750886,0.018430507318294292,1,0,0,0,0,1,0,0,0,1,0
1,0,1,1,0.46872285190873,0,0,0,0,1,1,1,1,1,-0.3527396406218973,0.0077952181442549695,1.0471678523539008,1,0,-0.4062174437973638,0.633792329642882,0,0,1,0,0,1,0,0,1,0,0
0,0,0,0,-1.0373893371192475,1,0,0,0,1,1,0,1,0,-0.07067962563184861,-0.8253764960180489,0.5079352703082123,0,1,-0.1714303757813007,1.1742184881046023,0,0,0,0,0,0,0,0,0,0,0
0,1,0,0,1.5677776925507676,1,1,1,1,1,1,1,1,0,0.8269348926600121,1.7525721012331936,2.1256330164452777,0,0,0.7842580979018847,0.46877382032703413,0,0,0,1,0,0,1,0,0,1,0
1,0,0,0,0.428017117070136,1,1,0,1,0,0,0,0,1,0.4287325185564139,0.4679747184748407,-0.5705298937831644,0,0,0.44131274281640354,-0.16063920863408349,1,0,0,0,0,1,0,0,1,0,1
0,0,0,1,-0.7931549280876836,1,1,0,1,1,0,1,1,1,1.3014593884668002,-0.43889153402407516,1.0471678523539008,1,1,1.1578454731931427,1.626955756505925,1,0,1,0,1,0,0,1,0,0,0
1,0,1,1,1.4049547531963917,1,1,0,0,0,0,0,0,0,-1.3366313399695375,-0.29788683087152806,-1.109762475828853,1,1,-1.3484239277180983,0.1817925912564021,0,1,0,1,0,0,0,0,0,1,0
1,0,0,1,-1.2816237461508113,1,0,0,0,0,0,0,0,0,-1.4992306427285067,-1.0002556758576244,-1.109762475828853,1,0,-1.495197572993623,0.0031493650749470433,0,1,0,0,0,0,1,0,0,0,1
1,0,1,1,0.5501343215859179,1,0,0,0,0,0,0,0,1,-1.4842980536996218,-0.637882145132462,-1.109762475828853,1,1,-1.5404421874594083,0.702587669623789,0,1,1,0,0,0,0,0,1,0,0
0,0,1,1,1.3642490183577978,1,1,0,1,1,0,1,1,1,1.2450473854687905,1.8937303803810832,1.0471678523539008,1,1,1.1677314619465562,0.8577099425824024,1,0,1,0,1,0,0,0,0,1,1
1,0,1,1,0.30589991255435406,1,1,0,0,1,0,1,1,1,0.3192268656779245,0.31435484427628235,0.5079352703082123,1,0,0.3459579237361826,-0.3215749075961287,0,0,0,0,0,1,0,0,1,0,0
0,0,1,1,1.4049547531963917,1,1,1,0,0,1,0,1,1,0.9762607829488613,1.773633952023056,0.5079352703082123,1,1,0.9830645626781056,-0.11173373857872469,1,0,1,0,1,0,0,0,0,1,1
0,0,1,1,0.1023712383613841,1,1,0,0,0,0,0,0,1,-1.3001294556767078,-0.6216689079098492,-1.109762475828853,1,0,-1.3143465358026092,0.20877370874306578,0,1,0,0,0,1,0,0,1,0,0
1,0,1,1,0.26519417771576004,1,0,1,0,1,1,1,1,0,0.5000771105833088,0.38772029119430274,1.5864004343995892,1,1,0.5517786370237447,-0.6180515607262077,0,0,1,0,1,0,0,0,1,0,1
1,0,0,0,-1.2816237461508113,1,0,0,0,0,0,0,0,0,0.1815152113004305,-0.9780310353887384,-1.109762475828853,0,0,0.18072336887971713,0.0031493650749470433,1,0,0,0,0,1,0,0,0,0,1
1,0,1,1,1.2421318138420157,1,0,0,0,0,0,0,0,1,-1.5191407614336867,-0.4924456775428813,-1.109762475828853,1,0,-1.5304917290580828,0.18274995045351672,0,1,0,1,0,0,1,0,0,1,0
1,0,0,1,-1.2816237461508113,1,0,0,0,1,0,0,0,0,-0.5302715324097512,-0.9874430499604583,-0.5705298937831644,1,0,-0.529020050729032,0.0031493650749470433,0,0,0,0,0,1,0,0,0,0,1
0,0,0,0,-1.2816237461508113,1,1,0,0,0,0,0,1,1,0.665994766459808,-0.9716247224401553,-0.5705298937831644,0,0,0.6638121300120123,0.0031493650749470433,1,0,0,0,0,1,0,0,0,0,1
1,0,0,0,-0.9152721326034655,1,0,0,0,0,0,0,0,0,-1.4909347599346818,-0.9275703512046932,-1.109762475828853,0,0,-1.5352343812792448,0.5650426250450459,0,1,0,0,0,1,0,0,0,0,0
1,0,0,0,-1.2816237461508113,1,1,0,0,0,0,0,0,1,0.33250027814804467,-0.9760345474492829,-1.109762475828853,0,0,0.33127500334217896,0.0031493650749470433,1,0,0,0,0,1,0,0,0,0,1
0,0,1,1,1.2828375486806096,1,1,0,1,1,0,0,1,1,0.9264854861859115,1.6153629191084031,0.5079352703082123,1,0,0.9433821723731947,-0.22746500264608766,1,0,1,0,0,1,0,0,0,1,0
0,0,0,0,-0.6710377235719016,1,0,0,0,0,0,0,0,0,-1.4876164068171518,-0.8691237152628254,-1.109762475828853,0,1,-1.489820728905678,0.07531031455740833,0,1,1,0,0,0,0,1,0,0,0
0,0,1,0,1.5677776925507676,1,1,0,0,1,1,1,1,1,0.5150096996121938,1.475608763346504,1.0471678523539008,1,1,0.4900987056322486,0.27255024314280357,0,0,0,1,0,0,0,0,0,1,0
1,0,0,1,-0.9152721326034655,1,1,0,0,0,0,1,1,0,1.0044667844478665,-0.6006728754037051,-0.031297311737476054,1,0,0.9298418313478789,0.8344435031129052,1,0,0,0,0,1,0,0,0,0,1
1,1,1,0,-0.38609757970174374,1,1,0,1,1,0,1,1,1,1.31141444781939,-0.05023456866739696,1.0471678523539008,1,0,0.9944790500425607,3.6425711650599517,1,0,0,0,0,1,0,1,0,0,0
0,0,0,0,-1.2816237461508113,1,1,0,0,0,0,0,1,1,0.680927355488693,-0.9714272675890004,-0.5705298937831644,0,0,0.6787018521017065,0.0031493650749470433,1,0,0,0,0,0,1,0,0,0,1
1,0,0,0,-0.2639803751859618,1,1,0,0,0,0,0,0,1,-0.44399435135397186,-0.44051505168912697,-1.109762475828853,0,1,-0.5001314446233864,0.667770212615973,0,0,1,0,1,0,0,0,1,0,0
1,0,0,0,0.8757802002946699,1,0,1,0,1,1,0,0,0,0.6460846477546283,0.9586280841670085,0.5079352703082123,0,0,0.5988917162094164,0.5273407561302599,1,0,1,0,0,1,0,0,0,1,0
0,0,0,0,-1.0373893371192475,1,1,1,0,0,0,0,0,1,0.48846287467195404,-0.7435863087840834,-0.5705298937831644,0,0,0.709663020256467,-2.5891468391902315,1,0,0,0,0,0,1,0,0,0,1
1,0,0,0,-1.1188008067964355,1,0,0,0,0,0,0,0,1,-1.5158224083161567,-0.971163994454127,-1.109762475828853,0,0,-1.5792417821221183,0.7882604954441255,0,1,0,0,0,0,1,0,0,0,0
0,0,1,1,0.14307697319997809,1,1,0,1,1,0,1,0,1,1.0758113764747608,0.508365205249983,0.5079352703082123,1,1,1.0295294398570283,0.5023962303832328,1,0,0,0,0,0,0,0,1,0,1
0,0,0,0,-0.9152721326034655,1,1,0,0,0,0,0,1,0,0.7141108866639929,-0.6443542763647634,-0.5705298937831644,0,0,0.6004480904525369,1.29819787178685,1,0,0,0,0,1,0,0,0,0,1
1,0,1,0,-1.2002122764736234,1,1,0,0,0,0,0,0,1,-1.3714740477036023,-0.9698476287797606,-1.109762475828853,1,0,-1.1665207446433397,-2.3380725514671297,0,1,0,0,0,0,1,0,0,0,0
0,0,1,0,-1.1188008067964355,1,1,0,0,1,1,1,0,0,0.10021555992094577,-0.8552141179703538,0.5079352703082123,1,1,0.1694733566341704,-0.808901853101017,0,0,0,0,0,0,0,0,0,0,1
1,1,1,0,0.7536629957788878,1,1,1,0,1,0,1,0,1,0.9580098408024466,1.0757407503298053,0.5079352703082123,1,1,0.9336761780820879,0.2510434503558716,1,0,0,0,0,0,0,0,0,1,1
0,0,0,0,-0.8338606629262776,1,0,0,0,0,0,0,0,0,-1.5091857020810966,-0.9008700674429616,-1.109762475828853,0,0,-1.4696920305251657,-0.408969835302665,0,1,0,0,0,0,1,0,0,0,0
0,0,0,0,0.020959768684196134,1,0,0,1,0,1,0,0,1,0.4984179340245439,0.16915971039366892,-0.031297311737476054,0,1,0.543340742195397,-0.5391511037629428,1,0,1,0,0,0,0,0,1,0,0
0,0,0,0,-0.10115743583158582,1,0,1,0,0,0,0,0,1,-0.5352490620860464,-0.3346134331863505,-0.5705298937831644,0,0,-0.45374423349780113,-0.9301322482315538,0,0,0,0,0,0,1,0,1,0,0
0,0,1,0,1.5677776925507676,1,1,1,1,1,1,1,1,1,1.6664782313950985,2.535656101485856,2.1256330164452777,1,1,1.6159620893689415,0.5319231207192004,1,0,0,1,1,0,0,0,0,1,0
0,1,0,0,-1.2816237461508113,1,0,0,0,0,0,0,0,1,0.14335415044883548,-0.9785356422305789,-1.109762475828853,0,0,0.14267185687272108,0.0031493650749470433,1,0,0,0,0,1,0,0,0,0,1
0,0,1,1,-1.2409180113122174,1,0,0,0,0,0,0,0,0,0.1815152113004305,-0.9443540135528649,-1.109762475828853,1,0,0.28577863029033607,-1.2187760461613963,1,0,0,0,0,1,0,0,0,0,1
1,0,0,0,-0.7931549280876836,1,0,0,0,0,0,0,0,0,-1.4925939364934466,-0.902010917694079,-1.109762475828853,0,0,-1.5285403694679807,0.4679398909722351,0,1,0,1,0,0,1,1,0,0,0
1,0,1,1,-0.5896262538947137,1,0,0,0,0,1,0,1,1,0.6859048851649877,-0.30620187404794247,-0.031297311737476054,1,0,0.7952460966062254,-1.294678674505917,1,0,0,0,0,1,0,1,0,0,0
0,1,1,0,1.3642490183577978,0,0,0,1,1,0,1,0,0,-0.6430955384057709,0.3194009126946869,0.5079352703082123,1,1,-0.6310171537306568,-0.11901402010950357,0,0,1,0,0,0,0,0,0,1,0
0,0,1,0,1.4049547531963917,1,1,0,0,0,0,0,0,1,-1.3167212212643575,-0.24843536037116382,-1.109762475828853,1,1,-1.2927664922451791,-0.2346586594881491,0,1,0,1,1,0,0,0,0,1,0
1,0,0,0,-0.9966836022806536,0,0,0,0,0,0,0,0,1,-1.3167212212643575,-0.9271754415023833,-1.109762475828853,0,1,-1.3781478132329725,0.7584339696580412,0,0,0,0,1,0,0,0,0,0,0
0,0,1,1,-1.2002122764736234,1,0,0,0,0,0,0,1,1,0.5100321699358986,-0.8992026709220974,-0.5705298937831644,1,0,0.6092164823498012,-1.1706687465064276,1,0,0,0,0,1,0,0,0,0,1
0,0,1,1,0.18378270803857208,1,1,0,0,0,0,0,0,1,-1.3548822821159523,-0.6307518310629773,-1.109762475828853,1,1,-1.3779577792423385,0.3136364774427271,0,1,0,1,0,0,0,0,1,0,0
1,1,1,0,1.4863662228735797,1,1,0,1,1,1,1,1,1,1.4939238692835393,2.340899799963348,1.5864004343995892,1,0,1.5122385650262211,-0.2629049182343028,1,0,0,1,0,1,0,0,0,1,0
1,0,1,1,0.7536629957788878,1,1,0,0,0,0,0,0,1,-1.3598598117922474,-0.4752012872086816,-1.109762475828853,1,0,-1.3595356606208553,0.04163520479892694,0,1,1,0,0,0,1,0,0,1,0
1,0,0,0,-1.0780950719578415,1,0,0,0,0,0,0,0,0,-1.5257774676687466,-0.9605891902033837,-1.109762475828853,0,0,-1.5412454172339731,0.2308572501084909,0,1,0,0,0,0,1,0,0,0,0
1,0,1,0,-0.10115743583158582,1,0,0,0,0,0,0,0,0,-1.4677062881119718,-0.751308987407033,-1.109762475828853,1,1,-1.5011534618295006,0.43803935395591326,0,1,1,0,1,0,0,0,1,0,0
0,0,1,1,1.5270719577121736,1,1,0,0,0,0,0,0,0,-1.3565414586747175,-0.23456964193450447,-1.109762475828853,1,0,-1.3145119771591611,-0.44356127457838435,0,1,0,1,0,0,1,0,0,1,0
1,0,1,1,1.0793088744876398,1,0,1,1,1,1,1,1,1,0.7240659460165827,1.266635712540839,2.1256330164452777,1,0,0.7597120349964822,-0.4387854893826105,0,0,0,1,0,1,0,0,0,1,0
1,1,0,0,0.387311382231542,1,1,0,1,0,0,0,0,1,0.4785078153193637,0.4584310673356843,-0.5705298937831644,0,1,0.4858444993209073,-0.10131219989014008,1,0,0,0,0,0,0,0,1,0,0
0,0,0,0,-1.2816237461508113,1,0,0,0,0,0,0,0,0,-1.5025489958460367,-1.0002995547134366,-1.109762475828853,0,0,-1.4985064001246662,0.0031493650749470433,0,1,0,0,0,0,1,0,0,0,0
0,0,0,0,-1.2002122764736234,1,0,0,0,0,0,0,0,0,-1.5307549973450416,-0.9843495906256972,-1.109762475828853,0,0,-1.53104320024659,0.054463818040252666,0,1,0,0,0,0,1,0,0,0,0
1,0,0,0,-1.2409180113122174,1,0,0,1,0,0,1,1,0,1.0193993734767515,-0.9355124241067038,0.5079352703082123,0,0,0.6191429637429304,4.621450131952469,1,0,0,0,0,1,0,0,0,0,1
0,0,1,1,-0.7931549280876836,1,0,0,0,0,0,0,0,1,-1.4992306427285067,-0.9006726125918068,-1.109762475828853,1,1,-1.5207773519682257,0.30067451063340345,0,1,0,1,0,0,0,1,0,0,0
0,0,0,0,-0.4268033145403377,1,0,1,0,0,0,0,0,1,-0.5020655309107466,-0.5486106129825142,-0.5705298937831644,0,0,-0.5709067941833736,0.8174747465073287,0,0,0,0,0,1,0,1,0,0,0
0,0,1,0,0.8350744654560759,1,1,0,1,1,1,1,1,1,1.5553134019578436,1.5403300756695186,1.5864004343995892,1,1,1.478376695904184,0.8429394337689491,1,0,1,0,0,0,0,0,0,1,0
0,0,1,1,0.46872285190873,1,1,0,1,1,0,0,1,0,0.9779199595076267,0.8758286832493624,0.5079352703082123,1,0,1.0814387543812845,-1.2367069487600686,1,0,1,0,0,1,0,0,1,0,0
1,0,1,0,1.6084834273893616,1,1,1,1,1,1,1,1,1,1.6880475266590431,2.687827973442611,2.1256330164452777,1,1,1.7230504153371906,-0.46349144157829936,1,0,0,1,0,0,0,0,0,1,0
1,0,1,0,1.5270719577121736,1,1,1,1,1,1,1,1,0,1.6382722298960932,2.608582759845754,2.1256330164452777,1,1,1.7483038566909017,-1.3345084641885028,1,0,0,1,1,0,0,0,0,1,0
1,0,0,0,-1.2816237461508113,1,0,0,0,0,0,0,0,0,-1.4992306427285067,-1.0002556758576244,-1.109762475828853,0,1,-1.495197572993623,0.0031493650749470433,0,1,0,0,0,0,0,0,0,0,0
0,0,0,0,-1.0373893371192475,1,0,1,1,1,0,0,0,0,-0.11713656927726834,-0.8163374517207329,0.5079352703082123,0,0,-0.07405632021060339,-0.49716655133678345,0,0,0,0,0,1,0,0,0,0,0
0,1,1,0,1.6084834273893616,1,1,1,1,1,0,1,1,1,1.5752235206630238,2.5219439590445396,1.5864004343995892,1,0,1.5493140129912393,0.24876385609117904,1,0,0,1,0,1,0,0,0,1,0
0,0,1,1,-1.1595065416350294,1,0,0,0,0,0,1,0,1,0.46357522629047915,-0.8773948795834275,-0.5705298937831644,1,0,0.3308613999507985,1.5281507641376308,1,0,0,0,0,0,1,0,0,0,0
0,1,1,0,-0.8745663977648716,1,1,0,0,1,0,1,1,1,1.1488151450604207,-0.512564132932781,0.5079352703082123,1,0,1.2539865692035217,-1.2616352767631054,1,0,0,0,0,1,0,0,0,0,1
0,0,1,1,-0.4268033145403377,1,0,0,1,0,0,0,1,0,0.6095827634617982,-0.19896195044289344,-0.031297311737476054,1,0,0.6275654328037673,-0.2295150296200207,1,0,0,0,0,1,0,1,0,0,1
0,1,1,0,1.1200146093262338,1,1,0,0,1,0,1,1,1,1.1803394996769556,1.636534467037796,0.5079352703082123,1,1,1.1761288641351888,0.009563671695609904,1,0,1,0,1,0,0,0,0,1,0
0,0,0,0,-0.2639803751859618,1,0,1,0,1,1,0,0,1,0.7373393584867028,-0.011072689854996697,0.5079352703082123,0,1,0.7453874450504213,-0.11822905251605953,1,0,1,0,1,0,0,0,1,0,0
1,0,0,0,0.18378270803857208,1,1,0,0,0,1,1,1,0,1.1239274966789456,0.5161098233008387,0.5079352703082123,0,1,0.9594155916785811,1.875953538670207,1,0,0,0,0,0,0,0,1,0,1
0,0,0,0,-1.0780950719578415,1,1,0,1,1,1,1,1,1,1.4922646927247742,-0.7151747496456754,1.5864004343995892,0,1,1.5431329400867213,-0.641488450301706,1,0,0,0,1,0,0,0,0,0,1
1,0,0,0,0.14307697319997809,1,1,0,0,0,0,0,1,1,0.6576988836659831,0.32944917067568374,-0.5705298937831644,0,0,0.6547588113340195,0.012236299454218972,1,0,0,0,0,1,0,0,1,0,1
1,0,0,0,1.6084834273893616,1,1,1,1,1,1,0,0,0,0.1566275629189556,1.1447621905224168,1.0471678523539008,0,1,0.10694111945069283,0.5726863404346726,0,0,0,1,0,0,0,0,0,1,0
1,0,1,0,1.2421318138420157,1,0,1,1,1,1,1,1,1,1.4989013989598339,1.9334626843190426,2.1256330164452777,1,1,1.3732141626945427,1.4118532762415554,1,0,0,1,1,0,0,0,0,1,0
1,0,0,1,-0.22327464034736777,1,0,0,0,0,0,0,0,0,-1.5008898192872717,-0.7854467372289349,-1.109762475828853,1,1,-1.5245480951375052,0.3252900975793661,0,1,0,1,1,0,0,0,1,0,0
0,0,0,0,-1.2409180113122174,1,0,0,1,0,1,0,0,1,-0.3278519922404224,-0.9638362255334875,-0.031297311737476054,0,1,-0.4487809928012365,1.417503974931187,0,0,0,0,1,0,0,0,0,0,1
0,0,0,0,0.1023712383613841,0,0,0,0,1,1,0,0,1,-1.044616265626899,-0.49297222381262795,-0.031297311737476054,0,0,-1.0370668222211958,-0.052930001379990946,0,0,0,0,0,0,1,0,1,0,0
0,0,0,1,-0.7117434584104956,1,0,0,0,0,0,0,0,0,-1.5025489958460367,-0.8901855660526877,-1.109762475828853,1,0,-1.5517785169344602,0.622771384631013,0,1,1,0,0,0,1,1,0,0,0
0,1,0,0,-0.7931549280876836,1,0,0,0,1,0,0,0,1,0.3109309828840996,-0.59630692925039,-0.5705298937831644,0,0,0.24473644760720514,0.759544138111615,1,0,0,0,0,1,0,1,0,0,1
0,1,1,0,1.3235432835192036,1,0,1,1,1,0,0,1,0,0.9779199595076267,1.679162775459361,1.0471678523539008,1,0,0.9698277346007153,0.06147021450283015,1,0,0,0,0,1,0,0,0,1,0
0,0,0,0,-0.9559778674420595,1,0,1,1,0,0,1,1,1,0.32254521879545484,-0.7002120598137107,1.0471678523539008,0,0,0.4378927664535681,-1.352407434091877,0,0,0,0,0,1,0,0,0,0,1
1,0,0,0,-1.2409180113122174,1,0,1,1,0,0,1,1,0,1.1703844403243657,-0.9218222210932934,1.0471678523539008,0,0,1.1353199961856568,0.368764842452752,1,0,0,0,0,1,0,0,0,0,0
0,0,0,0,-0.9152721326034655,1,1,0,1,0,0,0,0,1,0.5332606417586087,-0.6499707699087267,-0.5705298937831644,0,1,0.5580951031751844,-0.3066616447030839,1,0,0,0,1,0,0,0,0,0,1
1,0,1,1,-0.8745663977648716,1,0,0,0,0,0,0,0,0,-1.5025489958460367,-0.9098652328844653,-1.109762475828853,1,0,-1.4696293633446533,-0.3327270543343281,0,1,0,1,0,0,1,0,0,0,0
0,0,0,0,0.14307697319997809,1,0,0,0,0,0,0,0,1,-1.5158224083161567,-0.7106332880691114,-1.109762475828853,0,1,-1.5238740747959967,0.14426411072953818,0,1,1,0,0,0,0,0,1,0,0
0,1,1,0,-0.22327464034736777,1,1,0,1,1,1,1,1,0,0.6278337056082129,0.00476757709321222,1.5864004343995892,1,0,0.6824396012682549,-0.6560988153821062,0,0,0,0,0,1,0,0,1,0,0
0,0,1,1,1.6084834273893616,1,1,1,1,1,0,1,1,1,0.6195378228143881,1.6059509045366835,1.5864004343995892,1,1,0.5899609466844252,0.32333017055638136,0,0,0,1,1,0,0,0,0,1,0
1,0,1,0,1.1607203441648277,1,1,1,0,1,0,0,1,1,0.16492344571278056,0.8457058487342778,0.5079352703082123,1,0,0.1440008120319106,0.23784989585069116,0,0,0,1,0,0,1,0,0,1,0
0,1,1,0,1.0386031396490458,1,0,1,1,0,1,1,1,1,1.3462571555534548,1.7139806475463522,1.5864004343995892,1,1,1.3914688551233052,-0.5708204859809511,1,0,1,0,1,0,0,0,0,1,1
1,0,1,0,-0.4268033145403377,1,0,0,0,1,0,1,0,1,0.7323618288104077,-0.19687770479181332,-0.031297311737476054,1,1,0.6347094913821559,1.1113666134904416,1,0,0,0,0,0,0,1,0,0,0
0,0,0,0,-1.1188008067964355,1,1,0,1,0,0,1,0,1,0.858459247276547,-0.8090535616559055,-0.031297311737476054,0,0,0.8656505850056424,-0.11230815409698991,1,0,0,0,0,1,0,0,0,0,1
0,1,0,0,-0.2639803751859618,1,1,1,1,0,0,0,1,1,0.9978300782128064,0.08682103746205086,0.5079352703082123,0,0,1.0293102654103137,-0.3994717274220663,1,0,0,0,0,1,0,0,1,0,1
1,1,1,1,1.1607203441648277,1,1,0,1,0,0,1,1,0,1.1305642029140057,1.6103387901179047,0.5079352703082123,1,0,1.0892405101558023,0.4428974025768091,1,0,1,0,0,1,0,0,0,1,0
1,1,1,0,0.30589991255435406,1,1,1,0,0,0,1,1,0,1.2251372667636102,0.7840999351739306,0.5079352703082123,1,0,1.2315241450207355,-0.11519459207629121,1,0,0,0,0,1,0,0,1,0,1
1,1,0,0,1.3235432835192036,1,0,0,1,1,0,1,1,1,1.1338825560315355,1.8415145419645496,1.0471678523539008,0,1,1.1581763559062466,-0.32042773352743126,1,0,0,0,0,0,0,0,0,1,0
1,0,0,0,-1.2002122764736234,1,0,0,1,1,1,1,1,1,1.4275568069329394,-0.8691237152628254,1.5864004343995892,0,0,1.3652834817931538,0.6766515602445856,1,0,0,0,0,1,0,0,0,0,0
1,0,1,0,-0.22327464034736777,1,0,1,0,0,0,0,0,0,-0.5385674152035762,-0.3850741173703957,-0.5705298937831644,1,1,-0.40634834857443364,-1.5198921069647522,0,0,1,0,1,0,0,0,1,0,0
1,0,0,1,1.4863662228735797,1,1,1,1,1,1,1,0,1,0.48182616843689396,1.4055342306143999,1.5864004343995892,1,1,0.49000279759946475,-0.11119262251078767,0,0,0,1,1,0,0,0,0,1,0
0,0,1,1,0.8757802002946699,1,1,0,1,1,0,0,0,1,-0.17023021915774814,0.4155833646350581,-0.031297311737476054,1,1,-0.1594424425644661,-0.11979151182109748,0,0,0,1,0,0,0,0,0,1,0
0,0,0,0,-0.1418631706701798,1,1,1,1,0,1,0,0,0,0.08362379433329585,-0.21861967784676503,0.5079352703082123,0,0,-0.0936810880223074,2.059487594464812,0,0,0,0,0,0,1,0,1,0,0
0,1,0,0,-1.0780950719578415,1,0,0,0,0,0,1,1,1,0.8103431270723621,-0.7597776065787901,-0.031297311737476054,0,0,0.982562476969166,-2.0301858336752945,1,0,0,0,0,1,0,0,0,0,0
1,0,0,0,-0.5896262538947137,1,0,0,0,0,0,0,0,0,-1.5158224083161567,-0.8635291611467683,-1.109762475828853,0,0,-1.5395910036684515,0.32707184941843925,0,1,0,0,0,0,1,1,0,0,0
1,0,0,0,-1.2409180113122174,1,0,0,0,0,0,0,0,1,0.1616050925952503,-0.9498169311014855,-1.109762475828853,0,1,0.07980414138290161,0.9460524383124421,1,0,0,0,1,0,0,0,0,0,1
0,0,0,0,-0.4268033145403377,1,0,0,0,0,0,0,0,1,-1.4892755833759168,-0.8026033698515102,-1.109762475828853,0,0,-1.4415043327307868,-0.5059133330922335,0,1,0,0,0,0,1,1,0,0,0
0,0,1,1,-0.2639803751859618,1,0,0,0,0,0,0,0,0,-1.5025489958460367,-0.7917652924658934,-1.109762475828853,1,1,-1.5188684132387775,0.23998530183789604,0,1,0,1,1,0,0,0,1,0,0
1,0,0,1,-0.8745663977648716,1,1,0,0,0,0,0,1,0,0.7058150038701679,-0.6169958097658484,-0.5705298937831644,1,0,0.5380766990323739,1.9274413512739146,1,0,0,0,0,1,0,0,0,0,0
1,0,1,1,0.9978974048104517,1,1,0,0,0,0,0,0,1,0.3109309828840996,0.7542842526495317,-1.109762475828853,1,0,0.18394512161257456,1.466624059842057,1,0,0,0,0,1,0,0,0,1,0
1,0,0,0,-1.1595065416350294,1,0,0,0,0,0,0,0,1,-1.5025489958460367,-0.9792815827793865,-1.109762475828853,0,0,-1.5899127496197323,1.0663206874498763,0,1,0,0,0,0,1,0,0,0,0
1,0,0,0,0.14307697319997809,1,1,0,0,0,0,0,1,1,0.6626764133422782,0.336930515591666,-0.5705298937831644,0,0,0.6704297842740983,-0.11230815409698444,1,0,0,0,0,1,0,0,1,0,1
1,0,0,0,1.4049547531963917,1,0,0,0,0,0,0,0,1,-1.5091857020810966,-0.48415257379437304,-1.109762475828853,0,0,-1.5580652884834423,0.6189228006586158,0,1,1,0,0,0,1,0,0,1,0
0,0,0,0,0.9164859351332638,1,0,1,0,0,0,0,0,1,-0.4771778825292717,0.23405653813993227,-0.5705298937831644,0,1,-0.44449455765420326,-0.364215468653949,0,0,0,0,1,0,0,0,0,1,0
0,0,1,0,-0.22327464034736777,1,1,0,0,0,0,1,1,0,0.9978300782128064,0.07161701392311916,-0.031297311737476054,1,1,0.8691432358661884,1.4634731723792718,1,0,0,0,1,0,0,0,1,0,0
1,0,0,0,-1.2816237461508113,1,0,0,0,0,0,0,0,1,-0.6381180087294758,-0.9888691127743552,-1.109762475828853,0,0,-0.6365569324879334,0.0031493650749470433,0,0,0,0,0,0,1,0,0,0,1
0,0,0,1,0.7129572609402939,1,0,0,0,0,0,0,0,0,-1.4859572302583868,-0.5829238782276649,-1.109762475828853,1,1,-1.5062159673399966,0.2852505702517145,0,1,0,1,1,0,0,0,0,1,0
0,0,1,1,1.6084834273893616,1,1,1,1,1,1,1,1,1,0.9397588986560317,1.926112975970497,2.1256330164452777,1,1,0.9252784072629823,0.13704801578129042,0,0,0,1,0,0,0,0,0,1,0
0,0,0,0,-1.2002122764736234,1,0,0,0,0,0,0,1,1,-0.3195561094465974,-0.9228533742048803,-0.5705298937831644,0,0,0.014730541139054002,-3.877506140426308,0,0,0,0,0,1,0,0,0,0,1
0,0,0,0,1.5270719577121736,0,0,1,0,1,1,1,1,1,-0.21834633936193276,0.8402429311856573,1.5864004343995892,0,1,-0.15665882608914397,-0.7102131640945271,0,0,0,1,0,0,0,0,0,1,0
0,0,0,0,1.5677776925507676,1,1,0,1,1,1,1,1,1,1.5370624598114289,2.4944319164502815,1.5864004343995892,0,0,1.5721783838814058,-0.4597648197740398,1,0,0,1,0,1,0,0,0,1,0
0,0,1,1,-1.1595065416350294,1,0,0,0,0,0,0,0,0,-1.4793205240233267,-0.9754202434679118,-1.109762475828853,1,0,-1.5171185527367836,0.4890330915901874,0,1,0,0,0,0,1,0,0,0,1
0,0,0,0,-0.9966836022806536,1,1,0,0,0,0,0,0,1,0.32088604223668943,-0.7680707103272983,-1.109762475828853,0,1,0.12157808391232108,2.3074890185482095,1,0,0,0,1,0,0,0,0,0,0
0,0,0,0,-0.019745966154397852,1,0,0,0,0,0,0,0,0,-1.4942531130522119,-0.7449684927421681,-1.109762475828853,0,1,-1.5266831311624551,0.42709494328440706,0,1,0,0,0,0,0,0,1,0,0
0,0,0,0,-0.8338606629262776,1,1,0,0,0,1,1,1,1,0.36236545620581423,-0.633998866393081,0.5079352703082123,0,0,0.20733185372518867,1.7911373355848192,0,0,1,0,0,0,1,0,0,0,0
0,0,1,1,-0.9152721326034655,1,1,0,0,0,0,0,1,0,0.697519121076343,-0.6321778938768743,-0.5705298937831644,1,0,0.6922680433389832,0.03778662082652977,1,0,0,0,0,1,0,0,0,0,0
0,0,1,1,0.631545791263106,1,1,0,0,0,0,0,1,1,0.5681033494926734,0.7593741999237483,-0.5705298937831644,1,0,0.6293107137810314,-0.7308878488272005,1,0,1,0,0,0,1,0,1,0,1
0,0,0,0,0.9978974048104517,1,0,0,0,1,0,1,1,1,1.0061259610066313,1.3889041442615708,0.5079352703082123,0,0,1.0235164689156735,-0.23586795531608284,1,0,0,1,0,1,0,0,0,1,1
0,0,0,0,-0.9559778674420595,1,0,0,1,1,0,0,0,0,0.5183280527297236,-0.7219979117244745,-0.031297311737476054,0,0,0.2553558030576894,3.0413926010624284,1,0,0,0,0,1,0,0,0,0,0
1,1,0,0,-0.8338606629262776,1,0,0,1,1,1,0,0,1,0.6261745290494481,-0.5570792321542714,0.5079352703082123,0,0,0.6906963504517377,-0.7713781593701385,1,0,0,0,0,0,1,0,0,0,1
1,0,1,1,-1.2816237461508113,1,0,0,0,0,0,0,0,1,-0.6331404790531808,-0.9888032944906369,-1.109762475828853,1,0,-0.6315936917913688,0.0031493650749470433,0,0,0,0,0,0,1,0,0,0,1
0,0,0,0,-0.38609757970174374,1,0,0,1,1,1,0,0,0,0.6062644103442684,-0.11717176320892814,0.5079352703082123,0,1,0.7750174940248962,-1.9830546241582445,1,0,0,0,0,0,0,1,0,0,0
0,0,1,1,1.6084834273893616,1,1,1,0,1,1,1,1,0,0.6560397071072182,1.5772541328354959,1.5864004343995892,1,1,0.5599057669107831,1.096254118346308,0,0,0,1,1,0,0,0,0,1,0
0,0,0,0,-1.2816237461508113,1,0,0,0,0,0,0,0,1,-0.6397771852882409,-0.9888910522022611,-1.109762475828853,0,0,-0.6382113460534552,0.0031493650749470433,0,0,0,0,0,1,0,0,0,0,1
1,0,0,1,-0.9966836022806536,1,0,0,0,0,0,0,0,0,-1.4793205240233267,-0.9305102345441116,-1.109762475828853,1,0,-1.4095816709778823,-0.7617566994391415,0,1,0,0,0,0,1,0,0,0,0
0,0,0,0,-1.2002122764736234,1,0,0,0,0,0,0,0,0,-1.4959122896109767,-0.9838230443559507,-1.109762475828853,0,0,-1.5178078917224178,0.30462177624611925,0,1,0,0,0,0,1,0,0,0,0
1,0,0,0,-0.5896262538947137,1,0,0,0,0,0,0,0,0,-1.5025489958460367,-0.8284699553528099,-1.109762475828853,0,0,-1.3927158437960376,-1.2273284549889485,0,1,1,0,0,0,1,1,0,0,0
1,0,0,0,-0.4268033145403377,1,1,1,0,0,0,1,1,1,1.1886353824707805,-0.08965972061467047,0.5079352703082123,0,0,1.0022149047777862,2.128617331649259,1,0,0,0,0,1,0,1,0,0,1
0,0,1,1,-0.22327464034736777,1,0,0,0,0,0,0,0,0,-1.4942531130522119,-0.7675441640575519,-1.109762475828853,1,0,-1.474548040712854,-0.1793020232461405,0,1,0,1,0,0,1,0,1,0,0
0,1,0,0,0.22448844287716607,1,1,0,0,0,1,1,1,1,1.1488151450604207,0.629624423287034,0.5079352703082123,0,0,1.1028847828616157,0.49586939206747216,1,0,0,0,0,1,0,0,1,0,1
1,0,1,1,1.6084834273893616,1,1,1,1,1,0,1,1,1,1.505538105194894,2.486862813822675,1.5864004343995892,1,1,1.512572245056948,-0.1320855995107036,1,0,0,1,0,0,0,0,0,1,0
1,0,1,1,1.4863662228735797,1,0,1,1,1,0,0,0,1,-0.17188939571651304,0.7769038028207277,0.5079352703082123,1,1,-0.19701041823950985,0.2979285867289045,0,0,0,1,0,0,0,0,0,1,0
0,0,0,0,-0.8745663977648716,1,1,1,0,0,0,0,0,1,0.46689357940800896,-0.6011555428176395,-0.5705298937831644,0,1,0.6466663894238799,-2.106574394339558,1,0,0,0,0,0,0,0,0,0,0
1,0,0,1,-0.7524491932490895,1,0,0,0,0,0,0,0,0,-1.4925939364934466,-0.8911509008805564,-1.109762475828853,1,0,-1.5143415013946582,0.30278911721164337,0,1,0,0,0,0,1,1,0,0,0
0,0,1,1,0.9978974048104517,1,1,1,0,1,1,1,1,1,0.6494030008721581,1.1171843296444406,1.5864004343995892,1,0,0.6640443284071732,-0.1919805942273332,0,0,0,1,0,1,0,0,0,1,0
0,0,0,1,0.1023712383613841,1,0,0,0,0,0,0,0,1,-1.4876164068171518,-0.7261225241708226,-1.109762475828853,1,1,-1.5393940496725562,0.6519106632791708,0,1,1,0,1,0,0,0,1,0,0
1,0,0,1,-1.2409180113122174,1,1,1,1,0,0,0,0,0,-0.13206915830615312,-0.9498608099572976,-0.031297311737476054,1,1,0.07814972781738014,-2.4407014573977395,0,0,0,0,0,0,0,0,0,0,0
1,1,0,0,-0.38609757970174374,1,1,0,1,1,0,1,1,1,1.376122333611225,0.08080963421577773,1.0471678523539008,0,0,1.4241230599060508,-0.6042575836122036,1,0,0,0,0,1,0,1,0,0,1
1,0,0,0,0.5501343215859179,1,0,0,0,0,0,0,0,0,-1.4892755833759168,-0.6131344704543736,-1.109762475828853,0,1,-1.499873089591836,0.17298904907424714,0,1,0,1,0,0,0,0,1,0,0
0,0,0,0,-0.8338606629262776,1,0,0,0,0,0,0,0,0,-1.5091857020810966,-0.9091192923356577,-1.109762475828853,0,1,-1.521530322244841,0.19397498703967808,0,1,0,0,0,0,0,0,0,0,0
0,1,0,0,-1.0373893371192475,1,0,0,1,0,0,0,0,1,-0.4522902341477968,-0.8249157680320206,-0.5705298937831644,0,0,-0.16646713508473604,-3.309381839738992,0,0,0,0,0,0,1,0,0,0,0
1,0,1,1,-1.0780950719578415,1,1,0,0,0,0,0,0,0,-1.3117436915880627,-0.9416554639204137,-1.109762475828853,1,0,-1.3032855993931223,-0.0545793945110228,0,1,0,1,0,0,1,0,0,0,0
0,0,0,0,-1.2816237461508113,1,1,0,0,0,0,0,0,1,0.3358186312655745,-0.9759906685934705,-1.109762475828853,0,0,0.3345838304732219,0.0031493650749470433,1,0,0,0,0,0,1,0,0,0,1
0,0,1,0,1.2421318138420157,1,1,0,1,1,1,1,1,1,1.4706953974608292,1.9930062916562155,1.5864004343995892,1,1,1.4444852486758997,0.25575086866011804,1,0,0,1,0,0,0,0,0,1,0
0,0,1,1,1.1607203441648277,1,1,1,1,0,0,0,0,0,-0.17023021915774814,0.5889267845212064,-0.031297311737476054,1,0,-0.17342962027734093,0.042897035609548516,0,0,0,0,0,1,0,0,0,1,0
0,0,0,0,-0.06045170099299184,1,0,1,0,1,1,0,0,0,0.7522719475155875,0.18644797958368095,0.5079352703082123,0,0,0.7590743304783343,-0.10423854254196385,1,0,0,0,0,1,0,0,1,0,0
1,0,0,0,-0.2639803751859618,1,1,0,0,0,1,0,0,1,0.5166688761709587,-0.0923802096750276,-0.5705298937831644,0,0,0.5095698806726179,0.06531879847521911,1,0,0,0,0,1,0,0,1,0,1
1,0,0,0,0.020959768684196134,1,1,0,1,0,0,0,0,1,-0.34112540471054226,-0.2782510428955627,-0.5705298937831644,0,1,-0.47903670755251715,1.6154728019962026,0,0,0,0,0,0,0,0,1,0,0
1,0,1,1,1.6084834273893616,0,0,1,1,1,1,1,1,1,0.02389343821775623,1.037807479480147,2.1256330164452777,1,1,-0.005076465714829124,0.3361587837977126,0,0,0,1,0,0,0,0,0,1,0
0,0,1,1,0.346605647392948,1,0,1,0,0,1,1,1,1,0.3242043953542197,0.3897825974174769,1.0471678523539008,1,1,0.4238414599106291,-1.169730067488765,0,0,1,0,1,0,0,0,1,0,0
1,0,1,1,1.1607203441648277,1,0,1,1,1,1,1,1,0,0.6626764133422782,1.3010806143534261,2.1256330164452777,1,1,0.7069353688510168,-0.5369142218713822,0,0,1,0,0,0,0,0,0,1,0
1,0,1,0,-0.7117434584104956,1,0,0,0,0,0,0,0,0,-1.5307549973450416,-0.8795010646624137,-1.109762475828853,1,0,-1.4980652231738603,-0.329111717875408,0,1,1,0,0,0,1,1,0,0,0
1,1,0,0,0.9164859351332638,0,0,0,0,1,0,1,1,1,-0.4937696481169216,0.19487271989962582,0.5079352703082123,0,1,-0.49821787816368546,0.06822542133549492,0,0,1,0,0,0,0,0,0,1,0
1,0,1,1,0.590840056424512,1,1,0,0,1,1,1,1,1,1.4076466882277594,1.23721493971875,1.0471678523539008,1,1,1.4550794180834832,-0.5987036603957936,1,0,0,0,0,0,0,0,1,0,1
0,1,1,0,0.8757802002946699,1,1,0,1,0,0,1,1,1,1.2135230308522553,1.3487330517654899,0.5079352703082123,1,1,1.1436533385897656,0.7721534588189042,1,0,1,0,1,0,0,0,0,1,1
1,0,0,0,-1.2816237461508113,1,0,0,0,0,0,0,0,0,-1.480979700582092,-1.000014342150657,-1.109762475828853,0,0,-1.4769990237728858,0.0031493650749470433,0,1,0,0,0,0,1,0,0,0,0
0,0,0,0,0.590840056424512,1,1,0,1,1,0,1,1,1,1.3744631570524595,1.118807847309493,1.0471678523539008,0,0,1.2651034603575295,1.2260983358784112,1,0,0,0,0,1,0,0,1,0,0
0,0,0,0,1.2014260790034217,1,1,1,1,1,1,1,1,1,1.6631598782775683,2.1211544900557846,2.1256330164452777,0,1,1.658301471518835,0.0009767773485953465,1,0,1,0,1,0,0,0,0,1,0
0,0,1,0,1.4049547531963917,1,0,0,0,0,0,0,0,1,-1.462728758435677,-0.4264738178292188,-1.109762475828853,1,1,-1.493148075591559,0.4026553580305828,0,1,1,0,0,0,0,0,0,1,0
1,0,0,0,0.18378270803857208,1,0,1,1,1,1,0,0,0,0.02223426165899086,0.006347215902452054,1.0471678523539008,0,1,-0.07951141358880923,1.1826883447233902,0,0,0,1,0,0,0,0,1,0,0
0,1,0,0,0.8350744654560759,1,0,0,1,0,0,0,0,1,0.2943392172964497,0.7479218185567608,-0.5705298937831644,0,1,0.35094067402668017,-0.6681743863367287,1,0,0,0,1,0,0,0,0,1,0
0,0,1,0,1.2014260790034217,1,0,1,0,1,1,1,1,0,0.5332606417586087,1.1788341220606002,1.5864004343995892,1,0,0.512193131958891,0.22723627056457277,0,0,0,1,0,0,1,0,0,1,0
1,0,0,0,-0.7524491932490895,1,0,0,0,0,0,0,0,1,-1.4892755833759168,-0.8775923344345825,-1.109762475828853,0,0,-1.441310959716635,-0.5081625055436361,0,1,0,0,0,1,0,1,0,0,0
1,0,0,1,-1.0780950719578415,1,0,0,0,0,0,0,0,0,-1.5008898192872717,-0.9599310073662005,-1.109762475828853,1,0,-1.5329733494063653,0.4232864487283876,0,1,0,0,0,0,1,0,0,0,0
0,0,1,0,-0.22327464034736777,1,0,1,0,0,1,1,1,1,1.2267964433223755,0.1675361927286171,1.0471678523539008,1,1,1.1370356843276792,1.0030684971627837,1,0,1,0,1,0,0,0,1,0,0
1,0,0,0,1.0386031396490458,1,0,0,0,0,0,0,0,0,-1.480979700582092,-0.5124324963653444,-1.109762475828853,0,1,-1.5031843971030374,0.3077183380629914,0,1,0,1,1,0,0,0,0,1,0
1,0,1,0,0.6722515261016999,1,1,0,1,0,0,1,1,1,1.1322233794727707,1.1208482141047607,0.5079352703082123,1,1,1.1289049231764916,0.000793089173477268,1,0,0,0,0,0,0,0,0,1,1
0,0,1,1,1.4863662228735797,1,1,1,1,0,1,1,0,0,0.29102086417891987,1.134933326820481,1.0471678523539008,1,1,0.19427037851043732,1.1156132394151876,0,0,1,0,1,0,0,0,0,1,0
0,0,1,1,1.5270719577121736,1,0,0,1,1,1,1,1,1,0.5133505230534289,1.5000054071780948,1.5864004343995892,1,1,0.5540772416589185,-0.4908438776678474,0,0,0,1,0,0,0,0,0,1,0
0,0,0,0,-1.2816237461508113,1,0,0,0,0,0,0,0,0,-1.461069581876912,-0.9997510690157839,-1.109762475828853,0,0,-1.4571460609866271,0.0031493650749470433,0,1,0,0,0,0,1,0,0,0,0
0,0,0,0,-0.7931549280876836,1,0,1,0,0,1,0,0,0,-0.32453363912289235,-0.6829457300516047,-0.031297311737476054,0,0,-0.25782348856545967,-0.7650872047998712,0,0,1,0,0,0,1,1,0,0,0
0,0,0,0,-1.2816237461508113,0,0,0,0,0,0,0,0,1,-1.3283354571757127,-0.9979959147832954,-1.109762475828853,0,0,-1.3247929757449024,0.0031493650749470433,0,0,0,0,0,0,1,0,0,0,0
0,1,0,0,-0.9559778674420595,1,0,0,0,1,0,0,0,0,0.3507512202944595,-0.7292379229334897,-0.5705298937831644,0,1,0.19469397232189903,1.8034314232744255,1,0,0,0,1,0,0,0,0,0,0
1,0,0,0,1.2828375486806096,1,1,1,1,0,0,0,0,1,0.642766294637098,1.3118528734553245,-0.031297311737476054,0,1,0.5857703401009251,0.6414730973718835,1,0,1,0,1,0,0,0,0,1,0
1,0,0,0,-1.2002122764736234,1,1,0,0,0,1,1,0,1,0.010620025747636104,-0.916820031530701,-0.031297311737476054,0,0,0.16638511797853014,-1.8120994085727462,0,0,0,0,0,0,1,0,0,0,0
1,1,0,1,-0.8745663977648716,1,0,0,1,0,1,0,0,1,-0.3444437578280723,-0.7451001293096048,-0.031297311737476054,1,0,-0.34011610179311597,-0.03883518735121235,0,0,0,0,0,1,0,0,0,0,0
1,0,0,0,0.7536629957788878,0,0,1,0,0,1,0,1,1,-0.6795974226986006,-0.05168257090919987,0.5079352703082123,0,1,-0.7333239063301061,0.6475985243745218,0,0,0,0,1,0,0,0,0,1,0
1,0,1,0,1.2828375486806096,1,1,1,0,0,0,1,0,1,0.04048520380540615,0.9184569916709273,-0.031297311737476054,1,1,0.12225018942331431,-0.9523818743219756,0,0,1,0,1,0,0,0,0,1,0
0,0,0,0,-0.7931549280876836,1,0,0,0,0,0,0,0,1,-1.480979700582092,-0.8880793809737014,-1.109762475828853,0,0,-1.4477286299213505,-0.33730229402179285,0,1,0,0,0,0,1,1,0,0,0
0,0,0,0,-0.6303319887333076,1,0,0,0,0,0,0,0,1,0.16824179883031035,-0.5067282451097567,-1.109762475828853,0,0,0.07892827537762581,1.033211545922628,1,0,0,0,0,1,0,1,0,0,1
1,0,1,1,-0.6303319887333076,1,1,1,0,1,0,1,0,1,0.17985603474166512,-0.48165147901307687,0.5079352703082123,1,1,0.19016325804769296,-0.12589139164663374,0,0,1,0,0,0,0,1,0,0,0
0,0,0,0,-0.019745966154397852,0,0,1,0,0,0,0,0,0,-1.1541219185053884,-0.6018795439385409,-0.5705298937831644,0,0,-1.1894929663395921,0.4499459106205195,0,0,1,0,0,0,1,0,1,0,0
1,0,1,0,1.5270719577121736,1,0,1,1,0,1,0,1,0,0.10021555992094577,1.0376539034848042,1.0471678523539008,1,0,0.05600422051889848,0.5108875505763077,0,0,0,1,0,0,1,0,0,1,0
1,0,0,0,-1.2816237461508113,1,0,0,0,0,0,1,0,1,0.4851445215544238,-0.9740161200819208,-0.5705298937831644,0,0,0.4834810513701623,0.0031493650749470433,1,0,0,0,0,1,0,0,0,0,1
1,0,1,1,0.5094285867473239,1,1,0,1,1,0,0,1,1,0.9978300782128064,0.9080796422713391,0.5079352703082123,1,1,1.0637022711715236,-0.7994942033907123,1,0,1,0,1,0,0,0,1,0,0
0,0,0,0,0.46872285190873,1,1,0,1,1,0,0,0,1,0.659358060224748,0.6859209952941037,-0.031297311737476054,0,1,0.755970485673225,-1.1457404185033964,1,0,0,0,0,0,0,0,1,0,1
0,0,1,1,-0.8338606629262776,1,1,0,0,0,0,0,0,0,-1.3167212212643575,-0.888386532964387,-1.109762475828853,1,1,-1.3912452539600184,0.9107737518987937,0,1,0,1,1,0,0,0,0,0,0
0,0,1,0,1.5677776925507676,1,0,0,0,0,0,0,0,0,-1.4959122896109767,-0.4035690550952436,-1.109762475828853,1,1,-1.505753197573641,0.16441045405922733,0,1,0,1,1,0,0,0,0,1,0
1,0,1,0,-1.2409180113122174,1,0,0,0,1,0,0,0,0,0.38061639835222955,-0.9423136467575969,-0.5705298937831644,1,0,0.36270886108708866,0.1955785636948438,1,0,0,0,0,1,0,0,0,0,1
0,0,1,1,-0.9559778674420595,1,0,1,1,1,1,0,0,0,0.0023241429538111433,-0.7179829964176571,1.0471678523539008,1,0,0.2889955455566277,-3.334428179876816,0,0,0,0,0,0,1,0,0,0,1
0,0,0,0,-1.0373893371192475,0,0,0,0,0,0,0,0,0,-1.3233579274994176,-0.9255738632652377,-1.109762475828853,0,1,-1.2508170548865811,-0.7995552920251923,0,0,0,0,0,0,0,0,0,0,0
1,0,0,0,-0.5896262538947137,1,0,0,0,0,1,0,0,1,0.36402463276457964,-0.4064431201509435,-0.5705298937831644,0,1,0.3753007865580025,-0.14331063609685948,1,0,0,0,0,0,0,1,0,0,0
1,0,0,0,-1.1595065416350294,1,1,0,0,0,0,0,0,1,0.2412455674159701,-0.8748499059463192,-1.109762475828853,0,1,0.3788393933509238,-1.608445173366688,1,0,0,0,0,0,0,0,0,0,1
0,0,0,0,-0.7117434584104956,1,0,0,0,0,0,0,0,0,-1.5042081724048018,-0.8775484555787703,-1.109762475828853,0,0,-1.4882490360184326,-0.13539965793137704,0,1,0,0,0,0,1,1,0,0,0
0,0,1,0,1.4863662228735797,1,1,1,0,0,0,1,1,0,1.135541732590301,2.007903163204462,0.5079352703082123,1,1,1.14831553462787,-0.18649100457944412,1,0,0,1,0,0,0,0,0,1,0
0,0,0,0,-1.2816237461508113,1,0,0,0,0,0,0,0,1,-0.6795974226986006,-0.9894175984720078,-1.109762475828853,0,0,-0.6779172716259725,0.0031493650749470433,0,0,0,0,0,0,1,0,0,0,1
1,0,0,0,-1.2816237461508113,1,1,0,0,0,0,1,0,1,0.6543805305484532,-0.971778298435498,-0.5705298937831644,0,0,0.6522312350533617,0.0031493650749470433,1,0,0,0,0,0,1,0,0,0,1
1,0,0,0,-1.0373893371192475,0,0,0,0,0,0,0,0,1,-1.3465863993221274,-0.942730495887813,-1.109762475828853,0,1,-1.435638684634847,1.080752877346369,0,0,1,0,1,0,0,0,0,0,0
0,0,1,1,1.0386031396490458,0,0,1,0,1,1,1,1,0,-0.17188939571651304,0.5814015607494117,1.5864004343995892,1,0,-0.08104479130634096,-1.0508981590895554,0,0,0,1,0,0,1,0,0,1,0
0,0,0,0,0.5094285867473239,1,1,1,1,1,1,1,1,1,1.6830699969827483,1.24008900477445,2.1256330164452777,0,0,1.620063170883474,0.6766515602445856,1,0,0,0,0,1,0,0,1,0,0
0,0,0,0,0.14307697319997809,1,0,1,1,1,1,1,0,1,0.3789572217934642,0.1347148085810816,1.5864004343995892,0,0,0.24685395556820364,1.523874559723852,0,0,1,0,0,0,1,0,1,0,0
1,1,1,0,-0.22327464034736777,1,1,0,1,1,1,1,1,1,0.659358060224748,0.004482364530432994,1.5864004343995892,1,1,0.6816430317737449,-0.28121822844112465,0,0,0,0,0,0,0,0,1,0,0
1,1,1,0,1.3235432835192036,1,1,0,1,1,0,1,1,1,1.3080960947018598,1.8776707191538138,1.0471678523539008,1,0,1.2001221029213165,1.2121968222498052,1,0,0,0,0,1,0,0,0,1,0
1,1,1,0,1.6084834273893616,1,1,1,1,1,1,1,1,1,1.696343409452868,2.6790522022801686,2.1256330164452777,1,1,1.713859228862071,-0.2603717319239663,1,0,0,1,0,0,0,0,0,1,0
0,0,1,0,-0.7117434584104956,1,1,0,0,0,0,0,0,0,-1.3183803978231226,-0.8387156681849616,-1.109762475828853,1,0,-1.2930282352868885,-0.25085717710331673,0,1,0,1,0,0,1,1,0,0,0
1,0,0,0,-1.2409180113122174,1,0,0,0,0,1,1,1,0,0.1781968581829002,-0.9508261447851662,0.5079352703082123,0,0,0.04175262937590602,1.5810687937580983,0,0,0,0,0,1,0,0,0,0,0
0,0,0,0,1.2828375486806096,1,1,0,0,1,0,1,1,1,1.1654069106480704,1.7353496503269,0.5079352703082123,0,1,1.084756981589404,0.8991478211488413,1,0,1,0,1,0,0,0,0,1,1
0,0,0,0,-0.7931549280876836,1,1,1,0,0,0,1,1,1,1.1753619700006603,-0.4126739176762778,0.5079352703082123,0,0,1.3099242586391628,-1.604374555703574,1,0,0,0,0,1,0,1,0,0,1
1,0,1,1,1.5270719577121736,1,0,1,1,1,0,1,1,1,0.505054640259604,1.4483599938871197,1.5864004343995892,1,1,0.49844167689837876,0.060053428095404385,0,0,0,1,1,0,0,0,0,1,0
1,0,0,0,-1.2816237461508113,1,1,0,0,1,0,0,0,0,-0.35108046406313215,-0.9850735917465987,-0.5705298937831644,0,0,-0.3503433856527037,0.0031493650749470433,0,0,0,0,0,1,0,0,0,0,1
1,0,0,0,-0.5082147842175256,1,1,0,0,1,0,1,0,1,0.8551408941590172,-0.22728575186967714,-0.031297311737476054,0,1,0.7983986735671911,0.6314306985689128,1,0,0,0,1,0,0,1,0,0,0
0,0,0,0,1.0793088744876398,1,1,0,0,0,0,0,0,0,-1.3432680462045974,-0.3537665537483816,-1.109762475828853,0,0,-1.3113333399576084,-0.3265894820516889,0,1,0,1,0,1,0,0,0,1,0
1,1,1,0,-0.06045170099299184,1,1,1,0,0,0,1,0,0,0.8136614801898924,0.2230429453310668,-0.031297311737476054,1,0,0.8480924539393012,-0.427643744093469,1,0,0,0,0,1,0,0,1,0,0
1,0,0,0,0.14307697319997809,1,0,0,1,0,1,0,1,1,0.01559755542393127,0.08734758373179755,0.5079352703082123,0,0,0.14763509756928594,-1.536284223884227,0,0,1,0,0,0,1,0,1,0,1
1,0,0,0,-1.2816237461508113,1,0,0,0,0,0,1,1,1,0.8020472442785371,-0.9698256893518546,-0.031297311737476054,0,0,0.79947404238478,0.0031493650749470433,1,0,0,0,0,1,0,0,0,0,1
1,0,0,0,-1.2816237461508113,1,0,0,0,0,0,0,0,0,-1.4876164068171518,-1.0001020998622818,-1.109762475828853,0,0,-1.483616678034972,0.0031493650749470433,0,1,0,0,0,0,1,0,0,0,1
0,0,0,0,-0.9559778674420595,1,0,0,0,0,0,0,0,0,-1.5224591145512167,-0.9397467336925824,-1.109762475828853,0,0,-1.569094712253586,0.5932655741759644,0,1,0,0,0,0,1,0,0,0,0
0,0,1,1,0.8757802002946699,1,1,0,0,0,0,0,0,1,-1.3333129868520075,-0.42000168659691733,-1.109762475828853,1,1,-1.326294202869172,-0.037118226488106025,0,1,1,0,0,0,0,0,0,1,0
0,0,1,1,1.1607203441648277,1,0,0,0,0,0,0,0,1,-1.5108448786398618,-0.49003234047320965,-1.109762475828853,1,0,-1.507239534027911,0.00851214602009147,0,1,0,0,0,0,1,0,0,1,1
1,0,0,0,-1.1188008067964355,1,1,0,0,0,0,0,0,1,0.36402463276457964,-0.8519451432123439,-1.109762475828853,0,1,0.2187748808867127,1.6772833930680522,1,0,0,0,0,0,0,0,0,0,1
1,0,1,1,0.346605647392948,1,1,1,1,1,0,1,0,1,0.3192268656779245,0.3177773950296351,1.0471678523539008,1,1,0.2914076715681473,0.3129134409020951,0,0,0,0,1,0,0,0,1,0,0
1,0,1,0,1.6084834273893616,1,0,1,1,1,1,1,1,0,0.6477438243133932,1.6383335001260968,2.1256330164452777,1,0,0.6238764247776168,0.25597995103942406,0,0,0,1,0,0,1,0,0,1,0
1,0,0,0,-0.22327464034736777,1,0,0,0,0,0,0,0,1,0.1367174442137754,-0.22206416802802373,-1.109762475828853,0,0,0.048921754826499506,1.0166098111397337,1,0,0,0,0,0,1,0,1,0,0
1,0,0,0,0.1023712383613841,1,0,0,0,0,0,1,0,0,-0.3295111687991873,-0.1267154143480845,-0.5705298937831644,0,0,-0.2479588204264267,-0.937554517321176,0,0,0,0,0,0,1,0,1,0,1
0,1,0,0,-0.6710377235719016,1,1,0,0,0,0,1,1,1,1.0359911390644014,-0.3379262868001726,-0.031297311737476054,0,0,1.0137205991198224,0.2244429434878294,1,0,0,0,0,1,0,1,0,0,1
1,0,0,0,-0.6303319887333076,1,0,0,0,0,0,0,0,0,-1.4925939364934466,-0.8726340237278024,-1.109762475828853,0,0,-1.544148750844055,0.6494850851453048,0,1,1,0,0,0,1,1,0,0,0
1,0,1,1,1.2014260790034217,1,1,0,0,0,0,0,0,0,-1.3316538102932427,-0.3611601409527395,-1.109762475828853,1,1,-1.3608431810194124,0.3839729565372275,0,1,1,0,0,0,0,0,0,1,0
0,1,0,0,-1.2816237461508113,1,1,0,0,0,0,0,0,1,0.23792721429843983,-0.9772850948399309,-1.109762475828853,0,0,0.23697343010744978,0.0031493650749470433,1,0,0,0,0,1,0,0,0,0,0
0,0,0,0,-0.7931549280876836,1,0,0,1,0,0,0,0,1,0.32254521879545484,-0.5849423055950267,-0.5705298937831644,0,0,0.3106584650641411,0.12748823187549665,1,0,1,0,0,0,1,1,0,0,0
0,0,0,0,-0.9152721326034655,1,1,0,0,0,0,0,0,1,0.3258635719129846,-0.6580444793781738,-1.109762475828853,0,0,0.49721268396399143,-2.0038871765305775,1,0,0,0,0,1,0,0,0,0,1
0,0,1,1,-1.1595065416350294,1,1,0,0,0,0,0,0,0,-0.46722282317668157,-0.9038099507823798,-1.109762475828853,1,0,-0.16711708327119087,-3.4750083999796875,0,0,0,0,0,0,1,0,0,0,1
1,0,0,0,-0.9152721326034655,1,0,0,0,0,0,0,0,0,-1.4793205240233267,-0.9315633270836047,-1.109762475828853,0,0,-1.565344708171737,1.049964205567185,0,1,1,0,0,0,1,0,0,0,0
0,0,1,1,0.387311382231542,1,1,0,0,0,0,1,1,1,0.9712832532725666,0.8279787909861438,-0.031297311737476054,1,0,1.149343120693411,-2.1034921950543026,1,0,0,0,0,1,0,0,1,0,1
0,0,0,0,-1.2816237461508113,1,0,0,0,0,0,0,0,0,-1.4925939364934466,-1.0001679181460001,-1.109762475828853,0,1,-1.4885799187315367,0.0031493650749470433,0,1,0,0,1,0,0,0,0,0,0
1,0,1,1,1.4049547531963917,1,1,0,1,1,0,0,0,0,0.7456352412805278,1.588179967932737,-0.031297311737476054,1,0,0.7743368332847662,-0.3587324114341121,1,0,1,0,0,1,0,0,0,1,1
1,0,1,1,1.2014260790034217,1,0,0,0,0,0,0,0,0,-1.4892755833759168,-0.4543368912699741,-1.109762475828853,1,1,-1.4741705102576392,-0.12596441980549997,0,1,0,1,1,0,0,0,0,1,0
1,1,0,0,-0.5896262538947137,1,1,0,0,1,1,1,0,0,0.9613281939199768,-0.24371838337135088,0.5079352703082123,0,1,1.0570110874176366,-1.1450115200237707,1,0,0,0,0,0,0,1,0,0,0
0,0,0,0,-0.8338606629262776,1,0,0,1,0,0,0,1,1,0.6527213539896879,-0.5625202102749858,-0.031297311737476054,0,0,0.6565051367642922,-0.06580443109718553,1,0,0,0,0,1,0,0,0,0,0
1,0,0,1,-0.9559778674420595,1,0,0,1,0,0,0,0,1,-0.49211047155815646,-0.7965261483215187,-0.5705298937831644,1,0,-0.3690934060619481,-1.4144123980916246,0,0,0,0,0,1,0,0,0,0,0
1,0,1,0,1.6084834273893616,1,1,0,0,0,0,0,0,0,-1.3001294556767078,-0.19093211982925845,-1.109762475828853,1,1,-1.2919804400287247,-0.05137224120069,0,1,0,1,1,0,0,0,0,1,0
1,0,0,0,1.0793088744876398,1,0,0,0,0,0,0,0,1,-1.4842980536996218,-0.48575415203151884,-1.109762475828853,0,1,-1.480027441825027,-0.00011214676606831799,0,1,0,1,0,0,0,0,0,1,0
0,0,0,0,-0.10115743583158582,1,1,1,0,1,0,1,1,1,0.4768486387605988,0.056061959537689464,1.0471678523539008,0,1,0.528260511876946,-0.6139069318328574,0,0,1,0,1,0,0,0,1,0,0
0,0,0,0,1.5270719577121736,1,1,0,1,0,0,1,1,0,1.127245849796476,1.9917776836934737,0.5079352703082123,0,0,1.0838440998184293,0.467178632604067,1,0,1,0,0,1,0,0,0,1,0
0,0,1,1,1.4863662228735797,1,0,0,0,0,0,0,0,0,-1.4859572302583868,-0.42204205339218526,-1.109762475828853,1,1,-1.507305962132585,0.2979285867289045,0,1,0,1,0,0,0,0,0,1,0
0,0,1,1,0.590840056424512,1,0,0,0,0,0,0,0,0,-1.4892755833759168,-0.5628054228377651,-1.109762475828853,1,1,-1.4329282624104818,-0.6056638654522584,0,1,0,1,1,0,0,0,1,0,0
1,0,0,0,-0.8338606629262776,1,0,0,0,0,1,1,0,1,-0.17023021915774814,-0.6895714372792491,-0.031297311737476054,0,0,-0.14188727639698726,-0.32398027257887796,0,0,1,0,0,1,0,0,0,0,1
0,0,1,0,0.387311382231542,1,1,0,0,1,1,0,0,1,0.642766294637098,0.5656271120849212,-0.031297311737476054,1,0,0.6783079441099157,-0.43485614416463075,1,0,0,0,0,1,0,0,1,0,1
1,0,1,0,1.0793088744876398,1,1,0,0,1,0,1,1,1,1.1471559685016557,1.6067407239413034,0.5079352703082123,1,1,1.1944021891103,-0.5878365805170118,1,0,1,0,0,0,0,0,0,1,1
0,1,0,0,0.5094285867473239,1,1,0,0,1,0,1,1,1,1.2350923261162006,1.0688956488231003,0.5079352703082123,0,1,1.3331878586220356,-1.1822144984236163,1,0,1,0,0,0,0,0,1,0,0
1,0,1,0,-0.9152721326034655,1,0,0,0,0,0,0,0,1,0.1781968581829002,-0.6850080362747788,-1.109762475828853,1,0,0.2938852567613919,-1.3515521932091301,1,0,0,0,0,1,0,0,0,0,1
0,0,1,1,0.6722515261016999,1,0,0,1,1,0,1,1,0,0.4337100482327091,0.6690934540901198,1.0471678523539008,1,1,0.433679826693748,-0.014129991535818549,0,0,1,0,1,0,0,0,0,1,0
0,0,1,1,1.0386031396490458,1,1,0,0,0,0,0,0,0,-1.3200395743818876,-0.34639490597192973,-1.109762475828853,1,1,-1.2873119511742932,-0.33658770283328515,0,1,0,1,1,0,0,0,0,1,0
1,1,0,0,-0.4675090493789317,1,0,0,0,1,0,1,0,1,-0.16193433636392318,-0.4665132737578633,-0.031297311737476054,0,1,-0.20097347516561412,0.4594814646592699,0,0,0,0,0,0,0,1,0,0,1
0,0,0,0,-1.0373893371192475,1,1,0,0,0,0,0,0,1,0.3457736906181643,-0.7611597905368748,-1.109762475828853,0,0,0.5203508394017856,-2.042098117399385,1,0,0,0,0,1,0,0,0,0,0
1,0,0,1,-0.1825689055087738,1,0,0,1,0,1,0,0,1,-0.34942128750436724,-0.34345502263251154,-0.031297311737476054,1,1,-0.35648835032464105,0.0938659872814705,0,0,1,0,1,0,0,0,1,0,0
1,1,1,0,-0.019745966154397852,1,1,0,0,1,1,1,1,1,1.326347036848275,0.4617000420936943,1.0471678523539008,1,0,1.3168401845777258,0.06629019587210067,1,0,0,0,0,1,0,0,1,0,1
0,0,0,0,0.5501343215859179,1,1,0,0,1,0,1,1,1,1.2002496183821352,1.042151486205556,0.5079352703082123,0,0,1.213652881961873,-0.19597302306216313,1,0,1,0,0,1,0,0,1,0,0
1,0,0,0,-0.8338606629262776,1,1,0,0,0,0,1,1,1,1.0326727859468712,-0.5051486063005171,-0.031297311737476054,0,0,1.0170294262508652,0.1474712640398696,1,0,0,0,0,1,0,0,0,0,1
0,0,1,0,-0.9559778674420595,1,0,0,0,0,0,1,1,0,0.8136614801898924,-0.6345912309465459,-0.031297311737476054,1,0,0.9877095413952334,-2.0515668557441726,1,0,0,0,0,1,0,0,0,0,1
1,0,0,0,-0.8745663977648716,1,0,0,0,0,1,0,0,1,0.29599839385521454,-0.602493847919912,-0.5705298937831644,0,0,0.6374919141968965,-3.9818844027080074,1,0,0,0,0,1,0,0,0,0,1
1,0,0,0,-1.2409180113122174,1,0,0,0,0,0,0,0,0,-1.4793205240233267,-0.9943539697508819,-1.109762475828853,0,0,-1.599425627621481,1.4463683547241726,0,1,0,0,0,0,1,0,0,0,1
1,0,0,0,-1.2409180113122174,1,0,0,0,1,0,0,1,1,0.6942007679588127,-0.9355124241067038,-0.031297311737476054,0,0,0.6191429637429304,0.8498378390024883,1,0,0,0,0,1,0,0,0,0,1
0,0,1,0,0.8757802002946699,1,1,0,1,1,1,1,1,0,1.5071972817536587,1.5769250414169043,1.5864004343995892,1,0,1.4623117736821678,0.47175009875117807,1,0,1,0,0,1,0,0,0,1,1
0,0,0,0,-0.3453918448631497,1,0,1,0,0,0,1,1,1,0.9845566657426863,-0.007101653403991325,0.5079352703082123,0,0,0.9990376787258186,-0.20130665845869872,1,0,0,0,0,1,0,1,0,0,0
0,0,0,0,-1.2002122764736234,1,0,0,0,0,0,0,0,1,0.16326426915401518,-0.9212298565398286,-1.109762475828853,0,0,0.055539409088585366,1.247524849483613,1,0,0,0,0,1,0,0,0,0,0
1,0,0,0,-1.2816237461508113,1,0,0,0,0,0,0,0,0,-0.6364588321707109,-0.988847173346449,-1.109762475828853,0,0,-0.634902518922412,0.0031493650749470433,0,0,0,0,0,1,0,0,0,0,1
1,0,1,1,0.346605647392948,1,1,0,1,1,0,1,0,0,0.11846650206736059,0.23721581575841152,0.5079352703082123,1,1,0.14323677857802106,-0.2920651859785038,0,0,1,0,0,0,0,0,1,0,0
0,0,1,0,0.26519417771576004,0,0,1,0,1,0,1,1,0,-0.29964599074141746,-0.05045396294645802,1.0471678523539008,1,0,-0.29545079196591156,-0.03879033206015817,0,0,0,0,0,1,0,0,1,0,1
1,0,1,1,-1.0780950719578415,1,0,0,0,0,0,0,0,0,-1.5091857020810966,-0.9591192485336746,-1.109762475828853,1,0,-1.522771132418982,0.20840717693616953,0,1,1,0,0,0,1,0,0,0,0
0,0,1,1,0.387311382231542,1,1,0,0,0,0,0,0,0,-1.393043342967547,-0.5638804548051644,-1.109762475828853,1,0,-1.3496485700269047,-0.45822254685418734,0,1,0,1,0,1,0,0,1,0,0
0,1,1,1,-0.019745966154397852,1,1,0,1,0,0,1,1,1,1.1770211465594258,0.4029462541611408,0.5079352703082123,1,0,1.17838644931314,-0.05518073575670806,1,0,0,0,0,1,0,0,1,0,0
0,0,0,1,-1.2409180113122174,1,0,0,1,0,0,0,0,0,-0.44399435135397186,-0.9623224050079662,-0.5705298937831644,1,0,-0.39170372479074267,-0.5933811506467346,0,0,0,0,0,0,1,0,0,0,0
1,1,1,0,1.0793088744876398,0,0,1,0,1,1,1,1,1,-0.029200211662723803,0.6965835572564714,1.5864004343995892,1,1,0.031125125285521412,-0.7006848902161311,0,0,0,1,1,0,0,0,0,1,0
1,0,0,0,-1.2816237461508113,1,0,0,0,0,0,0,1,1,0.5266239355235486,-0.9734676343842682,-0.5705298937831644,0,0,0.5248413905082012,0.0031493650749470433,1,0,0,0,0,1,0,0,0,0,1
0,0,1,1,-0.7117434584104956,1,0,0,0,0,0,0,0,0,-1.497571466169742,-0.8891544129411006,-1.109762475828853,1,0,-1.5465946877624928,0.62020566198275,0,1,0,0,0,0,1,1,0,0,0
0,0,0,0,-0.9152721326034655,1,0,0,0,0,0,0,0,1,-1.4511145225243218,-0.9112254774146439,-1.109762475828853,0,0,-1.4119805706478885,-0.4067248279854336,0,1,0,0,0,1,0,0,0,0,0
0,0,0,0,-1.0373893371192475,1,0,0,0,0,0,0,0,1,0.16326426915401518,-0.7827481875964837,-1.109762475828853,0,1,0.2877875610484693,-1.453814567332845,1,0,0,0,0,0,0,0,0,0,0
0,1,0,0,-0.38609757970174374,1,1,0,0,1,0,0,0,1,0.4785078153193637,-0.20361310915898811,-0.5705298937831644,0,0,0.49160925714859427,-0.16836361630365776,1,0,0,0,0,0,1,1,0,0,0
1,0,0,0,1.4863662228735797,1,0,0,0,0,0,0,0,0,-1.4925939364934466,-0.39490298107233146,-1.109762475828853,0,1,-1.477646402994177,-0.12402123575211477,0,1,0,1,1,0,0,0,0,1,0
0,1,0,0,-0.38609757970174374,1,0,1,0,0,0,0,0,1,0.34743286717692967,-0.2877508151789069,-0.5705298937831644,0,1,0.21575377785402133,1.5199934394135257,1,0,0,0,0,0,0,1,0,0,0
0,0,0,0,0.30589991255435406,1,1,0,0,1,1,1,1,1,0.5249647589647837,0.3989971571380416,1.0471678523539008,0,0,0.5055261121307372,0.20856753460168595,0,0,1,0,0,0,1,0,1,0,0
1,0,0,0,-1.0780950719578415,1,0,1,0,1,1,1,1,1,0.5083729933771337,-0.7924234753030767,1.5864004343995892,0,0,0.5722679127198195,-0.7601531227839772,0,0,0,1,0,0,1,0,0,0,0
1,0,0,0,0.5501343215859179,1,1,1,1,0,0,0,1,1,0.9546914876849167,0.8141569514052966,0.5079352703082123,0,0,0.839899278203177,1.3033014287937248,1,0,0,0,0,1,0,0,1,0,1
0,0,1,1,1.4456604880349857,1,0,0,0,0,0,0,0,1,-1.5125040551986266,-0.44172172022396283,-1.109762475828853,1,1,-1.5196974915300965,0.13417101060584713,0,1,0,1,0,0,0,0,0,1,0
0,0,1,1,0.346605647392948,1,1,0,1,1,1,1,1,1,1.465717867784534,0.945552185134969,1.5864004343995892,1,1,1.4460269341006815,0.18009035990348393,1,0,1,0,0,0,0,0,1,0,0
0,0,0,0,0.26519417771576004,0,0,1,1,0,1,0,0,0,-0.7891030755770901,-0.2625862913706026,0.5079352703082123,0,1,-0.7056180936332951,-0.9446877901784423,0,0,1,0,0,0,0,0,1,0,0
1,0,1,0,-0.4675090493789317,1,0,0,0,0,0,1,0,0,-0.34278458126930716,-0.5151968642815138,-0.5705298937831644,1,1,-0.3757898419223924,0.3953383984526413,0,0,0,0,0,0,0,1,0,0,0
1,0,0,0,0.18378270803857208,1,0,0,0,0,0,0,0,1,0.17985603474166512,0.11126156014945372,-1.109762475828853,0,0,0.1343103612848147,0.5237483591790452,1,0,0,0,0,0,1,0,1,0,0
0,0,0,0,1.1200146093262338,1,0,0,1,1,0,1,1,1,1.152133498177951,1.5979430133509545,1.0471678523539008,0,0,1.1276269731059816,0.24657230132911928,1,0,0,1,0,1,0,0,0,1,0
0,0,1,1,0.14307697319997809,1,1,1,1,1,1,1,1,1,0.928144662744677,0.4738544851536773,2.1256330164452777,1,1,0.9572407582302113,-0.36941494447524037,0,0,0,1,1,0,0,0,1,0,0
0,0,1,1,0.1023712383613841,1,0,1,0,1,1,1,1,1,1.3927140991988747,0.6393655292773454,1.5864004343995892,1,0,1.4025786904559108,-0.1612401503174725,1,0,0,0,0,1,0,0,1,0,0
0,0,1,1,1.6084834273893616,1,1,1,1,0,1,1,0,0,1.1604293809717758,2.1730412370537264,1.0471678523539008,1,1,1.1838954167066646,-0.31168618488926914,1,0,0,1,0,0,0,0,0,1,0
1,0,1,0,1.6084834273893616,1,1,1,1,1,1,1,1,1,0.8003880677197722,1.7354593474664306,2.1256330164452777,1,1,0.7255998810910049,0.8431562696059683,0,0,0,1,0,0,0,0,0,1,0
1,0,1,0,-1.0373893371192475,1,0,0,0,0,0,0,0,1,0.14667250356636527,-0.8109842313116429,-1.109762475828853,1,0,-0.01638819021242293,1.891704500101643,1,0,0,0,0,1,0,0,0,0,1
0,1,0,0,-1.2816237461508113,1,0,0,0,0,0,0,0,1,0.18815191753549007,-0.9779432776771141,-1.109762475828853,0,0,0.18734102314180298,0.0031493650749470433,1,0,0,0,0,0,1,0,0,0,0
1,0,0,0,1.3642490183577978,1,0,0,0,0,0,0,0,0,-1.5008898192872717,-0.45876865570700776,-1.109762475828853,0,1,-1.5201140439652658,0.27371648071019583,0,1,0,1,0,0,0,0,0,1,0
1,0,0,0,-0.06045170099299184,1,0,0,0,1,1,1,1,0,1.145496791942891,0.35566678702348115,1.0471678523539008,0,1,1.1707030992160052,-0.3314291447835206,1,0,0,1,0,0,0,0,1,0,0
1,0,0,0,-1.0373893371192475,1,1,0,0,0,0,1,1,1,0.9596690173612115,-0.7300277423381096,-0.031297311737476054,0,0,0.8557241036125132,1.176967476656316,1,0,0,0,0,1,0,0,0,0,1
0,1,0,0,-1.2409180113122174,1,0,0,0,0,0,0,0,1,0.17487850506537042,-0.9580442165662755,-1.109762475828853,0,1,-0.2303984021523906,4.708043271331423,1,0,0,0,0,0,0,0,0,0,1
0,0,0,0,0.8757802002946699,1,1,0,1,1,0,1,0,1,0.9895341954189815,1.238443547681492,0.5079352703082123,0,1,0.9896396905550087,-0.03426742354559087,1,0,1,0,0,0,0,0,0,1,0
1,0,0,0,-1.2816237461508113,1,1,0,0,0,0,0,0,1,-1.3565414586747175,-0.9983688850576992,-1.109762475828853,0,0,-1.352918006358769,0.0031493650749470433,0,1,0,0,0,0,1,0,0,0,1
1,0,1,1,1.5677776925507676,1,0,0,1,0,1,1,1,1,0.2794066282675646,1.2528138729599918,1.0471678523539008,1,1,0.2534709625636368,0.29233521708540894,0,0,0,1,1,0,0,0,0,1,0
1,0,0,0,-1.1595065416350294,1,0,0,0,0,0,0,0,0,-1.4677062881119718,-0.9768682457097148,-1.109762475828853,0,0,-1.5444163765678893,0.9412417083469437,0,1,0,0,0,0,1,0,0,0,0
0,0,0,0,-1.2002122764736234,1,0,0,0,0,0,1,0,1,0.48016699187812906,-0.901572129135957,-0.5705298937831644,0,0,0.5496575939910247,-0.8242961889906057,1,0,0,0,0,1,0,0,0,0,1
0,0,0,1,-0.6303319887333076,1,0,0,0,0,0,1,1,1,-0.007630916398778715,-0.5292819769972343,-0.031297311737476054,1,0,-0.021115086113913436,0.15709272397086663,0,0,0,0,0,0,1,1,0,0,1
1,0,0,0,0.7943687306174818,1,1,1,0,0,1,1,1,1,0.4917812277894838,0.841800630566991,1.0471678523539008,0,1,0.5351496596472202,-0.5208501450130784,0,0,0,1,1,0,0,0,0,1,0
0,0,1,1,-1.2409180113122174,1,0,0,0,0,0,0,0,0,-1.480979700582092,-0.9949243948764405,-1.109762475828853,1,0,-1.6209330039732615,1.6772833930680495,0,1,1,0,0,0,1,0,0,0,0
0,0,1,0,-0.7524491932490895,1,0,1,1,0,1,1,1,0,1.3611897445823398,-0.41703986382959296,1.5864004343995892,1,0,1.0393640093854066,3.6977899785769623,1,0,1,0,0,0,1,1,0,0,1
0,0,1,1,-0.9152721326034655,1,1,1,1,0,0,1,0,0,0.1781968581829002,-0.7122348663062571,0.5079352703082123,1,0,0.0885725332801659,1.0364941616637935,0,0,1,0,0,1,0,0,0,0,0
1,0,0,0,-1.2409180113122174,1,0,0,0,0,0,0,0,0,-1.4826388771408567,-0.992774330941642,-1.109762475828853,0,0,-1.5398667392627052,0.7151373999685655,0,1,0,0,0,0,1,0,0,0,0
1,0,1,1,0.9978974048104517,1,0,1,1,0,1,0,0,0,-0.17686692539280796,0.5309628159932728,0.5079352703082123,1,0,-0.11149831143030174,-0.7544140063339088,0,0,1,0,0,0,1,0,0,1,0
1,1,1,0,-0.7931549280876836,1,0,0,0,0,0,0,0,0,0.18317438785919538,-0.6363463851790345,-1.109762475828853,1,1,0.012482235524370661,1.9792492124408108,1,0,0,0,0,0,0,1,0,0,0
1,1,0,0,1.2828375486806096,1,1,0,0,1,1,1,1,0,1.233433149557435,1.925740005696093,1.0471678523539008,0,0,1.3090851209893433,-0.921112129546249,1,0,1,0,0,1,0,0,0,1,0
0,0,0,0,0.9978974048104517,0,0,1,0,1,1,0,0,1,-0.790762252135855,-0.018027488501232446,0.5079352703082123,0,1,-0.8377858666942662,0.5733474641433771,0,0,1,0,1,0,0,0,0,1,0
0,0,1,1,1.5677776925507676,1,0,0,0,1,0,0,0,0,0.3690021624408743,1.3765303069225268,-0.5705298937831644,1,0,0.38486868222527165,-0.19686859067362286,1,0,0,1,0,1,0,0,0,1,0
1,0,0,0,-1.2816237461508113,1,0,0,0,0,0,0,0,1,0.18815191753549007,-0.9779432776771141,-1.109762475828853,0,0,0.18734102314180298,0.0031493650749470433,1,0,0,0,0,0,1,0,0,0,0
0,0,0,0,-1.2816237461508113,1,1,0,0,0,0,0,0,1,0.3374778078243394,-0.9759687291655644,-1.109762475828853,0,0,0.33623824403874336,0.0031493650749470433,1,0,0,0,0,1,0,0,0,0,1
1,0,0,0,-1.2816237461508113,1,0,0,0,0,0,0,0,0,-0.6746198930223056,-0.9893517801882895,-1.109762475828853,0,0,-0.6729540309294078,0.0031493650749470433,0,0,0,0,0,0,1,0,0,0,0
0,1,1,0,0.8350744654560759,1,1,0,0,0,0,1,1,1,1.026036079711811,1.192151354799607,-0.031297311737476054,1,1,0.9829890867565017,0.46643173760134043,1,0,1,0,1,0,0,0,0,1,0
0,0,0,0,-1.2816237461508113,1,1,0,0,0,0,0,1,1,-0.15861598324639314,-0.9825286181094903,-0.5705298937831644,0,0,-0.15843141205220285,0.0031493650749470433,0,0,0,0,0,1,0,0,0,0,1
1,1,1,0,1.1200146093262338,1,0,0,1,1,0,1,1,1,1.095721495179941,1.5654507206220105,1.0471678523539008,1,0,1.0867905315970243,0.06729243128158112,1,0,1,0,0,1,0,0,0,1,0
0,0,1,0,-1.2816237461508113,1,0,0,0,0,0,0,0,1,-0.6613464805521857,-0.9891762647650406,-1.109762475828853,1,0,-0.6597187224052353,0.0031493650749470433,0,0,0,0,0,1,0,0,0,0,0
0,0,0,1,-0.6710377235719016,1,0,0,0,0,0,1,0,1,0.5332606417586087,-0.43316534334058127,-0.5705298937831644,1,0,0.5648575186242543,-0.38531707963897177,1,0,0,0,0,1,0,1,0,0,1
0,0,0,0,1.5270719577121736,1,0,0,0,0,0,0,0,0,-1.5008898192872717,-0.42028689915969675,-1.109762475828853,0,1,-1.5145778461897328,0.20932350645340747,0,1,1,0,0,0,0,0,0,1,0
0,0,1,0,1.3642490183577978,1,1,1,1,0,1,0,0,0,0.7987288911610074,1.57931643905867,0.5079352703082123,1,0,0.8084981163785343,-0.14029785571443132,1,0,1,0,0,1,0,0,0,1,0
0,0,0,0,-0.30468611002455576,1,0,1,1,0,0,0,0,1,0.4950995809070136,-0.1246092292690983,-0.031297311737476054,0,1,0.5186869720444608,-0.29088245041625355,1,0,0,0,0,0,0,0,1,0,1
0,0,0,0,-1.2816237461508113,1,0,0,0,0,0,0,0,0,-1.5191407614336867,-1.0005189489924977,-1.109762475828853,0,0,-1.5150505357798818,0.0031493650749470433,0,1,0,0,0,0,1,0,0,0,0
1,0,0,0,0.18378270803857208,1,1,1,1,1,1,0,0,0,0.08362379433329585,0.06317033417926812,1.0471678523539008,0,0,0.03629753599769971,0.5476719892777369,0,0,1,0,0,1,0,0,1,0,0
1,0,0,1,-1.2816237461508113,1,0,0,0,0,0,0,0,1,-1.5091857020810966,-1.000387312425061,-1.109762475828853,1,0,-1.5051240543867523,0.0031493650749470433,0,1,0,0,0,0,1,0,0,0,1
0,0,0,0,-1.1595065416350294,1,0,0,0,0,0,0,1,1,0.47187110908430413,-0.8697160798162902,-0.5705298937831644,0,0,0.47562258693393494,-0.05939012447651721,1,0,0,0,0,1,0,0,0,0,1
0,0,0,0,-1.2002122764736234,1,0,0,0,0,0,0,0,0,-0.6746198930223056,-0.9550823937989511,-1.109762475828853,0,0,-0.7953806347780034,1.427125434862184,0,0,0,0,0,1,0,0,0,0,0
0,0,0,0,-0.1418631706701798,1,1,1,0,0,0,0,1,1,0.03882602724664078,-0.1698922084673022,-0.031297311737476054,0,0,0.033024171599188724,0.06618651634698011,0,0,0,0,0,1,0,0,1,0,0
1,0,1,0,1.1607203441648277,1,1,1,0,1,1,0,1,0,0.3457736906181643,1.0662409780464615,1.0471678523539008,1,1,0.4166264704027747,-0.8356526662862108,0,0,0,1,1,0,0,0,0,1,0
0,1,1,0,1.6084834273893616,1,1,1,1,1,1,1,1,1,1.719571881275578,2.6229530851242537,2.1256330164452777,1,1,1.6551045693198676,0.6924200640203885,1,0,0,1,1,0,0,0,0,1,0
1,0,1,1,1.4456604880349857,1,0,1,1,1,0,1,1,1,1.27159421040903,2.095244025698672,1.5864004343995892,1,1,1.293657106250573,-0.2990776704045364,1,0,0,1,1,0,0,0,0,1,0
1,0,0,0,-1.2816237461508113,1,0,0,0,0,0,0,0,0,-1.4859572302583868,-1.0000801604343756,-1.109762475828853,0,0,-1.4819622644694506,0.0031493650749470433,0,1,0,0,0,0,1,0,0,0,1
1,0,1,1,0.7536629957788878,1,0,0,0,0,0,0,0,0,-1.5058673489635668,-0.5320682843413098,-1.109762475828853,1,1,-1.4436187971273624,-0.6737486394821012,0,1,0,1,1,0,0,0,0,1,0
0,0,0,0,-0.9966836022806536,1,1,1,0,0,1,1,1,1,1.27491256352656,-0.6371362045836543,1.0471678523539008,0,1,1.3557706037914046,-0.9830502778520238,1,0,0,0,0,0,0,0,0,0,1
1,0,0,0,1.4863662228735797,1,1,1,1,1,0,1,1,1,1.497242222401069,2.251606328385494,1.5864004343995892,0,1,1.4146521416686448,0.9106343104505157,1,0,0,1,1,0,0,0,0,1,0
1,0,0,0,-0.7524491932490895,1,0,0,0,0,0,0,0,0,-1.5125040551986266,-0.8664032262024681,-1.109762475828853,0,0,-1.3810430369726352,-1.4785554642982572,0,1,1,0,0,0,1,1,0,0,0
0,0,1,0,1.2014260790034217,1,1,0,0,1,0,1,1,1,1.2085455011759603,1.6960780743749693,0.5079352703082123,1,0,1.1412972322933475,0.7418291920351967,1,0,0,0,0,1,0,0,0,1,0
0,1,0,0,0.7129572609402939,1,1,1,1,0,0,0,0,1,0.6129011165793284,0.7961227416664769,-0.031297311737476054,0,0,0.5736135024197769,0.43649992036695634,1,0,0,0,0,1,0,0,0,1,0
0,0,1,0,1.5677776925507676,1,0,1,1,1,1,1,1,1,0.659358060224748,1.6440377513816846,2.1256330164452777,1,1,0.6689850851042066,-0.13399031732177039,0,0,1,0,0,0,0,0,0,1,0
1,0,0,0,0.22448844287716607,1,0,0,0,1,1,0,1,1,-0.08727139121949852,0.024337546785459456,0.5079352703082123,0,0,-0.09826300290612908,0.13076030731761248,0,0,1,0,0,0,1,0,1,0,1
1,1,1,0,1.0386031396490458,1,1,0,0,1,0,1,1,1,1.1206091435614158,1.5415806230601667,0.5079352703082123,1,0,1.1673243413669534,-0.5807737203923274,1,0,0,0,0,1,0,0,0,1,1
0,0,0,0,0.631545791263106,1,1,0,0,0,0,0,0,0,-1.3465863993221274,-0.5114671615374757,-1.109762475828853,0,1,-1.367187323361392,0.28457706805654576,0,1,1,0,0,0,0,0,1,0,0
1,0,0,0,-1.2409180113122174,0,0,0,1,1,1,0,0,1,-0.8139907239585651,-0.975069212621414,0.5079352703082123,0,1,-0.8723108655747557,0.7055159400375685,0,0,0,0,1,0,0,0,0,0,1
1,0,1,1,-0.1418631706701798,1,0,1,0,0,0,0,1,1,-0.15695680668762801,-0.20411771600082848,-0.031297311737476054,1,0,-0.055971868477143236,-1.169341648584908,0,0,0,0,0,0,1,0,1,0,0
0,0,1,1,1.3642490183577978,1,0,1,1,0,1,0,0,1,-0.2233238690382277,0.6632136874112833,0.5079352703082123,1,1,-0.2381941994081058,0.18041747531873084,0,0,0,1,1,0,0,0,0,1,0
1,0,1,0,1.3642490183577978,1,1,0,1,0,1,1,1,1,1.29814103534927,2.0143314155809513,1.0471678523539008,1,0,1.3055240584567385,-0.12921859882419398,1,0,1,0,0,1,0,0,0,1,1
1,0,1,1,0.8757802002946699,0,0,0,0,1,1,0,1,0,-0.6281629493768859,0.05472365443541708,0.5079352703082123,1,1,-0.6633645597070327,0.4304134560846789,0,0,0,1,1,0,0,0,0,1,0
0,0,1,1,1.3642490183577978,1,0,1,0,0,0,1,0,1,-0.17188939571651304,0.7448283592219999,-0.031297311737476054,1,0,-0.14494543480598146,-0.30765294663537274,0,0,0,1,0,1,0,0,0,1,0
1,0,0,0,-0.5896262538947137,1,0,0,0,0,0,0,0,0,-1.4876164068171518,-0.832594567799158,-1.109762475828853,0,0,-1.4099952743692625,-0.853160568783594,0,1,1,0,0,0,1,1,0,0,0
0,0,0,0,-1.2409180113122174,0,0,0,0,0,0,0,1,1,-1.003136851657774,-0.9816071621374338,-0.5705298937831644,0,0,-1.1188184868374682,1.37901813520721,0,0,0,0,0,1,0,0,0,0,1
1,0,0,0,-1.2002122764736234,1,0,0,0,0,0,0,0,0,-1.5042081724048018,-0.9820020718397438,-1.109762475828853,0,0,-1.472035783076321,-0.3239802725788766,0,1,1,0,0,0,1,0,0,0,0
1,1,0,0,-1.2816237461508113,0,0,0,0,0,0,0,0,1,-1.3216987509406526,-0.997908157071671,-1.109762475828853,0,0,-1.318175321482816,0.0031493650749470433,0,0,0,0,0,1,0,0,0,0,1
0,0,1,1,-1.2816237461508113,1,0,0,0,0,0,0,0,1,-1.5241182911099815,-1.000584767276216,-1.109762475828853,1,0,-1.5200137764764463,0.0031493650749470433,0,1,0,0,0,0,1,0,0,0,0
1,0,1,0,0.6722515261016999,1,0,0,1,0,0,1,0,1,0.6759498258123978,0.8769695335004797,-0.031297311737476054,1,1,0.7535893885981721,-0.9256160527537405,1,0,0,0,1,0,0,0,0,1,0
0,0,1,1,1.6084834273893616,1,1,1,0,1,1,1,1,1,0.695859944517578,1.6724054316642802,1.5864004343995892,1,1,0.6595612062672692,0.3989655361250448,0,0,0,1,1,0,0,0,0,1,0
1,0,1,1,-1.2409180113122174,1,0,0,0,0,0,0,0,1,-0.6779382461398357,-0.9694088402216385,-1.109762475828853,1,0,-0.6588915156224746,-0.19890129347594399,0,0,0,0,0,1,0,0,0,0,0
1,0,1,0,-0.8745663977648716,1,0,0,0,0,0,0,0,1,-1.472683817788267,-0.9277678060558483,-1.109762475828853,1,0,-1.5923567696597074,1.4411202856709033,0,1,1,0,0,0,1,0,0,0,0
0,0,1,1,-1.2002122764736234,1,0,0,0,0,0,0,0,0,-1.5141632317573919,-0.984920015751256,-1.109762475828853,1,0,-1.545381451147777,0.41366498879739333,0,1,0,0,0,0,1,0,0,0,0
0,0,1,1,0.020959768684196134,1,1,0,1,1,1,0,0,0,0.7854554786908873,0.25860675796686544,0.5079352703082123,1,1,0.7477360181539241,0.4124987512299997,1,0,0,0,1,0,0,0,1,0,0
1,0,0,1,-0.9966836022806536,0,0,0,0,0,0,0,0,0,-1.3084253384705327,-0.9144944521726539,-1.109762475828853,1,0,-1.25861643312404,-0.5356523910607633,0,0,0,0,0,0,1,0,0,0,1
0,0,0,0,1.2421318138420157,1,1,1,1,1,0,1,0,0,1.097380671738706,1.7196629593740338,1.0471678523539008,0,1,1.1173052706944218,-0.2683896151997935,1,0,0,1,1,0,0,0,0,1,0
0,0,0,1,-0.8745663977648716,1,0,0,0,0,0,0,0,0,-1.4876164068171518,-0.9117959025402027,-1.109762475828853,1,1,-1.4828646718688259,-0.005597416680501691,0,1,0,0,1,0,0,0,0,0,1
0,0,1,1,0.14307697319997809,0,0,1,0,1,1,0,0,0,-0.8056948411647401,-0.32996227447025595,0.5079352703082123,1,1,-0.7264926921469805,-0.894319036266183,0,0,0,1,1,0,0,0,1,0,0
1,0,1,1,-0.9966836022806536,1,0,0,0,1,0,1,1,1,0.9895341954189815,-0.6756399005588714,0.5079352703082123,1,0,0.9928336278551123,-0.07141694939026076,1,0,0,0,0,1,0,0,0,0,0
0,1,0,0,-0.9152721326034655,0,0,0,0,0,0,0,1,1,-1.003136851657774,-0.8642092834118575,-0.5705298937831644,0,0,-1.057439743556618,0.6651058083273914,0,0,0,0,0,1,0,0,0,0,1
0,0,0,0,-1.2002122764736234,1,1,0,0,0,0,0,0,1,0.3374778078243394,-0.8901416871968755,-1.109762475828853,0,1,0.8369740832032689,-5.821041046487264,1,0,0,0,1,0,0,0,0,0,1
0,0,0,0,-0.1418631706701798,1,0,1,1,1,0,0,1,1,0.13008073797871536,-0.14428889610087586,1.0471678523539008,0,1,0.09960005542552192,0.35018547155151636,0,0,0,0,0,0,0,0,1,0,1
0,0,1,1,1.2828375486806096,1,1,0,1,0,0,0,0,1,-0.36767222965078206,0.4828935294509932,-0.5705298937831644,1,1,-0.3909540686438658,0.2830737149423292,0,0,1,0,0,0,0,0,0,1,0
1,0,1,1,0.7129572609402939,1,1,1,1,1,0,1,1,1,1.4375118662855293,1.3743144247040098,1.5864004343995892,1,0,1.44562180453488,-0.14232710908168947,1,0,1,0,0,1,0,0,0,1,0
1,1,0,0,-1.2816237461508113,1,0,0,0,0,0,0,0,1,0.1599459160364854,-0.9783162479515178,-1.109762475828853,0,0,0.15921599252793667,0.0031493650749470433,1,0,0,0,0,1,0,0,0,0,1
0,0,1,0,-1.0373893371192475,1,0,0,0,1,0,0,0,1,0.33913698438310474,-0.7908877153496492,-0.5705298937831644,1,1,0.20010364207582645,1.60580969072352,1,0,0,0,0,0,0,0,0,0,1
0,0,0,0,-0.7524491932490895,1,0,0,1,0,0,0,0,0,-0.4473127044715016,-0.689549497851343,-0.5705298937831644,0,1,-0.4284553404248288,-0.2043992705793689,0,0,1,0,1,0,0,1,0,0,0
1,0,0,0,-1.2816237461508113,1,0,0,0,0,0,0,0,0,0.18815191753549007,-0.9779432776771141,-1.109762475828853,0,0,0.18734102314180298,0.0031493650749470433,1,0,0,0,0,0,1,0,0,0,1
0,1,0,0,-1.2002122764736234,1,0,0,0,0,0,0,0,1,0.1781968581829002,-0.9055870444427745,-1.109762475828853,0,0,0.4487383664942096,-3.152689492291361,1,0,0,0,0,1,0,0,0,0,1
0,0,0,0,-1.2002122764736234,1,1,0,0,0,1,1,0,0,-0.010949269516308983,-0.9324847830556613,-0.031297311737476054,0,0,-0.22736531061560125,2.5175575603749305,0,0,0,0,0,1,0,0,0,0,0
0,0,0,0,-1.2409180113122174,1,1,0,0,0,0,0,0,1,0.36402463276457964,-0.946021410073729,-1.109762475828853,0,0,0.2229109148005166,1.629176093413078,1,0,0,0,0,1,0,0,0,0,1
1,0,1,0,0.14307697319997809,0,0,1,0,1,0,0,0,0,-0.9815675563938292,-0.43062036970347295,-0.031297311737476054,1,0,-0.9373385098862281,-0.4816653103368487,0,0,1,0,0,0,1,0,1,0,0
0,0,1,1,1.4456604880349857,1,1,0,1,0,1,1,1,1,1.28818597599668,2.079908365592304,1.0471678523539008,1,1,1.2766507079814617,0.09115742503199005,1,0,0,1,1,0,0,0,0,1,0
1,1,0,0,0.020959768684196134,1,1,0,1,1,0,0,0,1,0.6278337056082129,0.18295961054661009,-0.031297311737476054,0,1,0.5748748674291261,0.5950149305270513,1,0,0,0,1,0,0,0,1,0,1
0,0,0,0,-0.9559778674420595,1,1,0,0,1,0,1,1,0,1.107335731091296,-0.6037005164547479,0.5079352703082123,0,1,1.2465333525346063,-1.6560179474699426,1,0,0,0,1,0,0,0,0,0,1
1,1,1,0,-0.019745966154397852,1,1,0,0,0,0,0,1,1,0.665994766459808,0.1503795601060418,-0.5705298937831644,1,0,0.5832111691167591,0.9406403671012543,1,0,0,0,0,1,0,0,1,0,1
1,0,1,0,-0.4268033145403377,1,0,1,0,0,1,0,0,1,-0.3560579937394271,-0.5031301789331553,-0.031297311737476054,1,0,-0.4150159159412737,0.6976438364576654,0,0,0,0,0,1,0,1,0,0,1
0,0,1,0,-0.5489205190561197,1,1,0,1,0,0,0,1,1,0.8020472442785371,-0.29773325487618535,-0.031297311737476054,1,0,0.6739127602015121,1.463585704074375,1,0,0,0,0,1,0,1,0,0,0
1,0,1,1,1.4049547531963917,1,0,1,0,1,1,0,0,1,-0.1503201004525682,0.7259165723669359,0.5079352703082123,1,1,-0.19613722570222403,0.537930212582779,0,0,0,1,0,0,0,0,0,1,0
0,0,1,1,0.346605647392948,1,0,0,0,0,0,0,0,0,-1.5008898192872717,-0.6560260520108121,-1.109762475828853,1,1,-1.4996362435352661,0.035533791184148435,0,1,0,1,0,0,0,0,1,0,0
0,0,0,0,-1.2002122764736234,1,0,0,0,0,1,0,1,0,0.6925415914000478,-0.8894835043596923,-0.031297311737476054,0,0,0.8535182188584846,-1.8954853946413688,1,0,0,0,0,1,0,0,0,0,1
1,0,0,0,0.7943687306174818,1,0,0,0,0,0,0,0,0,-1.5025489958460367,-0.5591415383774454,-1.109762475828853,0,0,-1.4964383831677641,-0.020904284752540053,0,1,0,1,0,0,1,0,0,1,0
0,0,0,0,-1.2816237461508113,1,0,0,0,0,0,0,1,1,0.5647849963751436,-0.9729630275424279,-0.5705298937831644,0,0,0.5628929025151973,0.0031493650749470433,1,0,0,0,0,1,0,0,0,0,1
0,0,1,1,-1.2409180113122174,1,0,0,0,0,0,1,1,0,0.025552614776521126,-0.9499705070968282,-0.031297311737476054,1,0,0.07401369390357625,-0.5645167708537462,0,0,0,0,0,0,1,0,0,0,1
0,0,0,0,-1.2409180113122174,1,0,0,1,0,0,1,0,1,0.7373393584867028,-0.9282943523255949,-0.031297311737476054,0,1,0.8912939952712268,-1.8153065618830748,1,0,0,0,0,0,0,0,0,0,1
1,0,1,1,-0.9966836022806536,1,0,0,0,0,0,0,0,1,-1.5125040551986266,-0.9419626159110993,-1.109762475828853,1,0,-1.517532156128164,0.10898542431589107,0,1,0,0,0,0,1,0,0,0,0
0,1,1,0,0.387311382231542,1,1,0,1,1,0,1,0,1,1.0160810203592212,0.7157805566743146,0.5079352703082123,1,0,0.9478985736915717,0.7591212167959676,1,0,0,0,0,1,0,0,1,0,0
0,1,1,0,-0.7931549280876836,1,0,0,0,0,0,0,0,1,0.1732193285066055,-0.6066623392220722,-1.109762475828853,1,0,0.18466850892057618,-0.13895219698282235,1,0,0,0,0,1,0,1,0,0,1
0,0,0,0,-0.9966836022806536,1,1,1,0,0,1,0,1,0,0.20640285968190536,-0.761598579094997,0.5079352703082123,0,0,0.1825845841409286,0.27014487816005706,0,0,0,0,0,1,0,0,0,0,1
0,0,1,0,0.8350744654560759,1,0,0,0,0,0,0,0,0,-1.5224591145512167,-0.5743236224884711,-1.109762475828853,1,1,-1.5303460574233827,0.1425697655844571,0,1,1,0,1,0,0,0,0,1,0
0,0,0,0,-0.7117434584104956,1,0,0,1,0,0,1,0,1,0.6062644103442684,-0.5130906792025276,-0.031297311737476054,0,1,0.343958840677844,3.0307020900279924,1,0,0,0,0,0,0,1,0,0,0
0,0,0,0,0.26519417771576004,0,0,0,0,1,0,1,1,1,-0.4705411762942116,-0.12634244407368064,0.5079352703082123,0,0,-0.4421845489694773,-0.3141121085470898,0,0,0,0,0,1,0,0,1,0,1
1,1,1,0,-0.22327464034736777,0,0,0,0,0,0,0,1,0,-0.9434064955422343,-0.5560919578984965,-0.5705298937831644,1,1,-0.8839836723981579,-0.6596623190602526,0,0,0,0,0,0,0,0,1,0,1
0,0,0,0,-1.2816237461508113,1,1,0,1,0,0,1,1,1,1.1720436168831305,-0.9649331969287929,0.5079352703082123,0,1,1.168408267496088,0.0031493650749470433,1,0,0,0,1,0,0,0,0,0,1
0,0,0,0,0.5501343215859179,1,0,0,0,0,0,0,0,1,-1.4544328756418519,-0.5977329920642869,-1.109762475828853,0,0,-1.4746252999614853,0.2834266761082754,0,1,0,1,0,1,0,0,1,0,0
1,0,1,0,-0.6303319887333076,1,1,0,1,0,0,0,0,1,0.5166688761709587,-0.42230532652705854,-0.5705298937831644,1,1,0.4534096518556822,0.7185332093559751,1,0,0,0,0,0,0,1,0,0,0
1,0,1,1,0.7536629957788878,1,0,0,0,0,0,0,0,0,-1.5108448786398618,-0.5711204660141795,-1.109762475828853,1,0,-1.5013610745122328,-0.05986176466921534,0,1,1,0,0,0,1,0,0,1,0
0,0,0,0,-0.9559778674420595,1,0,0,0,1,0,0,1,1,0.6759498258123978,-0.6660523705639028,-0.031297311737476054,0,1,0.7241063132887982,-0.5826906396122955,1,0,0,0,1,0,0,0,0,0,0
0,1,0,0,0.5094285867473239,1,1,0,0,1,0,1,1,1,1.1687252637656007,0.9479874616325469,0.5079352703082123,0,1,1.130577343964495,0.4046849595284661,1,0,1,0,0,0,0,0,1,0,0
1,0,1,1,1.4863662228735797,1,1,0,1,1,0,1,1,1,1.3296653899658049,2.1932474501552504,1.0471678523539008,1,0,1.350873299867379,-0.2910720907859093,1,0,0,1,0,1,0,0,0,1,0
0,0,1,1,0.9978974048104517,1,0,0,0,0,0,0,0,0,-1.4992306427285067,-0.45076076452127883,-1.109762475828853,1,1,-1.4102710099635163,-0.9846538545071896,0,1,0,1,0,0,0,0,0,1,0
0,0,0,1,-0.4268033145403377,0,0,0,0,1,0,1,1,1,-0.5136797668221014,-0.5563552310333698,0.5079352703082123,1,1,-0.597452611848333,0.991535703440781,0,0,1,0,1,0,0,1,0,0,0
1,0,0,0,-1.2816237461508113,1,0,0,0,0,0,1,0,1,0.5183280527297236,-0.9735773315237988,-0.5705298937831644,0,0,0.5165693226805934,0.0031493650749470433,1,0,0,0,0,1,0,0,0,0,0
1,0,0,0,-0.9152721326034655,1,0,1,0,0,0,0,0,1,-0.4406759982364418,-0.7787771511454784,-0.5705298937831644,0,0,-0.4132111011425229,-0.3047373527168894,0,0,0,0,0,0,1,0,0,0,0
1,0,0,0,-0.019745966154397852,1,0,0,0,0,0,0,0,1,-1.4892755833759168,-0.7393081203423927,-1.109762475828853,0,1,-1.5133444217904375,0.3296776614830841,0,1,0,1,0,0,0,0,1,0,0
0,0,1,1,-0.6710377235719016,1,1,0,1,0,0,0,0,1,0.4984179340245439,-0.45255979760957954,-0.5705298937831644,1,1,0.473451169129188,0.27375292563417686,1,0,0,0,1,0,0,1,0,0,0
0,0,1,1,0.9978974048104517,1,0,0,1,0,0,1,1,1,0.9978300782128064,1.4201239501719607,0.5079352703082123,1,0,1.0648187584549222,-0.8124803610051758,1,0,1,0,0,1,0,0,0,1,0
0,0,0,0,-0.5896262538947137,1,0,0,0,0,0,0,0,0,-1.5025489958460367,-0.8370482716640975,-1.109762475828853,0,0,-1.428653382913756,-0.8093294735423947,0,1,0,0,0,0,1,1,0,0,0
0,0,1,1,0.346605647392948,1,0,0,1,0,1,0,1,1,0.052099439716760905,0.1883567098115122,0.5079352703082123,1,1,0.053373875884935286,-0.01656289429587013,0,0,1,0,0,0,0,0,1,0,1
1,0,0,0,-0.7524491932490895,1,0,0,0,1,0,0,0,0,0.38227557491099445,-0.5185535967511482,-0.5705298937831644,0,0,0.49258032598053103,-1.2957477256093561,1,0,0,0,0,1,0,1,0,0,0
0,0,0,0,-0.9559778674420595,1,1,0,0,0,0,1,1,1,0.9895341954189815,-0.6184438120076514,-0.031297311737476054,0,0,1.1230038063089964,-1.5854605746426458,1,0,0,0,0,1,0,0,0,0,1
0,1,0,0,-0.7931549280876836,1,1,1,0,0,0,1,1,1,1.1902945590295455,-0.434942437000976,0.5079352703082123,0,0,1.1807527379465181,0.0712396968942942,1,0,0,0,0,1,0,1,0,0,1
1,0,0,0,-1.2816237461508113,1,1,0,0,0,0,0,0,1,0.3374778078243394,-0.9759687291655644,-1.109762475828853,0,0,0.33623824403874336,0.0031493650749470433,1,0,0,0,0,1,0,0,0,0,0
1,0,1,0,1.4456604880349857,1,0,0,1,0,1,1,1,1,1.1737027934418955,1.9548097476716841,1.0471678523539008,1,0,1.1379232645902275,0.3769713818056573,1,0,1,0,0,1,0,0,0,1,0
0,0,1,1,0.631545791263106,1,0,0,0,0,0,0,0,0,-1.4842980536996218,-0.5581762035495766,-1.109762475828853,1,1,-1.4405674583821297,-0.4590816057765974,0,1,0,1,0,0,0,0,1,0,0
1,1,0,0,-0.7931549280876836,1,1,0,1,1,0,1,1,1,1.3927140991988747,-0.41028252003451215,1.0471678523539008,0,0,1.3237958800731515,0.7551034642973142,1,0,0,0,0,1,0,1,0,0,1
1,0,0,0,-1.2409180113122174,1,0,1,0,1,0,0,0,1,-0.32619281568165726,-0.9591850668173929,-0.031297311737476054,0,0,-0.2734131548559513,-0.6030026105777261,0,0,0,0,0,0,1,0,0,0,1
0,0,0,0,-0.019745966154397852,1,1,1,0,0,0,1,1,0,0.3258635719129846,-0.007189411115615871,0.5079352703082123,0,0,0.21189872450501362,1.314674621918683,0,0,1,0,0,0,1,0,1,0,0
0,0,1,0,0.7536629957788878,1,0,1,1,0,1,0,0,1,-0.14700174733503815,0.3711340836972863,0.5079352703082123,1,1,-0.10815021545301808,-0.4469840348339495,0,0,1,0,0,0,0,0,0,1,0
0,0,0,0,-1.2816237461508113,1,0,0,0,0,0,0,0,0,0.15330920980142534,-0.9784040056631422,-1.109762475828853,0,0,0.15259833826585034,0.0031493650749470433,1,0,0,0,0,0,1,0,0,0,1
0,0,0,0,-0.30468611002455576,1,0,0,0,0,0,0,0,0,-1.4942531130522119,-0.777460785471112,-1.109762475828853,0,1,-1.4505284067245408,-0.45868071161280627,0,1,1,0,1,0,0,0,1,0,0
0,0,1,1,-0.7524491932490895,1,0,0,0,0,0,0,0,0,-1.5307549973450416,-0.8967893338524258,-1.109762475828853,1,0,-1.5447118075617323,0.21344698928097683,0,1,0,1,0,0,1,1,0,0,0
0,0,1,0,-0.10115743583158582,1,0,0,1,1,1,0,1,0,0.17653768162413533,-0.04406958942578093,1.0471678523539008,1,1,0.27656906144226595,-1.1693858851822907,0,0,1,0,0,0,0,0,1,0,0
0,0,1,1,1.6084834273893616,1,1,1,1,1,1,1,1,0,1.7444595296570529,2.795418927894158,2.1256330164452777,1,1,1.8357343615221593,-1.1198888190928389,1,0,0,1,1,0,0,0,0,1,0
0,0,1,0,0.9571916699718578,1,1,0,0,0,0,1,0,1,0.6859048851649877,1.1423707928806512,-0.5705298937831644,1,1,0.7481872218536118,-0.7473245095426514,1,0,0,0,0,0,0,0,0,1,0
1,0,1,0,1.6084834273893616,1,1,1,1,1,0,1,0,1,1.095721495179941,2.1127297497398394,1.0471678523539008,1,1,1.120728987656404,-0.3274546886650665,1,0,0,1,1,0,0,0,0,1,0
1,0,1,1,0.8350744654560759,1,0,0,0,0,0,0,0,1,-1.5108448786398618,-0.5217128743696275,-1.109762475828853,1,0,-1.4554916474211055,-0.5933811506467332,0,1,0,1,0,0,1,0,0,1,0
1,0,0,1,-1.2002122764736234,1,0,1,0,1,0,0,0,0,-0.29964599074141746,-0.9397906125483946,-0.031297311737476054,1,0,-0.411005216388494,1.3052536090695788,0,0,0,0,0,0,1,0,0,0,0
1,0,0,0,0.26519417771576004,1,1,0,0,0,0,0,0,0,0.34245533750063456,0.31518854253671447,-1.109762475828853,0,0,0.41153527170030185,-0.8149214331604108,1,0,0,0,0,1,0,0,1,0,1
1,0,1,0,0.30589991255435406,1,1,0,1,0,0,1,1,1,1.2068863246171952,0.7958594685316038,0.5079352703082123,1,0,1.253693286798725,-0.5847218367088444,1,0,0,0,0,1,0,0,1,0,1
1,0,0,1,1.1200146093262338,1,0,0,0,0,0,0,0,0,-1.4925939364934466,-0.4868072445710119,-1.109762475828853,1,0,-1.4924953641699379,0.048690942081655544,0,1,0,1,0,0,1,0,0,1,0
0,0,0,0,1.4456604880349857,1,1,0,1,1,0,1,1,1,0.5216464058472539,1.3299090226220502,1.0471678523539008,0,0,0.44494294713801275,0.874740441176838,0,0,0,1,0,1,0,0,0,1,0
1,0,1,1,0.7943687306174818,1,0,1,1,1,0,1,1,0,0.473530285643069,0.7533847361053814,1.5864004343995892,1,0,0.40693260831929934,0.7588040258092361,0,0,0,1,0,1,0,0,0,1,0
1,0,0,1,-0.38609757970174374,0,0,1,1,0,1,0,0,0,-0.8056948411647401,-0.5932134699156288,0.5079352703082123,1,1,-0.7857418774832257,-0.20517615864833158,0,0,1,0,0,0,0,1,0,0,0
1,0,1,0,1.1607203441648277,1,0,1,1,0,1,1,1,1,0.5349198183173736,1.0742927480880022,1.5864004343995892,1,0,0.42658007332976483,1.2422672211060222,0,0,0,1,0,0,1,0,0,1,0
0,0,1,1,1.4049547531963917,1,0,0,0,0,0,0,0,1,-1.5158224083161567,-0.4065089384346618,-1.109762475828853,1,1,-1.4706776823882062,-0.4744771383651858,0,1,0,1,0,0,0,0,0,1,0
1,0,1,0,1.3642490183577978,1,0,1,1,1,1,1,1,1,0.695859944517578,1.4462318693802274,2.1256330164452777,1,1,0.65644246958378,0.4352403837941705,0,0,0,1,0,0,0,0,0,1,0
1,0,1,1,-0.9966836022806536,1,1,0,0,0,0,0,0,0,-1.3449272227633626,-0.9194308234515278,-1.109762475828853,1,0,-1.305146814654334,-0.41778950690607713,0,1,1,0,0,0,1,0,0,0,0
0,0,1,1,0.1023712383613841,1,1,1,1,0,0,0,0,1,-0.18184445506910288,-0.0712744800293531,-0.031297311737476054,1,1,-0.12851016099576987,-0.6142734636397509,0,0,0,0,1,0,0,0,1,0,0
1,0,1,0,1.2014260790034217,0,0,1,1,0,1,0,0,1,-0.8737210800741047,0.02027875262282974,0.5079352703082123,1,1,-0.8969135963394472,0.29893166553423894,0,0,0,1,1,0,0,0,0,1,0
0,0,0,0,-1.2816237461508113,1,0,1,1,0,1,0,0,1,0.6129011165793284,-0.9723267841331507,0.5079352703082123,0,0,0.6108708959153226,0.0031493650749470433,1,0,0,0,0,0,1,0,0,0,0
1,0,0,0,-1.2816237461508113,1,0,0,0,0,0,0,0,1,-1.4760021709057967,-0.999948523866939,-1.109762475828853,0,0,-1.472035783076321,0.0031493650749470433,0,1,0,0,0,0,1,0,0,0,0
0,0,1,1,0.346605647392948,1,0,0,0,0,0,0,0,0,-1.5141632317573919,-0.670001467587002,-1.109762475828853,1,1,-1.525340181126418,0.18055969941231526,0,1,0,1,0,0,0,0,1,0,0
1,1,1,0,1.6084834273893616,1,1,0,1,0,0,1,1,0,1.1089949076500607,2.031619684770963,0.5079352703082123,1,1,1.0357794466601096,0.8145591525888454,1,0,0,1,0,0,0,0,0,1,0
1,0,0,0,-1.1188008067964355,1,1,0,0,1,0,1,0,1,0.9148712502745568,-0.8102821696186474,-0.031297311737476054,0,0,0.8471211530718009,0.7574718236649454,1,0,0,0,0,1,0,0,0,0,1
0,0,1,1,1.5677776925507676,1,1,1,1,1,1,1,1,0,1.6482272892486831,2.5453752680482613,2.1256330164452777,1,1,1.6262846979538153,0.2001860233801083,1,0,0,1,0,0,0,0,0,1,0
1,1,0,0,-1.2816237461508113,1,1,0,0,0,0,0,0,1,0.28936168762015496,-0.9766049725748415,-1.109762475828853,0,0,0.2882602506386185,0.0031493650749470433,1,0,0,0,0,1,0,0,0,0,1
1,0,0,0,-1.2816237461508113,1,0,0,0,0,0,0,0,1,-0.6995075414037805,-0.9896808716068811,-1.109762475828853,0,1,-0.6977702344122312,0.0031493650749470433,0,0,0,0,0,0,0,0,0,0,0
0,0,0,1,1.2014260790034217,1,1,0,0,0,0,0,0,0,-1.2918335728828827,-0.2898789396857992,-1.109762475828853,1,1,-1.2741465733681294,-0.16258804147831854,0,1,0,1,0,0,0,0,0,1,0
0,0,1,1,0.590840056424512,1,0,0,0,0,0,0,0,1,-1.447796169406792,-0.5517918300288996,-1.109762475828853,1,1,-1.4152577175191665,-0.3301216299816392,0,1,0,1,0,0,0,0,1,0,0
0,1,0,0,-0.6710377235719016,1,0,0,0,0,1,1,1,1,0.9795791360663916,-0.34582448084637096,0.5079352703082123,0,0,0.9764962938955872,0.0031493650749470433,1,0,0,0,0,1,0,1,0,0,1
0,0,1,0,1.1607203441648277,1,1,0,0,0,1,1,1,0,1.2019087949409006,1.7922605263153404,0.5079352703082123,1,1,1.3141322689312904,-1.3454323137776059,1,0,1,0,0,0,0,0,0,1,0
1,0,1,0,-0.38609757970174374,1,0,0,0,0,0,0,0,0,-1.5141632317573919,-0.795582752921556,-1.109762475828853,1,1,-1.4492336482819588,-0.7046554263704118,0,1,1,0,1,0,0,1,0,0,0
0,0,0,0,-0.8338606629262776,1,0,0,0,1,1,0,1,1,0.8120023036311275,-0.5281630661740229,0.5079352703082123,0,0,0.8724061070648559,-0.7296851663358271,1,0,0,0,0,1,0,0,0,0,1
1,0,1,0,-0.22327464034736777,1,1,1,0,0,1,1,1,0,0.5282831120823135,-0.04167819178401539,1.0471678523539008,1,0,0.5527213228160647,-0.30188654977437285,0,0,1,0,0,0,1,0,1,0,0
0,0,1,0,0.22448844287716607,1,0,0,0,0,0,0,0,1,-1.4826388771408567,-0.6514187721505297,-1.109762475828853,1,1,-1.4392522721595389,-0.45513596321717487,0,1,1,0,1,0,0,0,1,0,0
0,0,0,0,-0.1418631706701798,1,0,0,0,0,0,0,0,0,-1.4909347599346818,-0.745955766997943,-1.109762475828853,0,0,-1.464904690121487,-0.25298053377774254,0,1,1,0,0,0,1,0,1,0,0
0,0,1,0,1.2828375486806096,1,1,0,0,0,0,0,0,0,-1.3067661619117676,-0.2564213121289866,-1.109762475828853,1,0,-1.2620545113148895,-0.47642027836057693,0,1,0,1,0,0,1,0,0,1,0
0,0,0,0,0.7536629957788878,1,0,0,0,0,0,0,0,0,-1.469365464670737,-0.5610283291773706,-1.109762475828853,0,1,-1.4864389129408617,0.24764764096846206,0,1,0,1,0,0,0,0,0,1,0
1,0,0,0,0.7536629957788878,1,1,1,0,0,1,0,0,0,-0.1669118660402181,0.3265751056199837,-0.031297311737476054,0,1,-0.17403480273878844,0.08842191191435128,0,0,1,0,1,0,0,0,0,1,0
1,0,0,0,-0.22327464034736777,1,1,0,0,0,0,0,0,0,-0.5286123558509863,-0.4422921453495217,-1.109762475828853,0,0,-0.5661524440885162,0.45428893072826126,0,0,0,0,0,0,1,0,1,0,0
1,0,0,0,-1.1188008067964355,1,0,0,0,1,1,1,0,1,-0.0325185647802536,-0.8693431095418864,0.5079352703082123,0,1,-0.043615110605006405,0.13015263616407824,0,0,0,0,1,0,0,0,0,0,0
0,0,1,1,1.6084834273893616,1,1,1,1,0,0,1,0,1,1.0011484313303363,1.9937741716329291,0.5079352703082123,1,0,0.9961424549861553,0.024797649919687616,1,0,0,1,0,1,0,0,0,1,0
0,0,1,0,0.7536629957788878,1,1,0,1,0,1,1,1,1,0.45527934349665417,0.7246660249762877,1.0471678523539008,1,1,0.41457959228844093,0.45818782298788113,0,0,1,0,1,0,0,0,0,1,0
0,0,0,0,-0.7524491932490895,1,0,0,0,0,0,1,1,1,0.8252757161012472,-0.5134855889048375,-0.031297311737476054,0,0,0.5198781498116364,3.5246036998190595,1,0,0,0,0,0,1,1,0,0,1
1,0,0,0,-0.4268033145403377,1,0,1,0,0,1,0,0,0,-0.32619281568165726,-0.45905386826978706,-0.031297311737476054,0,0,-0.2639378771625093,-0.713212060696398,0,0,0,0,0,0,1,1,0,0,0
1,0,1,1,0.346605647392948,1,1,0,0,1,1,1,1,1,1.250024915145085,0.8398480214833476,1.0471678523539008,1,0,1.2516131643767094,-0.06021146861697818,1,0,1,0,0,1,0,0,1,0,1
0,0,0,0,0.387311382231542,1,0,0,0,0,0,0,0,1,-1.466047111553207,-0.6383867519743024,-1.109762475828853,0,1,-1.4834197240390767,0.2510164994877188,0,1,0,1,0,0,0,0,1,0,0
0,0,0,0,-1.1595065416350294,1,0,0,0,0,0,0,0,1,0.1732193285066055,-0.8911728403084626,-1.109762475828853,0,0,0.0711184701639138,1.1817782066218145,1,0,0,0,0,1,0,0,0,0,1
0,0,1,1,1.6084834273893616,1,1,1,1,0,1,0,0,1,0.8435266582476619,1.8710230724982628,0.5079352703082123,1,1,0.8675807341654177,-0.30794450602722084,1,0,0,1,0,0,0,0,0,1,0
0,0,0,1,-1.1595065416350294,1,0,0,0,0,0,0,0,1,-1.4892755833759168,-0.9714053281610943,-1.109762475828853,1,1,-1.4414291321141723,-0.5067880112677791,0,1,0,0,0,0,0,0,0,0,0
0,1,1,0,-0.5082147842175256,1,0,0,1,0,0,0,1,1,-0.16359351292268806,-0.4563333792094299,-0.031297311737476054,1,0,-0.0652052076350631,-1.138917928734138,0,0,0,0,0,1,0,1,0,0,0
0,0,0,0,-0.4268033145403377,1,0,0,1,1,0,1,0,0,0.010620025747636104,-0.376276406780047,0.5079352703082123,0,1,0.019794049324437797,-0.1070600850437193,0,0,1,0,0,0,0,1,0,0,0
1,0,0,0,0.18378270803857208,1,1,0,1,0,1,1,1,1,1.313073624378155,0.6488214227048773,1.0471678523539008,0,1,1.2298898527012814,0.9236890449593164,1,0,1,0,1,0,0,0,1,0,0
0,0,0,0,-1.2816237461508113,1,0,1,0,0,0,0,0,0,-0.5103614137045716,-0.9871797768255848,-0.5705298937831644,0,1,-0.5091670879427735,0.0031493650749470433,0,0,0,0,0,0,0,0,0,0,0
1,1,0,0,-0.5082147842175256,1,1,0,0,1,0,1,1,1,1.1156316138851208,-0.2003221949730721,0.5079352703082123,0,0,0.9000623871684911,2.4700916913820223,1,0,0,0,0,1,0,1,0,0,1
0,0,1,0,-0.30468611002455576,1,0,0,0,1,0,0,0,1,0.32088604223668943,-0.22008961951647413,-0.5705298937831644,1,0,0.23068665855846793,1.0384184536499907,1,0,0,0,0,1,0,0,1,0,0
1,0,0,0,-1.1595065416350294,1,1,0,1,0,0,0,0,0,0.44864263726159415,-0.864099586272327,-0.5705298937831644,0,0,0.5815050551273149,-1.560337873711714,1,0,0,0,0,1,0,0,0,0,1
1,0,1,1,1.6084834273893616,1,1,0,0,0,0,0,0,0,-1.3067661619117676,-0.189396359875831,-1.109762475828853,1,1,-1.2903719823955788,-0.14705231495891738,0,1,0,1,1,0,0,0,0,1,0
0,0,1,0,-0.019745966154397852,1,0,0,0,0,0,0,0,0,-1.5108448786398618,-0.7275924658405317,-1.109762475828853,1,1,-1.4857363954157965,-0.2415965219197344,0,1,0,0,0,0,0,0,1,0,0
0,0,1,1,1.0793088744876398,1,0,0,0,0,0,0,0,0,-1.5075265255223318,-0.4724369192925121,-1.109762475828853,1,1,-1.463006610735678,-0.46748679358354706,0,1,0,1,1,0,0,0,0,1,0
0,0,0,0,0.1023712383613841,1,0,0,0,0,0,0,0,0,-1.5158224083161567,-0.7379039969564019,-1.109762475828853,0,1,-1.5647774806635584,0.6200223960793019,0,1,0,0,0,0,0,0,1,0,0
1,0,0,1,0.8350744654560759,1,0,1,1,0,1,0,0,0,-0.06902044907308347,0.49151572461809306,0.5079352703082123,1,1,-0.013873124845969698,-0.6391284695639179,0,0,1,0,1,0,0,0,0,1,0
1,0,0,0,1.5677776925507676,1,1,0,1,0,0,0,0,1,0.4685527559667738,1.4274517190926002,-0.5705298937831644,0,1,0.4389516946981665,0.3286528404869135,1,0,1,0,1,0,0,0,0,1,0
0,0,0,0,-0.8745663977648716,1,1,0,0,1,0,1,1,1,1.0924031420624107,-0.523884877732332,0.5079352703082123,0,1,1.1763795328572377,-1.0132266749083312,1,0,0,0,0,0,0,0,0,0,1
0,0,1,1,0.7943687306174818,1,0,0,0,0,0,0,0,0,-1.4959122896109767,-0.5391985984107944,-1.109762475828853,1,0,-1.4675179614166278,-0.28031364673820736,0,1,0,1,0,0,1,0,0,1,0
1,0,0,0,0.428017117070136,0,0,1,0,1,0,0,0,1,-0.986545086070124,-0.3666669373571722,-0.031297311737476054,0,1,-1.0223815658611939,0.44976410977880055,0,0,1,0,1,0,0,0,1,0,0
0,0,1,1,-0.38609757970174374,1,1,0,0,0,0,0,0,1,-1.3051069853530026,-0.7830553395871692,-1.109762475828853,1,1,-1.4081610332422714,1.2422260744491525,0,1,0,1,1,0,0,1,0,0,0
0,0,1,1,-0.8745663977648716,0,0,1,0,0,0,1,1,0,-0.4771778825292717,-0.7608526385461893,0.5079352703082123,1,0,-0.44810418725170487,-0.3222309162277896,0,0,0,0,0,1,0,0,0,0,0
1,0,0,0,-0.1825689055087738,1,1,0,1,1,0,1,1,1,1.352893861788515,0.2984487590443551,1.0471678523539008,0,0,1.3722556532478518,-0.27037499582047886,1,0,0,0,0,1,0,0,1,0,1
0,0,1,1,1.2421318138420157,1,1,1,0,0,0,1,1,1,1.152133498177951,1.7603605981398616,0.5079352703082123,1,1,1.166018559012557,-0.19997034457938598,1,0,1,0,1,0,0,0,0,1,0
1,1,0,0,-0.7931549280876836,1,0,0,1,0,0,1,0,1,-0.1669118660402181,-0.663002790084954,-0.031297311737476054,0,0,-0.14214180156091347,-0.28253398364536325,0,0,0,0,0,1,0,1,0,0,0
0,0,0,0,-0.6303319887333076,1,1,1,1,0,0,1,0,1,0.9779199595076267,-0.2991812571179884,0.5079352703082123,0,0,0.9995607653678581,-0.28436249639242367,1,0,0,0,0,1,0,1,0,0,1
1,0,0,0,-1.2002122764736234,1,0,1,0,0,0,0,1,1,0.7008374741938728,-0.9014843714243326,-0.031297311737476054,0,0,0.5518634787450533,1.7093549261713665,1,0,0,0,0,0,1,0,0,0,0
0,0,0,0,-1.1595065416350294,1,0,0,0,0,0,0,0,0,-0.6397771852882409,-0.9250911958513032,-1.109762475828853,0,0,-0.5683123729101691,-0.8098639990941184,0,0,0,0,0,0,1,0,0,0,1
1,0,1,1,0.590840056424512,1,1,0,1,0,0,1,0,0,0.7389985350454678,0.7538893429472217,-0.031297311737476054,1,0,0.6796170596060372,0.6660065407464677,1,0,0,0,0,1,0,0,1,0,0
0,0,1,1,1.4863662228735797,1,0,0,1,1,1,0,0,0,-0.19345869098045787,0.8053373013870416,0.5079352703082123,1,1,-0.16593621561753982,-0.31366160540650456,0,0,1,0,0,0,0,0,0,1,0
0,0,0,0,-1.2002122764736234,1,0,1,1,0,0,0,0,1,0.4702119325255387,-0.900760370303431,-0.031297311737476054,0,0,0.5700620279657908,-1.1770830531270904,1,0,0,0,0,1,0,0,0,0,1
0,0,1,1,-0.8745663977648716,1,1,0,0,0,0,0,0,0,-1.3250171040581826,-0.8769780304532115,-1.109762475828853,1,0,-1.2441779147340337,-0.8960197993852976,0,1,0,1,0,0,1,0,0,0,0
0,1,0,0,-0.9966836022806536,1,0,0,0,1,0,1,1,1,0.9795791360663916,-0.6829237906236987,0.5079352703082123,0,1,0.924175464885968,0.6117067057103693,1,0,0,0,1,0,0,0,0,0,1
1,0,0,0,-1.1595065416350294,1,0,0,0,0,0,0,0,0,-1.5241182911099815,-0.9743013326447003,-1.109762475828853,0,0,-1.4960247797763837,-0.2758729729239038,0,1,0,0,0,0,1,0,0,0,0
0,0,0,0,0.8350744654560759,0,0,1,1,1,1,1,0,1,-0.37596811244460704,0.2544382666647052,1.5864004343995892,0,0,-0.35118620011061114,-0.27569143594407036,0,0,1,0,0,1,0,0,0,1,0
0,0,1,1,-0.5082147842175256,1,0,0,0,0,0,0,0,0,-1.4909347599346818,-0.8256617085808282,-1.109762475828853,1,0,-1.4577251057345597,-0.33648817048917085,0,1,0,0,0,1,0,1,0,0,0
1,1,0,0,-1.1188008067964355,0,0,0,0,1,1,1,0,0,-0.6480730680820658,-0.9146919070238088,0.5079352703082123,0,1,-0.7275496785916192,0.9460524383124395,0,0,0,0,1,0,0,0,0,0,0
0,0,0,0,-1.1595065416350294,1,0,0,0,0,0,0,0,1,0.16990097538907525,-0.8918090837177395,-1.109762475828853,0,1,0.05912397181388211,1.2828035358972616,1,0,0,0,1,0,0,0,0,0,1
0,0,0,0,1.2014260790034217,1,0,1,0,0,1,0,1,1,0.0056424960713409395,0.6789881360757739,0.5079352703082123,0,0,-0.09575048519074879,1.1791400643826677,0,0,0,1,0,0,1,0,0,1,0
0,1,0,0,0.46872285190873,1,0,0,1,1,0,0,1,0,0.8037064208373025,0.7421736884453609,0.5079352703082123,0,1,0.852377676173163,-0.5929438115589597,1,0,1,0,1,0,0,0,1,0,0
1,0,0,0,-1.2002122764736234,1,0,0,0,0,0,0,0,1,-1.497571466169742,-0.9834061952257346,-1.109762475828853,0,0,-1.507329939140781,0.16350703059152813,0,1,0,0,0,0,1,0,0,0,1
0,0,1,1,1.6084834273893616,1,1,1,0,1,1,1,1,1,0.6394479415195682,1.6179078927455115,1.5864004343995892,1,1,0.6024839382567756,0.4085869960560364,0,0,0,1,0,0,0,0,0,1,0
1,0,1,1,-0.8338606629262776,1,0,0,0,0,0,0,0,0,-1.5008898192872717,-0.8955607258896838,-1.109762475828853,1,0,-1.4363280236204807,-0.700820786542843,0,1,0,1,0,0,1,0,0,0,0
1,0,1,1,-1.2409180113122174,1,0,1,0,0,0,1,1,0,1.067515493680936,-0.928118836902346,0.5079352703082123,1,0,0.8979116495333131,1.9370628112049062,1,0,0,0,0,1,0,0,0,0,0
1,0,1,0,0.631545791263106,1,0,0,0,0,0,0,0,0,-1.5158224083161567,-0.6337136538303016,-1.109762475828853,1,0,-1.5592371647590202,0.5555815227795666,0,1,0,1,0,0,1,0,1,0,0
1,0,0,0,-1.1595065416350294,1,0,0,0,0,0,1,0,1,-0.28305422515376755,-0.905872257005554,-0.5705298937831644,0,0,-0.20599580206094767,-0.8868356785420755,0,0,0,0,0,1,0,0,0,0,0
0,0,0,0,0.06166550352279012,1,1,0,0,0,0,1,0,0,0.6776090023711627,0.2620731875760303,-0.5705298937831644,0,0,0.670235147384037,0.06314199758585616,1,0,0,0,0,1,0,0,1,0,0
1,0,0,0,1.2014260790034217,1,0,1,1,0,0,1,1,1,0.3109309828840996,1.0525288356051448,1.0471678523539008,0,1,0.3585728271732848,-0.5645167708537517,0,0,1,0,1,0,0,0,0,1,0
1,0,0,0,-1.2816237461508113,1,0,0,0,0,0,0,1,1,0.5282831120823135,-0.9734456949563622,-0.5705298937831644,0,0,0.5264958040737228,0.0031493650749470433,1,0,0,0,0,0,1,0,0,0,1
1,0,1,0,0.8350744654560759,1,1,1,0,1,1,1,0,0,0.41379992952752936,0.8146615582471369,1.0471678523539008,1,1,0.4458977696175593,-0.3871551415597456,0,0,1,0,0,0,0,0,0,1,0
1,1,1,0,-0.4268033145403377,1,0,0,0,0,0,1,1,1,0.8236165395424823,-0.15815461453753518,-0.031297311737476054,1,1,0.767438579706954,0.6259202260629734,1,0,0,0,0,0,0,1,0,0,0
0,0,0,0,1.6084834273893616,1,0,1,1,1,1,0,1,1,0.2677923923562099,1.3013877663441116,1.5864004343995892,0,1,0.2709808200653932,-0.04602698568347187,0,0,0,1,1,0,0,0,0,1,0
0,0,0,0,-1.2002122764736234,1,0,0,1,0,0,1,1,0,1.0111034906829266,-0.8802908840670336,0.5079352703082123,0,0,1.0845846468429954,-0.8884392551972343,1,0,0,0,0,1,0,0,0,0,0
1,0,1,1,-1.2816237461508113,1,0,0,0,0,0,0,0,0,-1.4959122896109767,-1.0002117970018123,-1.109762475828853,1,1,-1.4918887458625798,0.0031493650749470433,0,1,1,0,1,0,0,0,0,0,0
0,0,0,1,1.4049547531963917,1,1,0,1,0,1,1,1,1,1.296481858790505,2.0797328501690555,1.0471678523539008,1,0,1.3275776681431324,-0.40497286065471344,1,0,0,1,0,1,0,0,0,1,0
0,0,0,0,-1.1595065416350294,1,1,0,0,0,1,1,0,1,-0.017585975751368575,-0.8979082446756372,-0.031297311737476054,0,0,-0.05585777098986609,0.4457365219007117,0,0,0,0,0,0,1,0,0,0,0
1,0,1,1,-0.2639803751859618,1,0,0,0,0,0,0,0,1,-1.4892755833759168,-0.78693861832655,-1.109762475828853,1,1,-1.504869529222826,0.2311039542092875,0,1,1,0,0,0,0,0,1,0,0
1,0,0,0,-1.2409180113122174,1,1,0,0,0,0,0,1,1,0.6991782976351079,-0.9363241829392299,-0.5705298937831644,0,0,0.5885363127807812,1.2635606160352728,1,0,0,0,0,1,0,0,0,0,1
0,0,0,0,-1.2409180113122174,1,0,0,0,0,0,0,0,0,-1.4925939364934466,-0.9921819663881771,-1.109762475828853,0,0,-1.517532156128164,0.33990046265976637,0,1,0,0,0,0,1,0,0,0,0
1,1,0,0,-0.22327464034736777,1,1,0,1,0,1,1,1,1,1.3180511540544502,0.2916475363934621,1.0471678523539008,0,1,1.483665963592696,-1.9703189718824339,1,0,1,0,0,0,0,0,1,0,0
0,0,1,1,1.2828375486806096,0,0,0,1,0,1,1,1,1,-0.34278458126930716,0.49327087885058163,1.0471678523539008,1,0,-0.378726918386183,0.4295003082671563,0,0,0,1,0,1,0,0,0,1,0
0,0,1,0,-0.5896262538947137,0,0,0,0,1,0,1,0,1,-0.8587884910452199,-0.7149992342224266,-0.031297311737476054,1,0,-0.9173476793028427,0.7097921444513446,0,0,0,0,0,1,0,1,0,0,1
1,0,1,1,1.4049547531963917,1,1,1,0,1,0,1,1,1,0.49012205123071895,1.3137616036831556,1.0471678523539008,1,0,0.4654800440676963,0.2702525810697318,0,0,0,1,0,1,0,0,0,1,1
1,0,1,1,0.7129572609402939,1,0,1,0,0,1,1,1,0,0.3507512202944595,0.7574654696959171,1.0471678523539008,1,0,0.5153119683707972,-1.925760921890898,0,0,1,0,0,1,0,0,0,1,0
0,0,1,0,0.26519417771576004,1,0,1,0,1,1,1,1,1,1.319710330613215,0.8054031196707602,1.5864004343995892,1,1,1.3593869821621924,-0.5055544907638083,1,0,1,0,1,0,0,0,1,0,1
1,0,0,0,-1.1595065416350294,1,0,0,0,0,0,1,1,1,0.7804779490145926,-0.8462847708125684,-0.031297311737476054,0,0,0.9173510089281912,-1.6180666332976796,1,0,0,0,0,1,0,0,0,0,1
0,1,1,0,-0.8745663977648716,1,1,0,0,1,1,1,1,1,1.29814103534927,-0.5114891009653818,1.0471678523539008,1,1,1.261356229631754,0.38450904961255833,1,0,0,0,0,0,0,0,0,0,1
0,1,0,0,-1.2409180113122174,1,0,0,0,0,0,1,0,0,0.5498524073462585,-0.9375966697577839,-0.5705298937831644,0,0,0.5405583193806563,0.08974250445389839,1,0,0,0,0,0,1,0,0,0,0
0,0,0,1,-0.6710377235719016,1,0,0,0,0,0,0,0,1,-1.5141632317573919,-0.8508042929612264,-1.109762475828853,1,1,-1.4034810209550215,-1.236816283532013,0,1,1,0,0,0,0,1,0,0,0
0,0,0,0,0.22448844287716607,1,0,0,1,1,1,0,0,1,0.6411071180783331,0.42350349810916266,0.5079352703082123,0,1,0.6938527973859566,-0.6349053461383966,1,0,0,0,1,0,0,0,1,0,1
0,0,1,0,1.6084834273893616,1,1,1,1,0,0,0,1,1,0.9795791360663916,2.028241012873423,0.5079352703082123,1,1,1.0322408398671885,-0.6452301291637598,1,0,0,1,1,0,0,0,0,1,0
0,0,0,0,-0.5489205190561197,0,0,0,1,0,0,0,1,1,-0.8372191957812748,-0.6973599341859169,-0.031297311737476054,0,0,-0.9121474027445512,0.8994643165413091,0,0,0,0,0,1,0,1,0,0,0
1,0,0,0,-1.2816237461508113,1,0,0,0,0,0,0,0,0,-1.4892755833759168,-1.0001240392901878,-1.109762475828853,0,0,-1.4852710916004936,0.0031493650749470433,0,1,0,0,0,0,1,0,0,0,0
1,0,1,1,0.387311382231542,1,0,0,0,1,1,1,1,0,0.27276992203250505,0.34616701474013695,1.0471678523539008,1,0,0.28428177992153053,-0.14300519292444594,0,0,1,0,0,1,0,0,1,0,0
1,0,0,1,-0.9966836022806536,0,0,1,0,0,1,0,1,1,-0.6762790695810708,-0.8582198195934904,0.5079352703082123,1,0,-0.72817008367869,0.6261388956068622,0,0,0,1,0,0,1,0,0,0,0
0,0,1,1,0.9571916699718578,1,0,0,0,0,0,0,0,1,-1.497571466169742,-0.5175224436395611,-1.109762475828853,1,1,-1.486984591364784,-0.0731350672350836,0,1,0,1,1,0,0,0,0,1,0
1,0,1,1,1.2014260790034217,1,0,1,0,1,1,0,1,0,0.21469874247573031,0.9600541469809055,1.0471678523539008,1,1,0.246099388807585,-0.3723979419090425,0,0,1,0,1,0,0,0,0,1,0
1,0,0,0,-1.2409180113122174,1,0,1,0,1,0,0,0,0,-0.38094564212090193,-0.9564865171849418,-0.031297311737476054,0,0,-0.17166672057637528,-2.421458537535751,0,0,0,0,0,1,0,0,0,0,0
1,0,1,0,0.1023712383613841,1,1,0,0,0,0,0,0,1,0.34079616094186965,0.12148533355369927,-1.109762475828853,1,0,0.2867949129091563,0.6167236098172477,1,0,0,0,0,1,0,0,1,0,1
1,0,1,0,-0.10115743583158582,1,0,0,0,0,0,0,0,0,-1.497571466169742,-0.7558943278394092,-1.109762475828853,1,1,-1.512679209669301,0.2257258048119609,0,1,1,0,1,0,0,0,1,0,0
0,0,1,1,1.0793088744876398,1,1,1,1,1,1,1,1,0,0.841867481688897,1.2701679604337222,2.1256330164452777,1,1,0.764226621166804,0.8749514801783087,0,0,0,1,1,0,0,0,0,1,0
0,0,1,0,1.3235432835192036,1,1,0,1,1,1,1,1,1,1.4308751600504692,2.114770116535107,1.5864004343995892,1,1,1.4751874475765703,-0.5631845687094554,1,0,1,0,1,0,0,0,0,1,0
0,0,0,1,1.2014260790034217,1,1,0,0,1,0,1,1,1,1.1687252637656007,1.8053144859194736,0.5079352703082123,1,0,1.2741573152406351,-1.2653314974403995,1,0,1,0,0,1,0,0,0,1,1
1,0,0,0,0.30589991255435406,1,0,1,1,0,1,0,0,1,-0.10054480368961842,0.15259544232455846,0.5079352703082123,0,0,0.041008143271421056,-1.6430824291182682,0,0,0,0,0,0,1,0,1,0,0
1,0,0,0,-0.3453918448631497,1,1,0,1,0,0,1,1,1,1.152133498177951,0.04629891411947203,0.5079352703082123,0,1,1.16682278782913,-0.20932454173452045,1,0,0,0,0,0,0,1,0,0,0
0,0,1,0,-0.7117434584104956,1,0,0,0,0,0,1,1,0,0.7705228896620027,-0.39874238095590014,-0.031297311737476054,1,0,0.9188124075777353,-1.7505220650143751,1,0,0,0,0,1,0,1,0,0,1
1,0,1,0,0.1023712383613841,1,0,1,1,1,0,0,0,0,-0.13040998174738822,-0.07410466622924097,0.5079352703082123,1,0,-0.1346078567086924,0.053180956716121185,0,0,0,0,0,0,1,0,1,0,0
0,0,1,1,0.7536629957788878,1,0,1,1,1,1,1,1,0,0.6825865320474579,0.931379314707624,2.1256330164452777,1,1,0.7202243886481298,-0.46056727238358786,0,0,0,1,1,0,0,0,0,1,0
1,0,0,0,-0.4675090493789317,0,0,0,1,0,1,0,0,1,-0.9599982611298843,-0.6666008562615554,-0.031297311737476054,0,0,-0.9194616521921203,-0.439437791750815,0,0,0,0,0,0,1,1,0,0,0
0,0,0,0,1.3642490183577978,1,1,1,1,1,1,1,1,1,0.8335715988950722,1.6088688484481954,2.1256330164452777,0,1,0.8422631932384969,-0.12892703943234593,0,0,0,1,1,0,0,0,0,1,0
0,0,1,1,1.5677776925507676,1,0,1,0,1,1,1,1,1,0.5664441729339085,1.623743780568536,1.5864004343995892,1,1,0.6474311055533977,-0.9608938173067064,0,0,0,1,1,0,0,0,0,1,0
0,0,1,1,0.9978974048104517,1,1,0,1,0,0,1,1,1,1.1836578527944854,1.4534280017334302,0.5079352703082123,1,0,1.1088784039367068,0.8302573240552066,1,0,0,0,0,1,0,0,0,1,0
1,1,0,0,-1.2409180113122174,1,0,1,0,0,0,0,0,1,-0.5203164730571613,-0.9689481122356104,-0.5705298937831644,0,0,-0.6415201731844983,1.427125434862184,0,0,0,0,0,1,0,0,0,0,1
1,1,1,0,-1.0780950719578415,1,1,0,0,1,0,0,0,1,0.5266239355235486,-0.8083514999629101,-0.5705298937831644,1,0,0.3720838712917108,1.779912298998658,1,0,0,0,0,1,0,0,0,0,0
0,0,1,1,0.5501343215859179,1,0,0,0,0,0,0,0,0,-1.5108448786398618,-0.5842402439020313,-1.109762475828853,1,0,-1.4525065099007077,-0.6281020712672806,0,1,0,1,0,0,1,0,1,0,0
1,0,1,1,-0.30468611002455576,1,0,0,1,0,0,0,0,1,0.3507512202944595,-0.17476276146245795,-0.5705298937831644,1,0,0.36740739561316976,-0.20544388622902165,1,0,0,0,0,1,0,0,1,0,0
1,0,0,0,-1.2409180113122174,1,0,0,0,0,0,0,0,0,-1.4892755833759168,-0.9941345754718208,-1.109762475828853,0,0,-1.5911535597938735,1.234696236242286,0,1,0,0,0,0,1,0,0,0,0
0,0,1,1,-0.30468611002455576,1,1,0,0,1,0,0,1,1,0.8020472442785371,0.03030507117592041,-0.031297311737476054,1,0,0.9859595394903706,-2.1659125617685326,1,0,0,0,0,1,0,0,1,0,1
0,0,0,0,0.18378270803857208,0,0,0,0,0,1,0,0,0,-1.205556391827103,-0.5817391491207352,-0.5705298937831644,0,1,-1.2780669709889556,0.8836429684897733,0,0,0,0,1,0,0,0,1,0,1
0,0,1,0,0.020959768684196134,1,1,0,1,1,0,1,1,1,1.309755271260625,0.48717171789268393,1.0471678523539008,1,0,1.2700293674146395,0.4183299390669719,1,0,0,0,0,1,0,0,1,0,1
1,0,0,0,-0.6710377235719016,1,0,0,0,0,0,0,0,0,-1.4992306427285067,-0.8841522233785084,-1.109762475828853,0,0,-1.5606503096795696,0.764447382114913,0,1,0,1,0,0,1,1,0,0,0
1,0,0,0,-0.9559778674420595,1,0,0,0,0,1,1,1,1,1.0276952562705766,-0.6458461574623786,0.5079352703082123,0,1,0.8934079681605046,1.5276162385859058,1,0,0,0,0,0,0,0,0,0,0
1,0,0,0,-1.2816237461508113,1,0,0,0,0,0,0,0,0,-0.6513914211995958,-0.9890446281976039,-1.109762475828853,0,0,-0.6497922410121061,0.0031493650749470433,0,0,0,0,0,1,0,0,0,0,1
0,0,0,1,-1.1595065416350294,1,0,0,0,0,0,0,0,0,-1.477661347464562,-0.9674562311379951,-1.109762475828853,1,1,-1.366980521665702,-1.2380189660233876,0,1,0,0,1,0,0,0,0,0,0
1,0,1,0,0.1023712383613841,1,1,0,0,0,1,1,0,1,0.881687719099257,0.4111516001980246,-0.031297311737476054,1,1,0.9108869787829037,-0.3690636848269689,1,0,0,0,1,0,0,0,1,0,0
0,0,0,0,0.18378270803857208,1,0,0,0,0,0,0,0,1,-1.497571466169742,-0.7039417625577489,-1.109762475828853,0,0,-1.5271232834201742,0.39372863038181866,0,1,1,0,0,1,0,0,1,0,0
0,1,0,0,0.9571916699718578,1,1,1,1,1,0,1,1,0,1.512174811429954,1.6850206027102914,1.5864004343995892,0,0,1.4789062420252235,0.3364642269701261,1,0,1,0,0,1,0,0,0,1,0
1,0,0,0,-0.22327464034736777,1,0,0,0,0,0,0,0,1,-1.5108448786398618,-0.8069693160048254,-1.109762475828853,0,1,-1.5846584546847888,0.9089920000597191,0,1,0,0,1,0,0,0,1,0,0
1,0,1,0,0.22448844287716607,1,0,0,0,0,0,0,0,0,-1.477661347464562,-0.6826824569167316,-1.109762475828853,1,1,-1.5012927808665972,0.3242022911934065,0,1,0,1,0,0,0,0,1,0,0
0,0,1,1,-0.6710377235719016,0,0,0,0,0,0,0,1,1,-0.9765900267175343,-0.7664033138064343,-0.5705298937831644,1,1,-1.0056979592949313,0.3711702074354985,0,0,0,0,1,0,0,1,0,0,0
0,0,1,1,1.3235432835192036,1,1,0,1,1,0,1,1,1,1.3462571555534548,2.056301541165333,1.0471678523539008,1,0,1.4073564913901864,-0.7556137673293521,1,0,0,0,0,1,0,0,0,1,1
0,0,0,0,-0.7524491932490895,1,0,0,0,0,1,0,1,0,-0.19345869098045787,-0.669804012735847,-0.031297311737476054,0,1,-0.3221001826412999,1.5027226200342856,0,0,1,0,1,0,0,1,0,0,0
1,1,0,0,-1.1188008067964355,1,0,0,0,0,0,1,1,1,0.8153206567486573,-0.7993124556655942,-0.031297311737476054,0,0,1.0125625096239568,-2.3213953542534025,1,0,0,0,0,1,0,0,0,0,1
1,0,1,0,1.6084834273893616,1,1,0,1,1,0,1,1,1,1.3728039804936945,2.310667268308733,1.0471678523539008,1,1,1.3280361986027307,0.4748681644695544,1,0,0,1,0,0,0,0,0,1,0
0,0,0,0,-1.1595065416350294,1,1,0,0,0,0,0,0,0,-0.4722003528529765,-0.914779664735433,-1.109762475828853,0,0,-0.37391877896138587,-1.1273721768169465,0,0,0,0,0,1,0,0,0,0,0
1,1,0,0,-0.5082147842175256,1,0,1,0,0,1,0,0,0,-0.3626946999744871,-0.5456049113593775,-0.031297311737476054,0,0,-0.4017956475404242,0.46690373374889754,0,0,1,0,0,0,1,1,0,0,0
0,0,1,1,0.9978974048104517,1,0,0,0,0,0,0,0,1,-1.4876164068171518,-0.5316514352110938,-1.109762475828853,1,1,-1.5172854453333056,0.394759664020702,0,1,0,1,0,0,0,0,0,1,0
1,0,1,1,1.3235432835192036,1,1,1,1,1,1,0,0,0,0.9828974891839214,1.658364197804372,1.0471678523539008,1,1,0.9456987490604937,0.3998495591528852,1,0,0,1,1,0,0,0,0,1,0
0,0,0,0,-1.1595065416350294,1,1,0,0,0,0,1,0,1,0.6875640617237531,-0.8677854101605528,-0.5705298937831644,0,0,0.5120196853754091,2.01884522061837,1,0,0,0,0,1,0,0,0,0,1
0,0,0,0,-0.019745966154397852,1,0,0,0,0,0,0,0,0,-1.4992306427285067,-0.7350518713286079,-1.109762475828853,0,1,-1.5033145395494631,0.09755994064783416,0,1,1,0,0,0,0,0,1,0,0
1,0,1,1,0.5094285867473239,1,0,0,0,0,0,0,0,0,-1.5174815848749215,-0.612388529905566,-1.109762475828853,1,0,-1.4842049139693796,-0.33638126537882745,0,1,0,1,0,1,0,0,1,0,0
1,0,0,0,-0.4268033145403377,1,1,0,0,0,0,0,1,0,0.6012868806679732,-0.21940949725138484,-0.5705298937831644,0,0,0.5574784581189447,0.4894704306779595,1,0,0,0,0,1,0,1,0,0,0
1,0,1,0,0.06166550352279012,1,1,0,1,0,0,0,1,0,0.7937513614847123,0.30755362162538935,-0.031297311737476054,1,0,0.7711057156583373,0.23689424457499333,1,0,0,0,0,0,1,0,1,0,0
1,0,0,0,0.590840056424512,1,0,1,1,1,1,1,1,1,0.7307026522516428,0.8071802133311545,2.1256330164452777,0,1,0.7651185606837367,-0.42469853398418317,0,0,1,0,0,0,0,0,1,0,0
1,0,0,0,-0.5896262538947137,1,0,0,0,0,0,0,0,0,-1.4892755833759168,-0.8384085161942761,-1.109762475828853,0,1,-1.43435191852833,-0.5891049462329571,0,1,0,1,1,0,0,1,0,0,0
0,0,0,1,-1.2816237461508113,1,0,0,0,0,0,0,1,1,0.4868036981131887,-0.9739941806540149,-0.5705298937831644,1,0,0.4851354649356837,0.0031493650749470433,1,0,0,0,0,1,0,0,0,0,1
1,1,0,0,-1.0780950719578415,1,0,0,0,0,0,0,0,0,-0.6713015399047756,-0.8875967135597671,-1.109762475828853,0,1,-0.6238730951522682,-0.5292380844401005,0,0,0,0,1,0,0,0,0,0,0
0,0,0,0,0.14307697319997809,0,0,0,1,0,1,0,0,1,-0.998159321981479,-0.45288888902817115,-0.031297311737476054,0,1,-0.983983781247461,-0.13155107395898122,0,0,0,0,0,0,0,0,1,0,0
1,0,1,1,0.1023712383613841,1,1,0,0,0,1,1,1,1,0.2827249813850949,0.1587384821382683,0.5079352703082123,1,1,0.3670576053164592,-0.9903350975140585,0,0,1,0,0,0,0,0,1,0,0
1,1,0,0,-0.30468611002455576,1,1,0,1,0,0,1,0,1,0.7970697146022425,-0.0035694055111082836,-0.031297311737476054,0,0,0.8837829576837588,-1.0351985906780132,1,0,0,0,0,1,0,0,1,0,1
1,0,0,0,-1.1188008067964355,1,0,0,1,0,0,0,0,1,-0.45063105758903166,-0.8938275110851014,-0.5705298937831644,0,0,-0.41288021842941863,-0.42404345586122355,0,0,0,0,0,1,0,0,0,0,0
0,0,0,0,-1.1595065416350294,0,0,1,0,1,1,0,1,0,-0.5535000042324613,-0.9201767640003354,1.0471678523539008,0,0,-0.47566521324096184,-0.8868356785420755,0,0,0,0,0,0,1,0,0,0,0
0,0,0,0,0.590840056424512,1,0,1,1,0,1,0,0,1,-0.20009539721551794,0.22541240354492634,0.5079352703082123,0,0,-0.16828749286807582,-0.36328495995656007,0,0,1,0,0,0,1,0,1,0,0
1,0,1,0,0.7943687306174818,0,0,1,0,0,0,0,1,1,-0.8305824895462149,-0.12217395277152038,-0.031297311737476054,1,0,-0.8627661719275159,0.4020698960600384,0,0,0,0,0,1,0,0,0,1,0
0,0,1,1,-1.1595065416350294,1,0,0,0,0,0,0,0,0,-1.462728758435677,-0.9813219495746545,-1.109762475828853,1,0,-1.6283778650181084,1.9755486509288895,0,1,0,0,0,0,1,0,0,0,0
0,1,1,1,1.4456604880349857,0,0,0,1,1,0,1,1,1,-0.395878231149787,0.5953989157535078,1.0471678523539008,1,0,-0.36958810815752074,-0.2925690357453345,0,0,0,1,0,1,0,0,0,1,0
1,1,0,0,-0.4675090493789317,1,0,0,0,0,0,0,0,0,-1.4743429943470319,-0.8204401247391748,-1.109762475828853,0,1,-1.4718782198796048,0.020559625902461107,0,1,1,0,0,0,0,1,0,0,0
0,0,1,1,1.2828375486806096,1,1,1,0,0,1,1,1,1,1.309755271260625,1.9404394223931845,1.0471678523539008,1,1,1.3264047630033973,-0.23738713319992388,1,0,1,0,0,0,0,0,0,1,0
0,0,0,0,-1.2816237461508113,1,0,0,0,0,0,1,0,1,0.5083729933771337,-0.9737089680912354,-0.5705298937831644,0,0,0.5066428412874642,0.0031493650749470433,1,0,0,0,0,1,0,0,0,0,1
1,1,0,0,-1.2409180113122174,1,0,1,0,1,0,1,0,0,0.04878108659923111,-0.9674342917100889,0.5079352703082123,0,1,-0.5844429051740044,7.363566212286,0,0,0,0,0,0,0,0,0,0,1
0,0,1,1,0.9164859351332638,1,1,1,1,0,0,0,0,1,0.6693131195773377,1.0099224666114857,-0.031297311737476054,1,0,0.6192632847295138,0.5597945559917725,1,0,0,0,0,1,0,0,0,1,0
1,0,1,1,1.6084834273893616,1,1,1,0,1,0,1,1,0,1.3379612727596297,2.3301494802893554,1.0471678523539008,1,1,1.348440632577497,-0.1665624975967699,1,0,0,1,0,0,0,0,0,1,0
0,0,0,0,-1.2816237461508113,0,0,0,0,0,0,0,0,0,-1.3449272227633626,-0.9982153090623564,-1.109762475828853,0,0,-1.341337111400118,0.0031493650749470433,0,0,0,0,0,0,1,0,0,0,0
0,0,0,0,-0.8338606629262776,1,1,0,0,1,0,1,1,1,1.1687252637656007,-0.4980402316589385,0.5079352703082123,0,1,1.0616985925199471,1.2058318564493071,1,0,0,0,0,0,0,0,0,0,1
0,0,1,0,1.0793088744876398,1,1,0,1,0,0,1,1,0,1.2002496183821352,1.641317262321327,0.5079352703082123,1,0,1.2385946599452482,-0.4860774110773326,1,0,0,0,0,1,0,0,0,1,1
1,0,1,0,1.2421318138420157,1,1,0,1,1,0,1,1,1,1.2765717400853254,1.8883990993998994,1.0471678523539008,1,0,1.3192750283519827,-0.5393177091297123,1,0,0,0,0,1,0,0,0,1,1
1,0,1,1,-0.9152721326034655,1,1,0,0,0,0,0,0,1,-1.3449272227633626,-0.8975133349733272,-1.109762475828853,1,0,-1.3085797228027911,-0.3778604481924493,0,1,0,0,0,0,1,0,0,0,0
0,0,1,1,-0.3453918448631497,1,1,0,0,0,0,0,0,0,-1.3349721634107725,-0.7580443917742077,-1.109762475828853,1,0,-1.3604318013021792,0.3407022509873485,0,1,0,1,0,0,1,1,0,0,0
1,0,1,1,1.3235432835192036,1,1,0,0,1,1,1,1,1,1.2998002119080347,1.9309835289656527,1.0471678523539008,1,1,1.2619717177554308,0.3965930650223917,1,0,0,1,0,0,0,0,0,1,0
0,0,0,0,-0.5082147842175256,1,1,0,1,0,1,0,1,1,0.1317399145374807,-0.4076278492578733,0.5079352703082123,0,1,0.11843469813783015,0.1503577020191709,0,0,0,0,1,0,0,1,0,0,0
0,0,1,0,0.631545791263106,1,1,1,0,0,1,0,0,1,-0.14368339421750811,0.3009717932535574,-0.031297311737476054,1,1,-0.09084172451079066,-0.6098178113621828,0,0,1,0,0,0,0,0,1,0,0
1,0,0,0,1.2014260790034217,1,0,0,1,1,1,1,1,1,0.5133505230534289,1.1767498764095201,1.5864004343995892,0,1,0.5096581434310756,0.025806351364070657,0,0,0,0,0,0,0,0,0,1,0
0,1,0,0,-1.0780950719578415,1,0,0,0,0,0,0,0,0,-1.5075265255223318,-0.9620591318730928,-1.109762475828853,0,1,-1.559719702048964,0.6574086403825957,0,1,0,0,0,0,0,0,0,0,0
1,1,0,0,-0.3453918448631497,1,1,0,1,0,0,0,0,0,-0.33614787503424737,-0.4423140847774278,-0.5705298937831644,0,1,-0.36840406707631407,0.3864041856595734,0,0,0,0,1,0,0,1,0,0,0
0,0,1,0,0.06166550352279012,1,1,1,0,0,1,0,0,1,-0.13538751142368316,-0.12976499482703335,-0.031297311737476054,1,1,-0.19881856673993498,0.742303875067845,0,0,0,0,0,0,0,0,1,0,0
1,0,0,0,0.5501343215859179,0,0,0,0,1,1,0,0,0,-1.0363203828330738,-0.33413076577241624,-0.031297311737476054,0,1,-1.0424996697497129,0.10647547824693741,0,0,1,0,1,0,0,0,1,0,0
1,0,0,0,-0.2639803751859618,1,0,0,0,0,0,0,0,0,-0.6464138915233006,-0.4678296394322297,-1.109762475828853,0,0,-0.5793524018954763,-0.7584261940784145,0,0,0,0,0,1,0,0,1,0,0
0,0,1,1,-0.5489205190561197,0,0,0,0,0,0,0,0,1,-1.3299946337344775,-0.8181364848090337,-1.109762475828853,1,0,-1.3914919647548767,0.7596999512279097,0,0,0,0,0,0,1,1,0,0,0
1,0,0,0,-0.3453918448631497,1,1,0,0,0,1,0,0,0,-0.34278458126930716,-0.4638366635533183,-0.5705298937831644,0,1,-0.4360282215670079,1.0959868555704455,0,0,1,0,0,0,0,1,0,0,0
0,1,0,0,0.9978974048104517,1,1,1,0,1,1,0,1,0,1.2068863246171952,1.5271006006421364,1.0471678523539008,0,1,1.2063436803055034,-0.03398609430784111,1,0,0,1,1,0,0,0,0,1,0
0,0,0,0,1.4456604880349857,1,0,0,0,0,0,0,0,0,-1.5042081724048018,-0.3763422250637652,-1.109762475828853,0,1,-1.44719524998224,-0.6129070546243404,0,1,0,1,1,0,0,0,0,1,0
1,0,1,0,-0.8338606629262776,1,0,0,0,1,1,1,1,1,0.30595345320780487,-0.683603912888788,1.0471678523539008,1,0,-0.10438723557849858,4.762564877607063,0,0,0,0,0,1,0,0,0,0,0
0,0,0,1,-0.8338606629262776,1,1,0,0,0,0,0,0,1,0.3872531045872891,-0.6170835674774728,-1.109762475828853,1,0,0.31362792530994904,0.8434235323818254,1,0,0,0,0,1,0,0,0,0,0
0,0,1,1,0.30589991255435406,0,0,0,1,0,0,1,1,1,-0.46722282317668157,-0.11530691183690908,0.5079352703082123,1,0,-0.4640429579431729,-0.021385357749089357,0,0,0,0,0,1,0,0,1,0,0
1,1,1,0,-0.38609757970174374,1,1,0,0,0,0,0,1,0,0.7257251225753476,-0.1419413773149225,-0.5705298937831644,1,0,0.6938073672651638,0.3470119765218084,1,0,0,0,0,1,0,1,0,0,0
0,0,0,0,-1.1595065416350294,1,0,0,0,0,0,0,0,0,0.1815152113004305,-0.8856221650482176,-1.109762475828853,0,0,0.17576012818315226,0.06087812466091826,1,0,0,0,0,1,0,0,0,0,1
0,0,1,1,1.4049547531963917,1,0,0,1,0,0,0,0,0,-0.4771778825292717,0.4968908844550892,-0.5705298937831644,1,1,-0.4539047363063966,-0.2547632026275423,0,0,1,0,1,0,0,0,0,1,0
0,0,1,0,0.1023712383613841,1,0,1,0,0,0,1,0,1,-0.09224892089579345,-0.036807638788859766,-0.031297311737476054,1,1,-0.05425062638335969,-0.4388879940404706,0,0,1,0,0,0,0,0,1,0,0
1,1,1,0,-0.9152721326034655,1,1,0,0,0,0,0,1,1,0.7207475928990529,-0.6330335315652124,-0.5705298937831644,1,0,0.6858158304334488,0.3822348863561489,1,0,0,0,0,1,0,0,0,0,1
1,0,1,1,-1.0780950719578415,1,0,0,0,0,0,0,0,1,-1.477661347464562,-0.9617081010265952,-1.109762475828853,1,1,-1.5553079325409063,0.9524667449331037,0,1,0,1,1,0,0,0,0,0,0
1,0,1,0,-0.9152721326034655,1,1,0,0,0,0,0,1,1,0.6742906492536329,-0.6336258961186773,-0.5705298937831644,1,0,0.681348913806541,-0.10461098615219556,1,0,0,0,0,1,0,0,0,0,1
1,0,0,0,-0.6303319887333076,1,1,0,0,1,1,0,1,1,1.0193993734767515,-0.2893085145602404,0.5079352703082123,0,1,1.0433540656316642,-0.3126609079541748,1,0,0,0,0,0,0,1,0,0,0
1,0,0,0,1.3235432835192036,1,1,1,0,0,1,0,1,0,0.9497139580086216,1.6541957065022117,0.5079352703082123,0,0,0.940862770945892,0.0712396968942942,1,0,1,0,0,1,0,0,0,1,0
0,1,0,0,-1.2409180113122174,1,1,0,1,0,0,0,1,0,0.8153206567486573,-0.9380573977438122,-0.031297311737476054,0,0,0.5231869769426798,3.37066034092314,1,0,0,0,0,1,0,0,0,0,1
1,1,0,0,0.6722515261016999,1,1,0,0,0,0,1,1,1,1.0376503156231662,1.0613923644792118,-0.031297311737476054,0,0,1.0374057239405035,-0.03180206079683093,1,0,0,0,0,1,0,0,0,1,1
0,0,0,0,0.7536629957788878,1,1,1,1,1,0,1,1,0,1.4109650413452897,1.4837921699554817,1.5864004343995892,0,1,1.5370180977906265,-1.5132681824806644,1,0,1,0,0,0,0,0,0,1,0
1,0,1,1,1.6084834273893616,1,1,0,1,1,1,1,1,1,1.5702459909867288,2.5196622585423043,1.5864004343995892,1,1,1.5469243045077081,0.2188304251947487,1,0,0,1,0,0,0,0,0,1,0
1,0,0,0,0.46872285190873,1,0,0,0,0,0,0,0,0,0.13008073797871536,0.2894316541749452,-1.109762475828853,0,1,0.0764577139435514,0.6193601397463865,1,0,0,0,1,0,0,0,1,0,0
0,0,0,0,0.387311382231542,1,0,0,0,1,1,0,1,0,0.052099439716760905,0.20334133907138305,0.5079352703082123,0,1,0.027847677265688785,0.28033904403932475,0,0,0,1,1,0,0,0,1,0,0
0,0,0,0,-1.2409180113122174,0,0,0,0,0,0,0,0,0,-1.3416088696458326,-0.9885619607836695,-1.109762475828853,0,0,-1.3810430369726352,0.5034652814866788,0,0,0,0,0,1,0,0,0,0,0
0,0,1,0,-0.1825689055087738,1,0,1,0,0,0,1,1,1,0.9098937205982617,0.1332009880555603,0.5079352703082123,1,0,0.9272184041225522,-0.2318891560965017,1,0,0,0,0,0,1,0,1,0,1
0,0,1,1,0.06166550352279012,0,0,1,0,1,1,1,1,0,-0.12211409895356326,-0.13432839583150347,1.5864004343995892,1,0,-0.20893968502312565,1.0139686260606393,0,0,1,0,0,0,1,0,1,0,0
1,0,1,0,-0.06045170099299184,1,1,0,0,1,1,1,1,1,0.4768486387605988,0.0810290284948388,1.0471678523539008,1,0,0.5026402278224925,-0.3159106610238492,0,0,1,0,0,0,1,0,1,0,0
0,0,0,0,-1.2816237461508113,1,0,0,0,0,0,0,0,0,-1.5075265255223318,-1.000365372997155,-1.109762475828853,0,0,-1.5034696408212307,0.0031493650749470433,0,1,0,0,0,0,1,0,0,0,0
0,0,1,0,-0.4268033145403377,1,0,0,0,0,0,0,0,1,0.14335415044883548,-0.32704433055874377,-1.109762475828853,1,0,0.18854423300763717,-0.5304043220074954,1,0,0,0,0,1,0,1,0,0,1
1,0,0,0,-1.2409180113122174,1,1,0,0,0,0,0,0,1,0.38393475146975936,-0.9376405486135964,-1.109762475828853,0,0,0.5389039058151344,-1.8153065618830748,1,0,0,0,0,1,0,0,0,0,1
1,0,1,0,1.6084834273893616,1,1,0,1,1,1,1,1,1,1.5154931645474838,2.4848005075995014,1.5864004343995892,1,1,1.510412316235295,0.008494620592165183,1,0,0,1,1,0,0,0,0,1,0
1,0,1,1,-0.9966836022806536,1,0,0,0,1,0,0,0,1,-0.46058611694162177,-0.8268025588319458,-0.5705298937831644,1,0,-0.4320300554503307,-0.3167641776306329,0,0,0,0,0,1,0,0,0,0,1
0,0,1,1,1.6084834273893616,0,0,1,1,1,1,1,1,0,-0.015926799192603674,0.9779128412964762,2.1256330164452777,1,1,-0.06780631340752191,0.6039560852104047,0,0,0,1,0,0,0,0,0,1,0
1,0,0,1,-0.6303319887333076,1,0,1,0,0,0,0,0,1,-0.48547376532309666,-0.6373555988627154,-0.5705298937831644,1,0,-0.5005057463350429,0.19105081784496253,0,0,0,0,0,0,1,1,0,0,0
0,0,1,0,1.6084834273893616,1,1,1,1,1,1,0,0,1,1.064197140563406,2.1083199247307123,1.0471678523539008,1,1,1.1161104164526563,-0.6393503480948166,1,0,0,1,0,0,0,0,0,1,0
0,0,0,0,1.3642490183577978,0,0,1,1,1,1,0,0,1,-0.5817060057314661,0.38521919641300667,1.0471678523539008,0,0,-0.5558165371160404,-0.2817041607608705,0,0,0,1,0,0,1,0,0,1,0
1,0,0,0,0.1023712383613841,1,1,0,0,0,0,0,0,0,0.3457736906181643,0.14774682875730902,-1.109762475828853,0,1,0.34337585684999394,0.016344510123163566,1,0,0,0,1,0,0,0,1,0,1
1,0,0,0,-1.1595065416350294,1,0,1,0,1,0,0,0,0,-0.2714399892424126,-0.9013527348568959,-0.031297311737476054,0,0,-0.12079350343658726,-1.7431456124006164,0,0,0,0,0,1,0,0,0,0,0
0,0,1,1,1.6084834273893616,1,0,0,0,0,0,0,0,0,-1.5008898192872717,-0.40348129738361915,-1.109762475828853,1,1,-1.5145909764561256,0.20947622803961424,0,1,0,1,1,0,0,0,0,1,0
0,0,0,0,1.3235432835192036,1,0,1,1,1,1,1,1,1,0.6610172367835129,1.3865127466198053,2.1256330164452777,0,1,0.6303166184392986,0.3350157214640316,0,0,0,1,0,0,0,0,0,1,0
0,0,1,1,1.4863662228735797,1,0,0,0,0,0,0,0,0,-1.4842980536996218,-0.38906709324930705,-1.109762475828853,1,1,-1.4712685188140502,-0.10198948692462059,0,1,0,1,0,0,0,0,0,1,0
0,0,1,0,1.3235432835192036,1,0,1,1,1,0,0,1,0,0.2014253300056102,0.9156926237547578,1.0471678523539008,1,1,0.08410561665325798,1.3578509233590186,0,0,0,1,0,0,0,0,0,1,0
0,0,1,1,0.22448844287716607,1,0,1,1,0,1,1,1,0,0.5100321699358986,0.33317887341972185,1.5864004343995892,1,1,0.5146101487214235,-0.07027756597738544,0,0,1,0,1,0,0,0,1,0,1
1,0,1,0,-0.3453918448631497,1,1,0,0,0,0,1,1,1,0.9314630158622067,-0.02250313179407811,-0.031297311737476054,1,0,0.9506460819343129,-0.25422468807916593,1,0,0,0,0,1,0,1,0,0,0
1,0,0,0,-1.1188008067964355,1,1,0,1,1,0,1,1,0,1.3396204493183947,-0.7673247697784908,1.0471678523539008,0,0,1.4949895053300442,-1.8518681096208602,1,0,0,0,0,1,0,0,0,0,0
1,0,1,1,-0.3453918448631497,1,1,1,0,0,0,0,0,0,-0.3378070515930122,-0.42175684082940584,-0.5705298937831644,1,0,-0.3038130041224098,-0.3841143971475957,0,0,0,0,0,1,0,1,0,0,1
0,0,0,0,-1.2816237461508113,0,0,0,0,0,0,0,0,0,-1.3167212212643575,-0.9978423387879527,-1.109762475828853,0,0,-1.3132120807862515,0.0031493650749470433,0,0,0,0,0,1,0,0,0,0,0
1,0,0,0,1.1607203441648277,1,1,1,1,1,0,1,1,1,1.4209201006978793,1.8528133473361943,1.5864004343995892,0,0,1.3889877023876755,0.3239698486756615,1,0,1,0,0,1,0,0,0,1,0
1,0,1,1,1.5270719577121736,1,1,0,1,1,1,1,1,1,0.697519121076343,1.5938622797604187,1.5864004343995892,1,1,0.6551855449917928,0.4691029245902697,0,0,0,1,1,0,0,0,0,1,0
0,0,0,0,-1.2816237461508113,0,0,0,0,0,0,0,0,1,-1.3216987509406526,-0.997908157071671,-1.109762475828853,0,0,-1.318175321482816,0.0031493650749470433,0,0,0,0,0,0,1,0,0,0,1
1,1,0,1,-1.0373893371192475,1,0,0,0,0,0,0,0,1,-0.6364588321707109,-0.8578907281748988,-1.109762475828853,1,0,-0.5216933620817225,-1.3136161511954891,0,0,0,0,0,0,1,0,0,0,0
1,0,1,1,-1.2816237461508113,1,0,0,0,0,0,0,0,0,-1.4925939364934466,-1.0001679181460001,-1.109762475828853,1,1,-1.4885799187315367,0.0031493650749470433,0,1,0,0,0,0,0,0,0,0,1
0,0,1,1,0.5094285867473239,1,1,1,1,1,1,1,0,0,0.5432157011111984,0.5448724132857443,1.5864004343995892,1,0,0.45506190278909203,1.0072021614294289,0,0,0,0,0,0,1,0,1,0,0
0,0,0,0,-0.9152721326034655,1,0,0,0,0,1,0,1,1,-0.13206915830615312,-0.7326824131147485,-0.031297311737476054,0,0,-0.06561881102644335,-0.7684917213908372,0,0,0,0,0,0,1,0,0,0,0
1,0,1,1,-0.1418631706701798,1,0,0,0,0,0,0,0,1,0.19312944721178524,-0.1424021053009507,-1.109762475828853,1,0,0.10450624737844763,1.0243512156819188,1,0,0,0,0,1,0,0,1,0,1
0,0,0,0,1.0386031396490458,1,0,1,1,1,1,0,0,1,-0.0009942101637186523,0.6564782830441085,1.0471678523539008,0,1,0.016565609059431156,-0.20420968516200858,0,0,0,1,1,0,0,0,0,1,0
0,1,1,0,1.4049547531963917,1,0,0,0,0,0,0,0,1,-1.4892755833759168,-0.45470986154437804,-1.109762475828853,1,1,-1.5249276316934433,0.464405026244431,0,1,0,1,0,0,0,0,0,1,0
0,0,0,1,-0.7524491932490895,1,1,1,0,0,1,0,0,1,0.6991782976351079,-0.49814992879846903,-0.031297311737476054,1,0,0.6024806556901774,1.1013702914842145,1,0,0,0,0,0,1,1,0,0,0
0,0,1,0,0.5094285867473239,1,1,0,0,0,0,0,0,0,-1.3084253384705327,-0.5170178367977207,-1.109762475828853,1,0,-1.324388563539997,0.22936057856366993,0,1,0,1,0,0,1,0,1,0,0
1,1,1,0,1.4049547531963917,1,0,1,1,0,1,0,0,1,-0.13206915830615312,0.7986238364477729,0.5079352703082123,1,1,-0.11430548605836666,-0.2022041827059854,0,0,1,0,0,0,0,0,0,1,0
0,1,1,1,-0.06045170099299184,1,0,0,0,1,1,1,1,1,1.127245849796476,0.2685233793804258,1.0471678523539008,1,0,0.9587246901111138,1.9224754364708196,1,0,0,0,0,1,0,0,1,0,1
1,1,0,0,-1.2409180113122174,1,1,0,0,0,0,1,1,1,0.9646465470375066,-0.9291938688697453,-0.031297311737476054,0,0,0.8573785171780346,1.2154533163802987,1,0,0,0,0,1,0,0,0,0,1
0,0,1,0,0.18378270803857208,1,0,0,0,0,0,0,0,1,-1.4959122896109767,-0.694090959427907,-1.109762475828853,1,1,-1.5070467512331693,0.1794561173239884,0,1,1,0,0,0,0,0,1,0,0
1,0,0,0,1.3235432835192036,1,1,0,1,1,1,0,1,1,0.3076126297665698,1.099742484459086,1.0471678523539008,0,1,0.2976267766711092,0.1058769526458824,0,0,0,1,1,0,0,0,0,1,0
0,0,0,0,-1.2409180113122174,1,1,0,0,0,0,1,1,1,1.0028076078891015,-0.9225242827862887,-0.031297311737476054,0,0,1.108849379137312,-1.2668833458163704,1,0,0,0,0,1,0,0,0,0,1
0,0,0,1,-1.2002122764736234,0,0,0,1,0,0,0,0,0,-1.1707136840930383,-0.9694088402216385,-0.5705298937831644,1,0,-1.155491320873196,-0.13796538057964408,0,0,0,0,0,0,1,0,0,0,0
1,0,1,1,1.6084834273893616,1,1,1,1,1,1,1,0,1,0.5282831120823135,1.504217777336067,1.5864004343995892,1,1,0.4834121174715989,0.5042670698142596,0,0,0,1,0,0,0,0,0,1,0
1,0,1,0,0.14307697319997809,1,0,0,0,0,0,0,0,0,-1.462728758435677,-0.6929720486046955,-1.109762475828853,1,1,-1.4868795492336397,0.3297444771770511,0,1,1,0,0,0,0,0,1,0,0
0,0,1,0,1.6084834273893616,1,1,1,1,0,1,1,1,1,0.712451710105228,1.6496761843535537,1.5864004343995892,1,1,0.6357560332967094,0.8682789705369002,0,0,0,1,0,0,0,0,0,1,0
1,0,0,0,-0.5489205190561197,0,0,0,0,1,0,1,0,1,-0.8388783723400399,-0.6871361607816713,-0.031297311737476054,0,0,-0.8715707331901802,0.4082634674326222,0,0,0,0,0,1,0,1,0,0,1
1,1,0,0,-0.30468611002455576,1,1,0,1,1,0,1,1,0,1.3611897445823398,0.15617156907325386,1.0471678523539008,0,0,1.3656143645062577,-0.09691381820739577,1,0,0,0,0,0,1,0,1,0,1
0,0,0,0,-1.0780950719578415,1,0,0,0,0,0,0,0,0,-1.4677062881119718,-0.9594483399522662,-1.109762475828853,0,0,-1.526907166332786,0.7375874731408856,0,1,0,0,0,0,1,0,0,0,0
1,0,0,0,-1.2816237461508113,1,0,0,0,0,0,0,0,0,-1.5025489958460367,-1.0002995547134366,-1.109762475828853,0,0,-1.4985064001246662,0.0031493650749470433,0,1,0,0,0,0,1,0,0,0,1
0,0,1,1,1.0793088744876398,1,1,0,0,1,1,1,0,1,0.23792721429843983,0.8317304331580881,0.5079352703082123,1,1,0.2038571178891289,0.3883339134988359,0,0,0,1,0,0,0,0,0,1,0
0,1,0,0,-1.2002122764736234,1,1,0,1,0,0,0,0,1,0.48016699187812906,-0.9189481560375934,-0.5705298937831644,0,0,0.11289241269333328,4.255834654574664,1,0,0,0,0,1,0,0,0,0,1
0,0,0,0,-0.9152721326034655,1,1,0,0,0,0,0,0,1,0.35904710308828447,-0.6678514036522035,-1.109762475828853,0,0,0.42326039758517725,-0.7588702614598402,1,0,0,0,0,0,1,0,0,0,0
1,1,0,0,-0.7931549280876836,1,0,0,0,0,0,1,1,1,0.8485041879239571,-0.4818708732921379,-0.031297311737476054,0,0,0.9085380751272402,-0.726601365075894,1,0,0,0,0,1,0,1,0,0,1
1,0,0,0,-0.4268033145403377,1,1,1,1,0,0,0,0,0,-0.1967770440979879,-0.45837374600469777,-0.031297311737476054,0,0,-0.2616066580474564,0.7606206650969044,0,0,0,0,0,1,0,1,0,0,1
1,0,1,0,1.6084834273893616,1,1,1,1,0,1,1,1,1,1.4607403381082393,2.446538145331251,1.5864004343995892,1,1,1.4703387432037727,-0.1604154537519641,1,0,0,1,1,0,0,0,0,1,0
0,0,0,0,1.3642490183577978,0,0,1,1,1,1,1,1,1,-0.08063468498443846,0.8060832419358492,2.1256330164452777,0,1,-0.0749587276099789,-0.0633261762664688,0,0,0,1,0,0,0,0,0,1,0
1,0,1,0,-1.1188008067964355,1,0,0,0,1,0,1,1,1,0.9795791360663916,-0.7903611690799027,0.5079352703082123,1,0,1.1475626565705166,-1.986568548654786,1,0,0,0,0,1,0,0,0,0,1
1,0,1,1,1.6084834273893616,1,1,1,1,1,1,1,1,1,1.6299763471022684,2.6282843661054383,2.1256330164452777,1,1,1.6606882151035038,-0.41164246306128227,1,0,0,1,1,0,0,0,0,1,0
1,0,1,1,-1.0373893371192475,1,0,0,0,1,0,0,0,0,-0.5385674152035762,-0.8596239429794812,-0.5705298937831644,1,0,-0.5403646008926086,0.038886216247215846,0,0,0,0,0,1,0,0,0,0,1
1,1,1,0,1.4049547531963917,1,1,0,1,0,1,1,1,0,1.2599799744976754,2.058078634825728,1.0471678523539008,1,1,1.303205933976419,-0.5448430393530532,1,0,0,1,0,0,0,0,0,1,0
0,0,0,0,-1.2816237461508113,1,0,0,0,0,0,0,0,0,0.1582867394777205,-0.978338187379424,-1.109762475828853,0,1,0.15756157896241518,0.0031493650749470433,1,0,0,0,0,0,0,0,0,0,1
0,0,0,0,0.46872285190873,0,0,0,0,1,0,1,1,1,-0.5269531792922214,-0.015065665733908057,0.5079352703082123,0,0,-0.4453969650535788,-0.931006926407098,0,0,1,0,0,1,0,0,1,0,0
1,0,1,0,1.6084834273893616,1,0,0,0,0,0,0,0,0,-1.5008898192872717,-0.38500829908667733,-1.109762475828853,1,1,-1.4952435289259984,-0.015559029235321913,0,1,0,1,1,0,0,0,0,1,0
0,1,1,1,0.9978974048104517,1,0,0,1,1,1,1,0,1,1.0077851375653963,1.434011608036526,1.0471678523539008,1,1,1.0831914564720302,-0.910720530826916,1,0,0,0,1,0,0,0,0,1,0
0,0,1,1,-1.1188008067964355,1,0,0,0,0,0,0,0,0,-0.6679831867872458,-0.9121908122425126,-1.109762475828853,1,0,-0.6898290492977279,0.27639882711520075,0,0,0,0,0,0,1,0,0,0,0
0,0,1,0,-1.1595065416350294,1,0,0,0,0,0,0,0,0,-1.4859572302583868,-0.9688164756681736,-1.109762475828853,1,0,-1.3926239319312863,-1.0359683074724966,0,1,0,0,0,1,0,0,0,0,0
0,0,0,0,1.3235432835192036,1,1,0,1,0,1,1,1,1,1.3313245665245697,1.9503779832346506,1.0471678523539008,0,1,1.2844717422465237,0.5005048322771399,1,0,1,0,0,0,0,0,0,1,0
1,1,0,0,-0.5489205190561197,1,0,0,0,1,0,1,1,1,1.0276952562705766,-0.2287995723951984,0.5079352703082123,0,1,0.9475005192998674,0.8984515312854132,1,0,0,0,1,0,0,1,0,0,1
1,0,1,1,-1.0373893371192475,1,0,0,0,0,0,0,0,0,-0.6696423633460107,-0.8625199474630872,-1.109762475828853,1,0,-0.5715621138424438,-1.1184379640238786,0,0,0,0,0,1,0,0,0,0,0
1,0,0,0,0.631545791263106,1,0,0,0,0,0,0,0,0,-1.4959122896109767,-0.6069914306406639,-1.109762475828853,0,1,-1.5172564205339105,0.2982074696254564,0,1,0,1,1,0,0,0,1,0,0
0,0,1,0,-0.5489205190561197,1,0,1,0,0,0,0,0,1,0.27442909859126996,-0.37658355877073246,-0.5705298937831644,1,0,0.3609673731233813,-1.0157126023546066,1,0,0,0,0,1,0,1,0,0,1
1,1,0,1,-1.2816237461508113,1,0,0,0,1,0,0,0,1,-0.49045129499939155,-0.9869165036907116,-0.5705298937831644,1,0,-0.4893141251565148,0.0031493650749470433,0,0,0,0,0,0,1,0,0,0,1
1,0,1,1,-0.5489205190561197,1,1,0,0,0,0,0,0,0,-0.49211047155815646,-0.6094267071382417,-1.109762475828853,1,1,-0.5631532148176874,0.8427483422112337,0,0,0,0,1,0,0,1,0,0,0
1,0,0,0,0.7536629957788878,1,0,0,1,1,0,1,1,1,1.1305642029140057,1.2017608242224815,1.0471678523539008,0,0,1.120008560834163,0.08502610252694444,1,0,0,0,0,1,0,0,0,1,0
0,0,0,0,-0.8338606629262776,1,1,0,1,0,0,1,0,1,0.8236165395424823,-0.547140671312805,-0.031297311737476054,0,1,0.7531504625501767,0.7921090794165226,1,0,0,0,0,0,0,0,0,0,1
1,0,0,0,0.346605647392948,1,0,0,0,0,0,0,0,0,-1.4859572302583868,-0.6568597502712441,-1.109762475828853,0,0,-1.501169602449652,0.22655497127755805,0,1,0,1,0,0,1,0,1,0,0
0,0,1,0,0.8350744654560759,1,0,0,0,0,1,1,1,1,0.9463956048910918,1.1289438630021138,0.5079352703082123,1,0,0.8930576625627734,0.5887876620068221,1,0,1,0,0,1,0,0,0,1,0
0,0,0,0,-1.2816237461508113,1,0,0,0,0,0,0,0,1,-0.6646648336697157,-0.9892201436208528,-1.109762475828853,0,1,-0.6630275495362785,0.0031493650749470433,0,0,0,0,0,0,0,0,0,0,1
1,1,1,0,-0.7524491932490895,1,1,0,0,0,0,0,0,1,0.3374778078243394,-0.5642753645074743,-1.109762475828853,1,0,0.2463090495128929,1.049139509001671,1,0,0,0,0,1,0,1,0,0,0
1,1,1,0,1.5270719577121736,1,1,1,1,1,1,1,1,1,0.7837963021321224,1.7582982919166876,2.1256330164452777,1,1,0.8323259689001369,-0.5906321620950208,0,0,0,1,1,0,0,0,0,1,0
1,0,0,1,-0.06045170099299184,1,1,0,1,0,1,1,1,1,0.48182616843689396,0.1265314019721038,1.0471678523539008,1,0,0.6133258321738382,-1.5455953141400254,0,0,1,0,0,0,1,0,1,0,1
1,0,0,0,1.4456604880349857,1,1,1,1,1,1,1,1,1,1.734504470304463,2.5171611637610085,2.1256330164452777,0,1,1.7615398603468246,-0.37237055634946664,1,0,1,0,1,0,0,0,0,1,0
1,0,1,1,0.6722515261016999,1,1,0,0,0,0,1,0,0,0.6494030008721581,0.858057746645416,-0.5705298937831644,1,0,0.7244852152618543,-0.8949844660346552,1,0,0,0,0,1,0,0,0,1,1
0,0,1,1,0.5501343215859179,1,0,0,0,0,0,0,0,1,-1.4925939364934466,-0.6021208776455083,-1.109762475828853,1,0,-1.4818184024202745,-0.0754956117523161,0,1,0,1,0,0,1,0,1,0,0
0,0,1,0,-0.4675090493789317,1,0,0,0,1,1,0,0,0,0.473530285643069,-0.244354626780628,-0.031297311737476054,1,0,0.59676898980921,-1.4492329197466525,1,0,1,0,0,1,0,1,0,0,0
0,1,1,0,1.6084834273893616,1,1,1,1,1,1,0,1,0,0.44864263726159415,1.4843845345089468,1.5864004343995892,1,1,0.46264003603782816,-0.17778753418292578,0,0,0,1,0,0,0,0,0,1,0
1,1,0,0,0.5094285867473239,1,1,0,0,0,0,1,1,1,0.9613281939199768,0.8340998913719475,-0.031297311737476054,0,1,0.939731547995108,0.21909768797061127,1,0,0,0,0,0,0,0,1,0,0
1,1,1,0,1.4456604880349857,1,1,0,1,1,0,1,1,1,1.3396204493183947,2.194081148415682,1.0471678523539008,1,0,1.4032620049663764,-0.7849613969197768,1,0,0,0,0,1,0,0,0,1,1
0,0,1,0,1.5270719577121736,1,1,1,0,1,1,0,0,0,0.012279202306401001,1.0796020896412801,0.5079352703082123,1,1,0.10119334533714466,-1.0345938131966383,0,0,0,1,1,0,0,0,0,1,1
1,0,0,0,-0.38609757970174374,1,0,1,0,1,0,1,1,1,1.1620885575305409,-0.0028892832460188996,1.0471678523539008,0,1,1.1497062011032357,0.10522050521245717,1,0,1,0,1,0,0,1,0,0,0
0,0,0,1,-1.1595065416350294,1,1,0,0,1,1,0,0,1,0.7356801819279375,-0.8590973967097346,-0.031297311737476054,1,0,0.6758066283620435,0.6718408302790871,1,0,0,0,0,0,1,0,0,0,1
0,1,0,0,-1.2816237461508113,1,0,0,0,0,0,0,0,1,0.17487850506537042,-0.978118793100363,-1.109762475828853,0,0,0.1741057146176308,0.0031493650749470433,1,0,0,0,0,1,0,0,0,0,0
0,0,1,1,0.18378270803857208,1,1,0,0,0,0,1,1,1,1.0061259610066313,0.44528935001992653,-0.031297311737476054,1,0,0.8150791865568623,2.1885209666987437,1,0,0,0,0,1,0,0,1,0,0
0,0,0,0,0.18378270803857208,1,1,0,1,1,0,1,1,1,1.2267964433223755,0.5467372646577633,1.0471678523539008,0,1,1.0218361683669077,2.342984404509856,1,0,0,0,0,0,0,0,1,0,1
1,0,0,0,1.6084834273893616,1,1,1,1,1,1,1,1,0,0.7837963021321224,1.7828046328878087,2.1256330164452777,0,1,0.7751863321242763,0.07397400067810106,0,0,0,1,1,0,0,0,0,1,0
1,0,0,0,0.46872285190873,0,0,1,0,1,0,1,1,1,-0.3626946999744871,0.06183202907699554,1.0471678523539008,0,0,-0.3136078844364636,-0.5588313627127063,0,0,1,0,0,1,0,0,1,0,0
1,0,0,1,-0.10115743583158582,1,0,0,1,1,0,1,0,0,-0.014267622633838777,-0.16208177213272829,0.5079352703082123,1,1,-0.020067290855749795,0.06793386194364685,0,0,1,0,1,0,0,0,1,0,0
1,0,1,1,0.8757802002946699,1,1,0,1,0,1,1,1,1,1.336302096200865,1.4649023225283242,1.0471678523539008,1,0,1.3058777798756298,0.3092543310277062,1,0,1,0,0,1,0,0,0,1,0
1,0,0,0,-1.1595065416350294,1,0,0,0,0,0,0,0,1,0.17487850506537042,-0.9045120124753754,-1.109762475828853,0,0,-0.18035239179536355,4.1259449455062365,1,0,0,0,0,1,0,0,0,0,1
1,0,1,1,-1.1188008067964355,1,1,0,1,0,0,0,0,1,0.505054640259604,-0.8399881550035158,-0.5705298937831644,1,0,0.3991059595285628,1.2154533163802987,1,0,0,0,0,1,0,0,0,0,1
1,0,0,0,0.1023712383613841,1,0,0,0,0,0,0,0,1,-1.4842980536996218,-0.7086148607017495,-1.109762475828853,0,0,-1.5016734203786646,0.25165793014978455,0,1,0,1,0,0,1,0,1,0,0
1,0,1,0,0.7943687306174818,1,1,0,1,0,1,0,0,0,-0.11879574583603324,0.38184052451546635,-0.031297311737476054,1,1,-0.1318653480673853,0.15598255551728732,0,0,0,0,0,0,0,0,0,1,0
0,0,0,0,1.6084834273893616,1,0,1,1,1,1,1,1,1,1.4922646927247742,2.3364899749542207,2.1256330164452777,0,0,1.3550812648057706,1.5457901073444553,1,0,0,1,0,1,0,0,0,1,0
0,0,1,0,0.7129572609402939,1,1,1,1,0,1,1,1,1,1.4839688099309494,1.3630814376160836,1.5864004343995892,1,1,1.4286806096239397,0.5935221464407926,1,0,0,0,0,0,0,0,0,1,0
0,0,0,0,-0.6710377235719016,1,0,0,0,0,0,0,0,0,-1.5125040551986266,-0.8792377915275406,-1.109762475828853,0,1,-1.5374885197622679,0.341103145151141,0,1,1,0,1,0,0,1,0,0,0
1,1,0,0,0.1023712383613841,1,1,0,0,0,0,1,1,1,1.0127626672416914,0.5154516404636554,-0.031297311737476054,0,0,1.1356036099397462,-1.4626113306983226,1,0,0,0,0,1,0,0,1,0,1
1,0,0,0,1.5677776925507676,1,1,0,0,1,1,0,0,1,0.712451710105228,1.6992812308492609,-0.031297311737476054,0,1,0.727658512681436,-0.20066296923795673,1,0,0,1,1,0,0,0,0,1,0
1,0,1,0,1.0793088744876398,1,1,1,1,1,0,1,1,1,1.5005605755185993,1.8204088123188755,1.5864004343995892,1,0,1.467492591052918,0.33451896812209136,1,0,1,0,0,1,0,0,0,1,1
0,1,1,0,1.5270719577121736,1,1,0,1,0,1,1,1,1,1.31141444781939,2.2158889397543526,1.0471678523539008,1,1,1.3252703079870396,-0.20494906828971332,1,0,0,1,0,0,0,0,0,1,0
1,0,0,0,-1.2816237461508113,1,0,0,0,0,1,0,0,1,0.3109309828840996,-0.9763197600120621,-0.5705298937831644,0,0,0.3097676269903985,0.0031493650749470433,1,0,0,0,0,0,1,0,0,0,0
0,1,1,0,0.9164859351332638,1,1,0,0,0,0,0,0,0,-0.4406759982364418,0.2366015117770407,-1.109762475828853,1,1,-0.441005249043285,0.01854370096453572,0,0,0,0,0,0,0,0,0,1,0
0,0,1,1,1.5270719577121736,1,1,1,1,1,1,1,1,1,1.6349538767785634,2.3802371941989966,2.1256330164452777,1,1,1.5023161939773535,1.4881529807102107,1,0,0,1,0,0,0,0,0,1,1
1,0,0,0,-1.0373893371192475,1,0,0,0,0,0,0,0,0,0.14003579733130567,-0.7945077209541568,-1.109762475828853,0,1,0.1611067508885325,-0.24975758168262654,1,0,0,0,0,0,0,0,0,0,0
0,1,1,0,0.7129572609402939,1,1,0,0,0,1,1,1,1,1.1853170293532507,1.2682811696337968,0.5079352703082123,1,0,1.2857061892915667,-1.207230294244202,1,0,1,0,0,1,0,0,0,1,0
0,0,1,1,1.2828375486806096,1,0,0,0,0,0,0,0,0,-1.4842980536996218,-0.44825966973998266,-1.109762475828853,1,0,-1.4880887647042726,0.09365122255086697,0,1,0,1,0,0,1,0,0,1,0
1,1,0,0,-0.9966836022806536,1,0,0,0,0,0,0,0,1,0.16658262227154547,-0.762015428225213,-1.109762475828853,0,1,0.17865535192281518,-0.14598326385547403,1,0,0,0,1,0,0,0,0,0,0
1,1,1,0,1.1607203441648277,1,1,0,1,0,0,0,0,1,0.5714217026102036,1.1432703094248018,-0.5705298937831644,1,0,0.5118501757887783,0.673812440920683,1,0,0,0,0,1,0,0,0,1,0
0,0,0,1,-1.2816237461508113,1,0,0,0,0,0,0,0,1,0.1566275629189556,-0.97836012680733,-1.109762475828853,1,0,0.15590716539689373,0.0031493650749470433,1,0,0,0,0,1,0,0,0,0,1
0,0,0,1,-0.38609757970174374,1,0,0,0,0,1,0,0,1,-0.5136797668221014,-0.5177637773465283,-0.5705298937831644,1,0,-0.5383710839254584,0.30434289334957004,0,0,1,0,0,1,0,1,0,0,0
0,0,1,1,-0.8745663977648716,1,1,0,0,0,1,0,1,1,0.047121910040465745,-0.6838671860236614,-0.031297311737476054,1,0,0.07965374014967251,-0.37995967581375806,0,0,0,0,0,1,0,0,0,0,1
1,1,1,1,-0.3453918448631497,1,1,1,0,0,0,0,0,1,0.4950995809070136,-0.19376230602914624,-0.5705298937831644,1,0,0.4125480697484255,0.9436470733296902,1,0,0,0,0,1,0,1,0,0,0
1,0,1,1,0.020959768684196134,1,0,0,0,0,0,0,0,0,-1.4710246412295018,-0.7060479476367351,-1.109762475828853,1,0,-1.4565945897981198,-0.11872246071765413,0,1,1,0,0,0,1,0,1,0,0
0,1,1,0,0.8350744654560759,1,1,0,0,0,0,0,0,0,-1.3216987509406526,-0.4492030651399453,-1.109762475828853,1,1,-1.3523249147032046,0.4003522769431885,0,1,0,1,1,0,0,0,0,1,0
1,0,1,1,-0.38609757970174374,1,0,0,0,0,0,0,0,0,-1.461069581876912,-0.8097117444930887,-1.109762475828853,1,0,-1.4955572281165626,0.4499197653489674,0,1,0,1,0,0,1,1,0,0,0
0,0,0,0,-0.7524491932490895,1,0,0,1,0,0,0,1,1,0.7091333569876977,-0.490734402166205,-0.031297311737476054,0,0,0.6424229260577693,0.7522487454166872,1,0,0,0,0,1,0,1,0,0,1
1,0,1,0,1.5270719577121736,1,0,1,1,0,1,0,0,0,0.6527213539896879,1.4948935204759717,0.5079352703082123,1,1,0.5485704079336821,1.1896128239941937,1,0,0,1,0,0,0,0,0,1,0
0,0,1,0,-0.4268033145403377,1,1,1,0,0,1,1,1,1,0.473530285643069,-0.24422299021319138,1.0471678523539008,1,0,0.47242656072781386,-0.0029733821538677537,0,0,0,0,0,1,0,1,0,0,1
1,0,0,0,-0.7117434584104956,1,0,0,0,0,0,0,0,0,-1.4992306427285067,-0.8721952351696803,-1.109762475828853,0,0,-1.4613372420192818,-0.3906890614337751,0,1,0,0,0,0,1,1,0,0,0
0,0,1,0,1.3235432835192036,1,1,0,1,1,1,1,1,1,1.4176017475803497,2.0989517890148046,1.5864004343995892,1,1,1.4568361832574777,-0.503679539597765,1,0,0,1,0,0,0,0,0,1,0
1,0,1,0,1.6084834273893616,1,1,0,1,1,1,1,1,1,0.680927355488693,1.723633995825039,1.5864004343995892,1,1,0.7132147573157812,-0.398279324268226,0,0,0,1,1,0,0,0,0,1,0
0,0,1,0,1.2421318138420157,1,1,0,1,1,0,1,1,1,1.4126242179040545,2.0072011015114666,1.0471678523539008,1,0,1.4614758133884787,-0.6153730590604369,1,0,1,0,0,1,0,0,0,1,1
0,1,0,0,-1.1188008067964355,1,0,0,0,0,0,0,0,1,0.1367174442137754,-0.8691675941186375,-1.109762475828853,0,0,-0.040968048900171965,2.06214179030784,1,0,0,0,0,0,1,0,0,0,1
0,0,0,0,0.1023712383613841,1,1,1,1,1,1,1,1,1,1.6017703456032637,0.7085186060373935,2.1256330164452777,0,0,1.5515704492708813,0.5304053692934658,1,0,0,1,0,0,1,0,1,0,0
1,0,1,0,-0.8745663977648716,1,1,0,0,0,0,0,0,1,0.33250027814804467,-0.6466140374390923,-1.109762475828853,1,0,0.33503503417290964,-0.040584543702300725,1,0,0,0,0,1,0,0,0,0,1
0,1,0,0,-1.1188008067964355,0,0,0,0,0,0,1,1,0,-0.6381180087294758,-0.9220416153723544,-0.031297311737476054,0,0,-0.8383953874815637,2.350785588237688,0,0,0,0,0,1,0,0,0,0,1
0,0,0,0,-0.06045170099299184,1,0,0,1,1,1,1,1,0,0.473530285643069,0.08682103746205086,1.5864004343995892,0,0,0.5167294272191921,-0.5182716892499306,0,0,0,1,0,0,1,0,1,0,0
1,0,0,0,-1.2816237461508113,1,0,0,0,0,1,0,0,0,-0.4539494107065617,-0.9864338362767773,-0.5705298937831644,0,0,-0.4529170267150404,0.0031493650749470433,0,0,0,0,0,0,1,0,0,0,1
0,0,1,1,-0.019745966154397852,1,0,1,1,1,1,0,1,0,0.2877025110613896,0.007685521004724436,1.5864004343995892,1,0,0.24695161192450177,0.46437810051701095,0,0,0,1,0,0,1,0,1,0,0
1,0,0,0,-0.8745663977648716,1,0,0,1,0,0,1,0,1,-0.12211409895356326,-0.6886280418792864,-0.031297311737476054,0,0,0.04701667253892908,-1.9631271735501796,0,0,1,0,0,1,0,0,0,0,0
0,1,0,0,0.6722515261016999,1,1,0,0,1,0,0,1,1,0.8601184238353119,0.9725815603152924,-0.031297311737476054,0,1,0.9007309053031305,-0.5010936778392349,1,0,0,0,1,0,0,0,0,1,1
1,0,1,0,1.4049547531963917,1,1,0,1,0,0,1,0,1,0.7788187724558276,1.5353059466790202,-0.031297311737476054,1,1,0.7148273304055578,0.7182966853190433,1,0,1,0,0,0,0,0,0,1,0
0,0,1,1,1.5270719577121736,1,1,1,1,1,1,0,0,0,0.9613281939199768,1.877890113432875,1.0471678523539008,1,1,0.9611575166952516,-0.030113396400777405,1,0,0,1,0,0,0,0,0,1,1
0,0,0,0,-1.2816237461508113,1,0,0,0,0,0,0,0,1,-1.5042081724048018,-1.0003214941413427,-1.109762475828853,0,0,-1.5001608136901876,0.0031493650749470433,0,1,0,0,0,0,1,0,0,0,1
1,1,1,0,-0.9559778674420595,1,0,0,0,0,0,0,0,1,-1.449455345965557,-0.9191675503166544,-1.109762475828853,1,0,-1.396668053980339,-0.5655858219571923,0,1,0,0,0,0,1,0,0,0,0
1,0,0,0,-0.4675090493789317,1,0,0,0,0,0,0,0,0,-1.4743429943470319,-0.8321557792410358,-1.109762475828853,0,1,-1.5139475934028672,0.5098795881073417,0,1,0,0,1,0,0,1,0,0,0
0,0,0,1,-0.1825689055087738,1,0,0,0,0,0,0,0,0,-1.4826388771408567,-0.7740162952898534,-1.109762475828853,1,0,-1.5160550011589484,0.4381768033834994,0,1,0,0,0,0,1,0,1,0,0
1,0,1,1,1.4049547531963917,1,1,0,1,1,0,1,1,1,1.342938802435925,2.0579689376861974,1.0471678523539008,1,0,1.3030824702775,0.418738992542099,1,0,1,0,0,1,0,0,0,1,0
1,0,0,0,-0.7117434584104956,1,1,1,0,0,0,1,0,1,0.7572494771918825,-0.46385860298122444,-0.031297311737476054,0,1,0.5914591100798695,1.9030669861153948,1,0,0,0,0,0,0,1,0,0,0
0,0,1,1,-1.1188008067964355,1,0,0,1,0,0,0,1,1,0.6195378228143881,-0.8315634146875709,-0.031297311737476054,1,0,0.5261649213606187,1.0653585414567737,1,0,0,0,0,1,0,0,0,0,1
0,0,0,0,-0.30468611002455576,1,1,1,1,1,1,1,0,1,0.44532428414406383,-0.2024722589078705,1.5864004343995892,0,1,0.2838264222830207,1.8635548573321048,0,0,0,0,0,0,0,0,1,0,0
0,0,0,0,-1.1595065416350294,1,0,0,0,0,0,0,0,0,-1.4760021709057967,-0.972568117840118,-1.109762475828853,0,1,-1.463350111857333,-0.09787596420049847,0,1,0,0,1,0,0,0,0,0,0
0,0,0,0,-1.0373893371192475,1,0,0,0,0,1,1,1,1,0.19312944721178524,-0.8111158678790795,0.5079352703082123,0,1,-0.017806258982870034,2.447000187547634,0,0,0,0,1,0,0,0,0,0,1
0,0,0,0,-1.2816237461508113,1,0,0,0,0,0,0,0,0,-0.634799655611946,-0.9888252339185428,-1.109762475828853,0,0,-0.6332481053568905,0.0031493650749470433,0,0,0,0,0,1,0,0,0,0,1
0,0,1,1,1.0386031396490458,1,0,0,0,0,0,0,0,1,-1.4959122896109767,-0.5004316293007042,-1.109762475828853,1,0,-1.4875815657178602,-0.04694858146230103,0,1,0,1,0,0,1,0,0,1,0
0,0,0,0,-0.5896262538947137,1,0,0,0,0,0,0,0,1,0.1616050925952503,-0.4728757078506342,-1.109762475828853,0,0,0.09699166009137611,0.7461398819684324,1,0,0,0,0,1,0,1,0,0,0
0,1,1,0,1.1200146093262338,1,1,0,1,0,0,0,1,0,0.8136614801898924,1.3142881499529024,-0.031297311737476054,1,0,0.771128423295511,0.4675451644109633,1,0,0,0,0,1,0,0,0,1,0
0,0,1,0,-0.7524491932490895,1,0,0,0,0,0,0,0,0,-1.477661347464562,-0.8806199754856252,-1.109762475828853,1,0,-1.4576187505767761,-0.18378185644152342,0,1,0,1,0,0,1,1,0,0,0
0,0,0,0,0.387311382231542,1,0,0,1,0,0,0,0,1,-0.5103614137045716,-0.09714106553065288,-0.5705298937831644,0,0,-0.511648708291056,0.032013744867932646,0,0,0,0,0,1,0,0,1,0,0
1,0,0,0,-1.2816237461508113,0,0,0,0,0,0,0,1,0,-0.9633166142474143,-0.993169240643952,-0.5705298937831644,0,0,-0.9608219913301593,0.0031493650749470433,0,0,0,0,0,1,0,0,0,0,1
0,0,1,1,1.2828375486806096,0,0,0,1,1,1,0,1,0,-0.5004063543519814,0.3997430976868492,1.0471678523539008,1,0,-0.48892637197709565,-0.11681821343964374,0,0,0,1,0,1,0,0,0,1,0
0,0,0,0,0.8350744654560759,1,1,0,1,1,0,1,1,0,1.3479163321122196,1.4843845345089468,1.0471678523539008,0,0,1.398777552657392,-0.6365869518462962,1,0,0,1,0,1,0,0,0,1,0
0,1,0,0,-1.2816237461508113,1,0,0,0,0,0,0,0,1,0.15496838636019022,-0.9783820662352362,-1.109762475828853,0,0,0.1542527518313718,0.0031493650749470433,1,0,0,0,0,1,0,0,0,0,1
0,0,1,1,0.5094285867473239,1,1,1,1,0,0,1,1,1,1.3346429196421,1.0669430397394566,1.0471678523539008,1,0,1.3299157962368922,0.010418912578373338,1,0,0,0,0,1,0,0,1,0,0
1,1,1,0,-0.10115743583158582,1,1,1,1,1,1,1,0,1,1.352893861788515,0.38721568435246245,1.5864004343995892,1,1,1.3606511238096934,-0.1353996579313784,1,0,0,0,0,0,0,0,1,0,0
0,0,0,0,-0.6303319887333076,1,0,0,0,0,0,0,0,0,0.18483356441796028,-0.4974698065333798,-1.109762475828853,0,1,0.11999665918057256,0.7479635573801952,1,0,0,0,0,0,0,1,0,0,0
0,1,0,0,-0.06045170099299184,1,1,0,0,0,0,0,0,1,0.29765757041397994,-0.03606169824005202,-1.109762475828853,0,0,0.21781425365511994,0.9187399068954221,1,0,0,0,0,1,0,0,1,0,1
1,0,0,0,0.26519417771576004,1,1,0,0,0,0,0,0,1,0.27276992203250505,0.189343984067287,-1.109762475828853,0,1,0.1682092149866691,1.2070653769532793,1,0,0,0,1,0,0,0,1,0,0
0,0,1,1,1.0793088744876398,1,1,0,1,0,1,0,1,1,1.0525829046520514,1.4398694352874566,0.5079352703082123,1,1,0.9811230436974695,0.7960228936257437,1,0,0,0,0,0,0,0,0,1,0
0,0,0,0,-0.9152721326034655,1,1,0,1,1,0,0,1,1,0.9928525485365113,-0.59055879913899,0.5079352703082123,0,0,1.006110296718423,-0.18735554155875248,1,0,0,0,0,1,0,0,0,0,1
1,0,0,0,-1.2002122764736234,1,0,0,0,0,0,0,1,1,0.5116913464946635,-0.8975572138291396,-0.5705298937831644,0,0,0.6505768214878401,-1.6324988231941806,1,0,0,0,0,1,0,0,0,0,0
0,1,0,0,0.428017117070136,1,1,0,1,0,0,1,0,1,0.8402083051301322,0.6754778276107968,-0.031297311737476054,0,0,0.8052067777629827,0.37905756703009624,1,0,0,0,0,1,0,0,1,0,0
1,0,0,0,-1.2002122764736234,1,0,0,1,0,0,0,1,0,0.642766294637098,-0.9057844992939293,-0.031297311737476054,0,0,0.4437751257976452,2.2930568286517143,1,0,0,0,0,1,0,0,0,0,0
1,0,1,1,-0.4675090493789317,1,1,0,1,1,0,1,1,0,1.309755271260625,-0.062037980880882346,1.0471678523539008,1,0,1.2514440721655984,0.6345004024516622,1,0,0,0,0,1,0,1,0,0,1
1,1,1,0,0.020959768684196134,0,0,0,1,1,1,1,0,1,-0.4954288246756865,-0.24066880289240214,1.0471678523539008,1,0,-0.3931576033786253,-1.1730012216412093,0,0,0,0,0,1,0,0,1,0,0
1,0,1,0,-0.9559778674420595,0,0,0,0,0,0,0,0,0,-1.3548822821159523,-0.8949244824804067,-1.109762475828853,1,1,-1.193542832880192,-1.8313423284347348,0,0,1,0,0,0,0,0,0,0,1
0,0,0,0,-1.2409180113122174,1,0,0,0,1,0,0,1,0,-0.13538751142368316,-0.960040704505731,-0.031297311737476054,0,0,-0.3056742193836215,1.9851701108598832,0,0,0,0,0,1,0,0,0,0,0
1,0,0,0,-1.0373893371192475,0,0,0,0,1,1,0,0,1,-0.9765900267175343,-0.8994220652011585,-0.031297311737476054,0,1,-0.969094059157767,-0.05457939451102143,0,0,1,0,1,0,0,0,0,0,0
0,0,1,1,-1.1188008067964355,0,0,0,0,0,0,0,0,0,-1.3233579274994176,-0.953853785836209,-1.109762475828853,1,0,-1.318175321482816,-0.016093554787042906,0,0,0,0,0,0,1,0,0,0,0
1,0,1,1,-1.2409180113122174,1,0,0,0,0,0,0,0,0,0.16658262227154547,-0.9457800763667618,-1.109762475828853,1,0,0.2320101894108854,-0.76656742940464,1,0,0,0,0,0,1,0,0,0,0
1,0,0,0,-0.6303319887333076,1,0,0,0,0,0,0,0,1,0.19478862377055015,-0.47930396022712346,-1.109762475828853,0,0,0.20057633166597566,-0.07382231437301275,1,0,0,0,0,1,0,1,0,0,0
0,1,0,0,1.1200146093262338,1,1,1,0,0,0,1,1,1,1.2102046777347255,1.7012996582166229,0.5079352703082123,0,1,1.2575260115588498,-0.5908154279984689,1,0,1,0,0,0,0,0,0,1,0
0,0,0,1,0.46872285190873,1,0,0,0,0,0,0,0,0,-1.4942531130522119,-0.6280094025747139,-1.109762475828853,1,0,-1.4958743785431543,0.06875022824082007,0,1,0,1,0,0,1,0,1,0,0
1,0,0,0,1.6084834273893616,1,1,1,1,0,1,1,1,0,0.7008374741938728,1.7596804758747722,1.5864004343995892,0,1,0.7509675557623355,-0.6064770266639201,0,0,0,1,1,0,0,0,0,1,0
1,0,1,0,1.4863662228735797,1,1,0,1,0,1,1,0,1,0.9132120737157919,1.8258936692954022,0.5079352703082123,1,0,0.9494022746341473,-0.45142975630249177,1,0,0,1,0,0,1,0,0,1,0
1,0,0,0,-1.2409180113122174,1,0,0,0,0,0,0,0,0,-0.6729607164635407,-0.9760564868771888,-1.109762475828853,0,0,-0.9095351707989908,2.7741298252014586,0,0,0,0,0,0,1,0,0,0,1
0,0,0,0,-1.2816237461508113,1,1,0,0,0,0,1,0,1,0.6527213539896879,-0.9718002378634042,-0.5705298937831644,0,0,0.6505768214878397,0.0031493650749470433,1,0,0,0,0,1,0,0,0,0,0
1,0,1,0,0.9978974048104517,1,1,0,0,1,1,1,1,0,1.4275568069329394,1.610580123824872,1.0471678523539008,1,0,1.3167830420039164,1.2407729477776515,1,0,0,1,0,1,0,0,0,1,0
0,0,0,0,-0.5489205190561197,1,0,0,1,0,0,1,0,0,-0.2233238690382277,-0.5502780095033782,-0.031297311737476054,0,0,-0.3284006373099967,1.2296323099628161,0,0,1,0,0,1,0,1,0,0,0
0,0,1,1,0.346605647392948,1,1,1,1,0,0,1,0,1,0.9746016063900964,0.6995453800237957,0.5079352703082123,1,1,0.9935649997057243,-0.25311000674569806,1,0,0,0,0,0,0,0,1,0,0
1,0,1,1,1.4049547531963917,1,1,0,1,1,1,1,1,1,1.535403283252664,2.295507123625614,1.5864004343995892,1,1,1.5704307639178272,-0.45868071161280627,1,0,0,1,0,0,0,0,0,1,0
0,0,1,0,-1.1188008067964355,1,0,1,0,1,0,0,1,1,0.7954105380434776,-0.8096459262093704,0.5079352703082123,1,0,0.8567167517518262,-0.7396273415978516,1,0,0,0,0,0,1,0,0,0,1
0,1,1,0,-0.7117434584104956,1,1,0,0,1,1,0,0,1,0.6012868806679732,-0.45679410719545815,-0.031297311737476054,1,0,0.6269738546197324,-0.3188488272823493,1,0,0,0,0,1,0,1,0,0,1
0,0,0,0,1.5677776925507676,1,1,1,1,1,1,1,1,1,1.7826205905086479,2.710952130455648,2.1256330164452777,0,0,1.802141869488903,-0.2865785410161371,1,0,0,1,0,1,0,0,0,1,0
1,0,1,0,-1.2002122764736234,1,0,0,0,0,0,0,0,1,-1.472683817788267,-0.9864777151325894,-1.109762475828853,1,1,-1.5845359055317874,1.3501537554142242,0,1,0,0,1,0,0,0,0,0,1
0,0,1,1,1.5677776925507676,1,1,0,0,0,0,0,0,0,-1.3349721634107725,-0.21447312597251086,-1.109762475828853,1,1,-1.3049167113591293,-0.3050083797571978,0,1,0,1,0,0,0,0,0,1,0
0,1,1,0,1.5270719577121736,1,1,1,1,1,1,1,1,1,0.904916190921967,1.8319928302532997,2.1256330164452777,1,1,0.9117141855656642,-0.10928426669010388,0,0,0,1,0,0,0,0,0,1,0
1,0,0,0,-1.1595065416350294,0,0,1,1,0,1,0,0,0,-0.7476236616079653,-0.9446831049714564,0.5079352703082123,0,0,-0.9376602014128573,2.235328069065748,0,0,0,0,0,0,1,0,0,0,0
1,1,0,0,-1.1188008067964355,1,0,0,1,0,0,0,1,1,0.6842457086062228,-0.8296766238876457,-0.031297311737476054,0,0,0.5546208346875895,1.4848541944481497,1,0,0,0,0,1,0,0,0,0,0
0,0,1,0,1.1607203441648277,1,0,0,0,0,0,0,0,0,-1.4826388771408567,-0.44779894175395446,-1.109762475828853,1,1,-1.4550305813454685,-0.27161429393805253,0,1,0,1,1,0,0,0,0,1,0
1,0,0,1,-1.2002122764736234,1,1,0,0,0,0,0,0,1,-1.2785601604127628,-0.955718637208228,-1.109762475828853,1,0,-0.8113732992447118,-5.391282502902825,0,1,0,1,0,0,1,0,0,0,0
0,0,1,1,-1.2002122764736234,1,0,0,0,0,0,0,0,0,-0.6845749523748957,-0.9499046888131099,-1.109762475828853,1,0,-0.6652334342903071,-0.20210844678627815,0,0,0,0,0,0,1,0,0,0,1
0,0,1,1,0.06166550352279012,1,1,0,0,1,0,1,0,0,0.7472944178392927,0.25222238444618855,-0.031297311737476054,1,0,0.6483871564746495,1.125464367613935,1,0,0,0,0,1,0,0,1,0,1
1,0,1,0,1.5677776925507676,1,1,0,1,1,0,1,1,1,1.352893861788515,2.26977217469175,1.0471678523539008,1,1,1.3335700048540713,0.17958796831657228,1,0,1,0,0,0,0,0,0,1,0
0,0,1,1,-0.38609757970174374,1,1,1,1,1,1,1,1,1,0.8684143066291369,-0.04433286256065417,2.1256330164452777,1,1,1.0138284956567043,-1.7203469356076122,0,0,0,1,1,0,0,1,0,0,0
0,0,0,0,0.14307697319997809,1,0,0,0,0,0,0,0,0,-1.5058673489635668,-0.7365437524262233,-1.109762475828853,0,0,-1.578148030931579,0.8909963064850814,0,1,1,0,0,0,1,0,1,0,0
1,0,1,0,-0.7117434584104956,1,0,0,0,0,0,0,0,1,0.12178485518489039,-0.5224807543463413,-1.109762475828853,1,1,0.296752906941629,-2.0391658629442255,1,0,0,0,0,0,0,1,0,0,0
1,0,1,0,-0.8745663977648716,1,0,0,0,0,0,1,0,1,-0.3278519922404224,-0.7420724882585621,-0.5705298937831644,1,1,-0.3193607316074819,-0.08781716518173072,0,0,0,0,0,0,0,0,0,0,0
0,1,0,0,-0.7117434584104956,1,0,0,1,0,0,0,0,1,0.3441145140593994,-0.5054338188632964,-0.5705298937831644,0,1,0.3824515296356459,-0.4573978502886748,1,0,0,0,1,0,0,1,0,0,1
0,0,0,0,1.2014260790034217,0,0,0,1,1,0,0,1,1,-0.7078034241976054,0.197176359829767,0.5079352703082123,0,1,-0.6817597805523453,-0.2792870393510279,0,0,0,1,1,0,0,0,0,1,0
1,0,0,0,-1.0373893371192475,1,1,0,0,0,0,1,1,0,0.9978300782128064,-0.7212958500314791,-0.031297311737476054,0,0,0.9497893320521675,0.5254571899003826,1,0,0,0,0,0,1,0,0,0,1
0,0,1,1,-1.0780950719578415,1,1,0,0,0,1,0,0,1,0.5166688761709587,-0.7882769234288226,-0.5705298937831644,1,0,0.6243819400337487,-1.2700904991267046,1,0,0,0,0,1,0,0,0,0,1
0,0,0,0,-0.1418631706701798,1,1,0,0,0,0,0,0,0,-1.3200395743818876,-0.7008921820788,-1.109762475828853,0,0,-1.3477265706876493,0.3661106466097169,0,1,0,0,0,1,0,0,1,0,0
1,0,1,1,1.6084834273893616,1,1,0,1,0,0,1,0,1,0.8219573629837174,1.8822341201582837,-0.031297311737476054,1,0,0.879322474887383,-0.6946737426980358,1,0,1,0,0,1,0,0,0,1,0
0,0,0,0,1.4863662228735797,1,1,1,0,1,1,1,1,1,0.6776090023711627,1.5787898927889232,1.5864004343995892,0,1,0.6793492313229975,-0.04286631285590069,0,0,0,1,1,0,0,0,0,1,0
1,0,0,0,-0.7117434584104956,1,0,0,0,1,1,1,1,1,1.2085455011759603,-0.32706626998664984,1.0471678523539008,0,0,1.279143682148331,-0.8614991673904568,1,0,0,0,0,1,0,1,0,0,1
0,0,1,1,-0.6710377235719016,1,0,0,0,0,0,0,0,0,-1.5008898192872717,-0.8766050601788077,-1.109762475828853,1,0,-1.5250804180208564,0.3314816852201453,0,1,0,1,0,0,1,1,0,0,0
0,1,1,1,0.590840056424512,1,0,0,0,0,0,0,0,0,0.18649274097672516,0.44313928608512804,-1.109762475828853,1,1,0.18104017147737017,0.05719331021925552,1,0,0,0,0,0,0,0,1,0,1
0,0,1,1,0.631545791263106,1,0,1,0,1,1,1,0,0,0.1582867394777205,0.31782127388544723,1.0471678523539008,1,1,-0.0643711074624458,2.5845068857281053,0,0,1,0,0,0,0,0,1,0,0
0,0,1,1,1.6084834273893616,1,0,1,1,1,0,0,1,0,0.12676238486118555,1.1359644799320678,1.0471678523539008,1,1,0.09772695500938533,0.3334861560391035,0,0,0,1,1,0,0,0,0,1,0
1,0,0,0,-0.4675090493789317,1,1,0,0,0,0,0,0,1,0.29102086417891987,-0.3249820243355697,-1.109762475828853,0,0,0.30724661584293705,-0.19844312871732367,1,0,0,0,0,1,0,1,0,0,0
0,0,1,0,1.6084834273893616,1,1,0,1,1,1,1,1,1,1.5005605755185993,2.5008601688267715,1.5864004343995892,1,0,1.5272321874847643,-0.36032801009596843,1,0,0,1,0,1,0,0,0,1,0
1,0,1,1,-1.0373893371192475,1,0,1,0,0,0,1,1,0,0.1582867394777205,-0.7824410356057981,0.5079352703082123,1,1,0.2910963881795122,-1.5500291666427877,0,0,0,0,1,0,0,0,0,0,0
0,1,0,0,-0.22327464034736777,1,1,0,0,0,0,0,1,1,0.6742906492536329,-0.005302620315690625,-0.5705298937831644,0,0,0.6543145706543886,0.20983257840742914,1,0,0,0,0,1,0,0,1,0,1
1,0,1,0,-1.1595065416350294,1,1,0,0,0,0,0,0,1,0.32254521879545484,-0.876670878462526,-1.109762475828853,1,0,0.34451031186635117,-0.266251512992904,1,0,0,0,0,1,0,0,0,0,1
0,0,0,0,-1.1595065416350294,1,0,0,0,0,0,0,0,1,-0.6281629493768859,-0.9239722850280918,-1.109762475828853,0,0,-0.5472185999497694,-0.9205107883005569,0,0,0,0,0,0,1,0,0,0,1
0,0,1,1,-0.2639803751859618,1,0,0,0,0,0,1,1,1,0.858459247276547,0.02740906669231438,-0.031297311737476054,1,0,0.8569967294321454,-0.011652880972740687,1,0,0,0,0,1,0,0,1,0,1
1,0,0,0,0.387311382231542,1,1,0,0,1,0,0,0,0,0.49675875746577897,0.4449602586013349,-0.5705298937831644,0,0,0.4616585486249495,0.39167308038369225,1,0,0,0,0,1,0,0,1,0,0
1,0,1,1,1.4863662228735797,1,1,0,1,1,1,1,1,1,0.5647849963751436,1.4489084795847722,1.5864004343995892,1,1,0.5374053428028864,0.2996018841082133,0,0,0,1,0,0,0,0,0,1,0
0,0,0,1,0.6722515261016999,1,0,0,0,0,0,0,0,0,-1.4760021709057967,-0.5593170538006942,-1.109762475828853,1,1,-1.4567746620229385,-0.17435675283565252,0,1,0,1,1,0,0,0,0,1,0
0,0,0,0,-1.2816237461508113,1,0,0,1,0,0,0,0,0,0.3607062796470494,-0.9756615771748789,-0.5705298937831644,0,0,0.3594000339560453,0.0031493650749470433,1,0,0,0,0,1,0,0,0,0,1
0,0,0,0,0.22448844287716607,1,1,0,1,0,1,0,1,0,0.10685226615600583,0.1566322970592822,0.5079352703082123,0,1,0.164266307622687,-0.6713656153505875,0,0,0,0,1,0,0,0,1,0,0
0,0,0,0,0.18378270803857208,1,1,0,0,1,0,1,1,1,1.1654069106480704,0.6631039902717528,0.5079352703082123,0,0,1.258998588678431,-1.1275021965457472,1,0,0,0,0,1,0,0,1,0,0
1,0,1,0,-0.7524491932490895,1,0,0,1,1,1,1,1,0,0.5647849963751436,-0.49038337131970733,1.5864004343995892,1,0,0.6443136844183656,-0.9438771909901176,0,0,0,1,0,0,1,1,0,0,0
1,1,0,0,-1.2816237461508113,1,0,0,0,0,0,1,0,1,0.4702119325255387,-0.9742135749330759,-0.5705298937831644,0,0,0.46859132928046815,0.0031493650749470433,1,0,0,0,0,1,0,0,0,0,1
0,0,0,0,-0.9559778674420595,1,0,0,0,0,0,0,0,1,-1.5075265255223318,-0.9304444162603933,-1.109762475828853,0,0,-1.4911534509445703,-0.1401034827865308,0,1,0,0,0,1,0,0,0,0,0
1,0,0,0,-0.3453918448631497,1,0,1,0,0,0,0,0,1,-0.45726776382409173,-0.449159186284133,-0.5705298937831644,0,0,-0.3899114434280943,-0.768171006059807,0,0,0,0,0,1,0,1,0,0,0
0,0,1,1,-0.9966836022806536,1,1,0,1,0,0,0,0,0,-0.3046235204177124,-0.812871022111568,-0.5705298937831644,1,0,-0.3007109786870569,-0.035336474649032855,0,0,0,0,0,1,0,0,0,0,0
0,0,0,0,-1.2816237461508113,1,1,0,0,0,0,0,1,0,0.6925415914000478,-0.9712736915936575,-0.5705298937831644,0,0,0.6902827470603572,0.0031493650749470433,1,0,0,0,0,0,1,0,0,0,1
0,0,1,0,1.6084834273893616,1,1,1,1,1,1,1,0,0,0.473530285643069,1.361370162239407,1.5864004343995892,1,1,0.33380257962283677,1.6093986479993643,0,0,0,1,1,0,0,0,0,1,0
0,0,1,0,1.6084834273893616,1,1,1,0,1,0,1,1,1,1.3462571555534548,2.3012991325928254,1.0471678523539008,1,0,1.3182246070405401,0.2811026519703559,1,0,0,1,0,1,0,0,0,1,0
0,0,1,1,-0.6303319887333076,1,0,1,0,0,1,0,0,1,-0.3178969328878323,-0.6050168821291142,-0.031297311737476054,1,1,-0.3570583583598206,0.46611137822516924,0,0,0,0,1,0,0,1,0,0,0
0,0,0,0,1.4456604880349857,0,0,1,1,1,1,1,1,0,-0.019245152310133944,0.983002788570693,2.1256330164452777,0,1,0.060243133931735325,-0.9239065976879719,0,0,0,1,1,0,0,0,0,1,0
0,0,1,0,0.631545791263106,1,0,0,1,1,0,0,1,1,0.02389343821775623,0.3489752615121186,0.5079352703082123,1,0,-0.015428039482433075,0.456560664323082,0,0,1,0,0,1,0,0,1,0,0
0,0,1,1,-1.0373893371192475,1,0,1,1,1,1,1,0,1,0.35738792652951956,-0.7658109492529694,1.5864004343995892,1,0,0.4702457428459896,-1.324612105402336,0,0,0,0,0,1,0,0,0,0,0
1,0,0,0,0.5501343215859179,0,0,1,0,0,0,0,0,1,-1.1342117998002084,-0.3554339502692457,-0.5705298937831644,0,1,-1.0774221821871353,-0.6226638547845432,0,0,1,0,0,0,0,0,1,0,0
1,0,1,1,0.7129572609402939,1,1,0,1,0,1,1,1,0,1.2865267994379153,1.2161969677847,1.0471678523539008,1,0,1.2071546332006031,0.880241652384435,1,0,0,0,0,1,0,0,0,1,1
0,0,1,0,-0.38609757970174374,1,0,0,0,1,1,0,0,0,-0.3543988171806622,-0.47291958670644646,-0.031297311737476054,1,0,-0.3913440696678032,0.44155327845245057,0,0,0,0,0,1,0,1,0,0,0
0,0,1,1,-0.7931549280876836,1,0,0,0,0,0,0,0,1,-1.4760021709057967,-0.897250061838454,-1.109762475828853,1,0,-1.5009243891819668,0.33916035035738196,0,1,0,0,0,0,1,1,0,0,0
0,0,0,1,-0.5896262538947137,1,1,0,0,0,0,0,0,0,-1.3150620447055927,-0.8094265319303093,-1.109762475828853,1,1,-1.3129363451919978,0.01918513162660556,0,1,0,1,1,0,0,1,0,0,0
0,0,0,0,1.2828375486806096,1,1,0,0,0,0,0,0,1,-1.3449272227633626,-0.3063335106153791,-1.109762475828853,0,1,-1.3208637435267887,-0.234981768217176,0,1,1,0,0,0,0,0,0,1,0
1,0,0,0,1.3642490183577978,1,1,0,1,0,0,0,1,0,0.8120023036311275,1.6136735831596327,-0.031297311737476054,0,1,0.8477528382513636,-0.442936504452989,1,0,0,0,1,0,0,0,0,1,0
0,0,1,1,-0.9559778674420595,1,0,1,0,0,0,0,0,0,-0.5418857683211062,-0.8236213417855603,-0.5705298937831644,1,0,-0.5961157119974064,0.6488562315550448,0,0,1,0,0,0,1,0,0,0,0
0,1,0,0,-0.4675090493789317,1,1,0,0,0,0,1,1,1,0.9729424298313315,-0.14286283328697894,-0.031297311737476054,0,0,0.9612126638141023,0.1039456119710824,1,0,0,0,0,1,0,1,0,0,1
1,0,0,1,0.30589991255435406,1,0,0,0,0,0,0,0,1,-1.477661347464562,-0.633801411541926,-1.109762475828853,1,1,-1.4415118527924484,-0.3711254262407522,0,1,1,0,0,0,0,0,1,0,0
1,0,1,1,-1.0373893371192475,0,0,1,0,1,1,0,1,0,-0.5070430605870415,-0.8748499059463192,1.0471678523539008,1,1,-0.7043878886743176,2.3122997485137082,0,0,0,1,1,0,0,0,0,0,0
0,0,0,0,0.9571916699718578,1,1,1,1,0,0,1,1,1,1.3827590398462843,1.577276072263402,1.0471678523539008,0,1,1.3338200809488596,0.5230518249176306,1,0,0,0,1,0,0,0,0,1,0
0,0,1,1,-0.4268033145403377,1,0,0,0,0,0,0,0,0,-1.466047111553207,-0.8104357456139902,-1.109762475828853,1,1,-1.468350952862205,0.07574765364518042,0,1,1,0,0,0,0,1,0,0,0
0,0,0,0,-1.1595065416350294,1,0,0,0,0,0,0,0,1,0.1981069768880804,-0.8891324735131946,-1.109762475828853,0,1,0.10958358556228986,1.023024117760402,1,0,0,0,0,0,0,0,0,0,1
0,1,1,0,-1.2816237461508113,1,1,0,0,0,0,0,0,1,0.31590851256039476,-0.9762539417283439,-1.109762475828853,1,0,0.31473086768696334,0.0031493650749470433,1,0,0,0,0,1,0,0,0,0,1
1,0,0,0,-0.019745966154397852,1,0,0,0,0,0,1,1,0,0.866755130070372,0.2510595947671649,-0.031297311737476054,0,0,0.820464414497335,0.5094786939435493,1,0,0,0,0,1,0,0,1,0,0
1,0,0,1,-0.2639803751859618,0,0,0,1,0,0,1,0,1,-0.8289233129874498,-0.5597119635030041,-0.031297311737476054,1,1,-0.8458402485264108,0.2244429434878294,0,0,1,0,0,0,0,0,1,0,0
1,0,1,1,-0.5896262538947137,0,0,0,1,1,0,1,0,0,-0.614889536906766,-0.6524499252621166,0.5079352703082123,1,1,-0.6553069528971779,0.49063666824535174,0,0,1,0,1,0,0,1,0,0,0
1,0,1,1,0.1023712383613841,1,1,0,1,1,1,1,1,1,1.4939238692835393,0.6507520923606147,1.5864004343995892,1,0,1.427111280184645,0.7272329495961014,1,0,0,0,0,1,0,0,1,0,0
0,0,1,1,1.6084834273893616,1,1,1,1,1,1,1,0,0,0.5067138168183688,1.4984038289409487,1.5864004343995892,1,1,0.4773229564318318,0.32493374721155666,0,0,0,1,0,0,0,0,0,1,0
0,0,1,1,0.7943687306174818,1,1,1,1,1,0,0,1,0,1.102358201415001,1.182125036246516,1.0471678523539008,1,1,1.0286739525004975,0.8202333469071292,1,0,0,0,0,0,0,0,0,1,0
0,1,1,0,-1.0373893371192475,1,1,0,0,0,0,0,1,1,0.651062177430923,-0.7250913710592356,-0.5705298937831644,1,0,0.9089016825042777,-3.020738041809146,1,0,0,0,0,1,0,0,0,0,1
0,0,0,0,0.14307697319997809,1,1,0,1,1,0,1,1,1,1.3230286837307448,0.6964080418332225,1.0471678523539008,0,1,1.4234177362482863,-1.2118272139890138,1,0,1,0,0,0,0,0,1,0,0
0,0,0,0,-1.2409180113122174,1,0,0,0,0,0,0,0,0,-1.5141632317573919,-0.9894395378999139,-1.109762475828853,0,0,-1.4141313082830664,-1.1129399869204537,0,1,0,0,0,0,1,0,0,0,0
1,0,0,0,-1.0373893371192475,0,0,1,0,1,0,0,0,0,-0.9832267329525943,-0.8927305396897961,-0.031297311737476054,0,0,-0.8970088966600419,-0.9699925822313893,0,0,1,0,0,0,1,0,0,0,0
1,0,1,0,-0.7117434584104956,1,0,0,0,0,0,0,0,1,-1.5091857020810966,-0.859360669844608,-1.109762475828853,1,1,-1.3968151129639408,-1.2566204552233118,0,1,0,0,1,0,0,1,0,0,0
1,0,0,0,-1.2409180113122174,1,1,0,1,0,0,0,0,1,0.48182616843689396,-0.9452315906691091,-0.5705298937831644,0,0,0.2526903589799049,2.6490508460985276,1,0,0,0,0,1,0,0,0,0,0
0,0,1,0,1.5677776925507676,0,0,1,1,1,1,0,0,1,-0.5750692994964061,0.47321824174440025,1.0471678523539008,1,1,-0.574528074580632,0.012906338526095526,0,0,0,1,0,0,0,0,0,1,0
1,0,1,1,-0.22327464034736777,1,1,0,0,0,0,0,0,1,0.35904710308828447,-0.16249862126294434,-1.109762475828853,1,1,0.21528223002616725,1.6601785754129477,1,0,0,0,0,0,0,0,1,0,0
1,0,1,1,0.46872285190873,1,0,0,1,0,1,0,0,1,-0.33282952191671733,0.10959416362858954,-0.031297311737476054,1,1,-0.23175201325145386,-1.1645459992776073,0,0,0,0,0,0,0,0,1,0,0
0,0,1,0,0.5501343215859179,1,0,1,1,0,1,0,1,0,0.18815191753549007,0.40882602083997743,1.0471678523539008,1,0,0.175436438572507,0.1416147232123024,0,0,1,0,0,0,1,0,1,0,0
0,0,0,1,-0.06045170099299184,1,0,0,0,0,0,0,0,0,-1.4876164068171518,-0.7503655920070704,-1.109762475828853,1,1,-1.5197469355787816,0.42338990528678666,0,1,1,0,1,0,0,0,1,0,0
1,0,0,0,1.4863662228735797,1,1,1,1,1,1,0,1,1,0.4536201669378888,1.3414272222727561,1.5864004343995892,0,1,0.41994197965085583,0.3765735635561676,0,0,1,0,1,0,0,0,0,1,1
1,0,1,1,-0.30468611002455576,1,1,0,0,0,0,1,0,0,-0.15197927701133307,-0.39257740171428407,-0.5705298937831644,1,0,-0.2895933195267518,1.6056997311814452,0,0,0,0,0,1,0,0,1,0,0
1,0,1,1,-0.30468611002455576,1,0,0,0,0,0,0,0,1,-1.5191407614336867,-0.7993563345214064,-1.109762475828853,1,0,-1.5165725962601615,0.020852851347977302,0,1,0,0,0,0,1,0,1,0,0
0,0,1,1,1.5270719577121736,1,1,1,1,1,1,1,1,1,1.5967928159269684,2.443927353410425,2.1256330164452777,1,1,1.5709270879874837,0.24753444732221241,1,0,0,1,1,0,0,0,0,1,0
1,0,1,0,1.6084834273893616,1,0,0,0,0,0,0,0,0,-1.4677062881119718,-0.35420534230650375,-1.109762475828853,1,1,-1.4629824643983282,-0.005937569304326254,0,1,0,1,0,0,0,0,0,1,0
1,0,0,0,-1.2409180113122174,1,0,0,0,0,0,0,0,0,-0.6829157758161306,-0.9732701795331133,-1.109762475828853,0,0,-0.8044799093883719,1.4367468947931783,0,0,0,0,0,1,0,0,0,0,1
0,0,0,0,-1.1595065416350294,0,0,1,1,0,0,0,0,1,-1.037979559391839,-0.9484347471434007,-0.031297311737476054,0,0,-1.008386381338904,-0.30954808268238515,0,0,0,0,0,1,0,0,0,0,1
0,0,0,1,1.3642490183577978,1,1,1,0,1,1,0,0,1,0.8634367769528422,1.593116339211611,0.5079352703082123,1,1,0.8242651789953991,0.4267851614305657,1,0,0,1,1,0,0,0,0,1,0
1,0,0,0,-1.1188008067964355,1,0,0,1,0,1,0,1,1,0.02223426165899086,-0.8597775189748239,0.5079352703082123,0,1,0.10064975230847312,-0.9128136203557597,0,0,0,0,0,0,0,0,0,0,0
1,0,0,0,-1.2816237461508113,1,0,0,1,0,0,0,0,0,-0.4688819997354467,-0.9866312911279321,-0.5705298937831644,0,0,-0.46780674880473455,0.0031493650749470433,0,0,0,0,0,1,0,0,0,0,1
1,0,1,0,-1.2816237461508113,1,0,1,0,0,0,1,1,1,0.9978300782128064,-0.967236836858934,0.5079352703082123,1,0,0.9946948431163243,0.0031493650749470433,1,0,0,0,0,1,0,0,0,0,1
0,0,0,0,-1.2816237461508113,1,0,0,0,0,0,0,0,1,-1.4842980536996218,-1.0000582210064695,-1.109762475828853,0,0,-1.480307850903929,0.0031493650749470433,0,1,0,0,0,0,1,0,0,0,1
1,1,1,0,1.5270719577121736,1,1,0,1,1,0,1,1,1,1.3230286837307448,2.1981618820062185,1.0471678523539008,1,0,1.306173648545019,0.15186964572260844,1,0,1,0,0,1,0,0,0,1,0
0,0,1,0,1.0793088744876398,1,0,0,1,0,1,1,1,1,1.1654069106480704,1.6391013801028107,1.0471678523539008,1,0,1.235762528248339,-0.8572374585848684,1,0,0,1,0,0,1,0,0,1,0
0,0,0,0,-0.8338606629262776,1,0,0,0,0,0,0,0,1,-1.5125040551986266,-0.912673479656447,-1.109762475828853,0,1,-1.5438649053793823,0.4152685654525604,0,1,1,0,0,0,0,0,0,0,0
1,0,0,0,-1.2409180113122174,1,0,0,0,0,0,0,0,0,-1.5108448786398618,-0.9867190488395567,-1.109762475828853,0,0,-1.3115576672207299,-2.2675151786398353,0,1,0,0,0,0,1,0,0,0,0
1,0,1,1,0.346605647392948,1,0,0,0,0,0,0,0,1,-1.4909347599346818,-0.622875576444685,-1.109762475828853,1,0,-1.4386650509132402,-0.5581806874845562,0,1,0,1,0,0,1,0,1,0,0
0,0,0,0,0.22448844287716607,1,1,0,0,1,1,1,1,1,1.2848676228791502,0.7411864141895861,1.0471678523539008,0,0,1.3242714402478561,-0.5012176923603614,1,0,0,0,0,1,0,0,1,0,0
0,0,1,0,1.2828375486806096,1,1,1,1,1,1,1,1,1,1.6615007017188033,2.236424244274468,2.1256330164452777,1,0,1.6751499725729493,-0.21423549524096538,1,0,1,0,0,1,0,0,0,1,0
1,0,1,0,-1.2816237461508113,1,1,0,0,0,0,0,0,1,0.32088604223668943,-0.9761881234446256,-1.109762475828853,1,1,0.31969410838352774,0.0031493650749470433,1,0,0,0,0,0,0,0,0,0,1
1,0,0,0,-1.1188008067964355,1,0,0,0,1,0,1,1,0,1.0476053749757561,-0.7927964455774805,0.5079352703082123,0,1,1.110834675415938,-0.7704160133770399,1,0,0,0,0,0,0,0,0,0,1
0,0,0,0,-1.2816237461508113,0,0,0,0,0,0,0,0,0,-1.3167212212643575,-0.9978423387879527,-1.109762475828853,0,1,-1.3132120807862515,0.0031493650749470433,0,0,0,0,0,0,0,0,0,0,0
1,0,0,1,0.46872285190873,1,0,0,0,0,0,0,0,0,-1.5058673489635668,-0.6491370716482946,-1.109762475828853,1,1,-1.532083475443092,0.35520733073180333,0,1,0,1,0,0,0,0,1,0,0
1,0,1,1,-1.2816237461508113,1,0,0,0,0,0,1,1,0,0.8037064208373025,-0.9698037499239485,-0.031297311737476054,1,0,0.801128455950302,0.0031493650749470433,1,0,0,0,0,0,1,0,0,0,1
1,0,1,1,-0.10115743583158582,1,1,1,1,0,0,1,0,1,0.9779199595076267,0.23666733006075888,0.5079352703082123,1,0,0.9822315942560614,-0.08280234364193309,1,0,0,0,0,1,0,0,1,0,1
1,0,0,0,0.346605647392948,1,0,0,1,0,1,1,1,1,1.152133498177951,0.8429195413902025,1.0471678523539008,0,1,1.2572623814297095,-1.2612512717104218,1,0,0,1,1,0,0,0,1,0,0
1,0,1,0,0.8350744654560759,1,0,0,0,0,0,0,0,0,-1.4942531130522119,-0.5218445109370642,-1.109762475828853,1,1,-1.4556789395228629,-0.39877350826887487,0,1,0,1,1,0,0,0,0,1,0
1,1,1,0,1.6084834273893616,1,1,1,1,1,1,1,1,1,1.6449089361311533,2.6470425769651595,2.1256330164452777,1,0,1.6803343761940723,-0.4669658576645015,1,0,0,1,0,0,1,0,0,1,0
1,1,0,0,-1.0373893371192475,1,1,0,0,0,0,1,0,1,0.659358060224748,-0.7689263480156365,-0.5705298937831644,0,0,0.43668478194540966,2.567955683822998,1,0,0,0,0,1,0,0,0,0,1
1,0,0,0,0.7129572609402939,1,1,0,0,1,1,0,1,0,0.15165003324266044,0.49094529949253424,0.5079352703082123,0,1,0.1133556484916787,0.44034850433935624,0,0,0,1,0,0,0,0,0,1,0
1,0,0,0,-1.2816237461508113,1,0,0,0,0,0,0,0,0,-0.6414363618470058,-0.9889129916301673,-1.109762475828853,0,0,-0.6398657596189766,0.0031493650749470433,0,0,0,0,0,0,1,0,0,0,0
0,0,0,0,-0.06045170099299184,1,0,0,0,0,0,0,0,0,-1.461069581876912,-0.706442857339045,-1.109762475828853,0,1,-1.4129038401538088,-0.5114435563956811,0,1,0,1,1,0,0,0,1,0,0
1,0,0,0,0.30589991255435406,1,1,0,0,1,1,1,1,0,1.3230286837307448,0.8041306328522058,1.0471678523539008,0,1,1.2692861346537652,0.5809180339311866,1,0,0,0,0,0,0,0,1,0,1
0,0,0,0,-1.2816237461508113,1,0,0,0,0,0,0,0,1,-1.4826388771408567,-1.0000362815785633,-1.109762475828853,0,0,-1.4786534373384075,0.0031493650749470433,0,1,0,0,0,0,1,0,0,0,1
0,1,1,0,1.1200146093262338,0,0,0,1,0,0,1,1,1,-0.5136797668221014,0.2668779222874678,0.5079352703082123,1,1,-0.5452608772305687,0.38447989367337626,0,0,0,1,1,0,0,0,0,1,0
0,0,1,1,-0.6303319887333076,1,1,0,0,1,1,0,0,1,-0.09888562713085328,-0.53911084069917,-0.031297311737476054,1,0,-0.06471374948765792,-0.3941603332520159,0,0,1,0,0,0,1,1,0,0,0
1,1,1,0,1.6084834273893616,1,1,1,1,1,0,1,1,0,0.6477438243133932,1.5798649247563228,1.5864004343995892,1,1,0.5626401448871314,0.9682352487089024,0,0,0,1,1,0,0,0,0,1,0
0,1,0,0,-0.2639803751859618,1,1,0,1,0,0,1,0,1,0.8037064208373025,-0.009514990473663049,-0.031297311737476054,0,0,0.7499052667101154,0.5989397684942415,1,0,0,0,0,1,0,0,1,0,1
1,0,0,0,-1.2816237461508113,1,0,0,0,0,0,1,1,1,0.850163364482722,-0.9691894459425774,-0.031297311737476054,0,0,0.8474520357849054,0.0031493650749470433,1,0,0,0,0,1,0,0,0,0,1
0,0,0,0,-1.0373893371192475,1,1,0,0,0,1,1,1,1,0.32254521879545484,-0.7802690322430937,0.5079352703082123,0,0,0.314494522891889,0.08287003307461793,0,0,0,0,0,1,0,0,0,0,1
1,0,0,0,-1.2816237461508113,1,1,0,0,0,0,0,0,1,0.3490920437356946,-0.9758151531702218,-1.109762475828853,0,0,0.3478191389973946,0.0031493650749470433,1,0,0,0,0,1,0,0,0,0,1
1,0,1,1,1.2828375486806096,1,1,0,0,1,0,0,1,0,0.8402083051301322,1.4610848620726613,-0.031297311737476054,1,1,0.761603481861513,0.8862189843665691,1,0,1,0,1,0,0,0,0,1,0
1,0,1,1,0.020959768684196134,1,0,0,1,1,1,1,1,0,0.5697625260514383,0.13328874576718466,1.5864004343995892,1,1,0.46137207008546494,1.2416936616466463,0,0,0,1,1,0,0,0,1,0,0
0,0,0,0,1.4456604880349857,1,0,0,0,0,0,0,0,0,-1.4892755833759168,-0.40036589862095195,-1.109762475828853,0,1,-1.4738361743093886,-0.12985316926527643,0,1,0,1,0,0,0,0,0,1,0
0,0,1,1,0.06166550352279012,1,0,0,0,0,0,0,0,0,-1.469365464670737,-0.6945736268418413,-1.109762475828853,1,0,-1.4515015911748477,-0.15871754905826066,0,1,0,0,0,0,1,0,1,0,0
1,0,0,0,-1.2002122764736234,1,0,0,0,0,0,0,0,1,-1.5025489958460367,-0.9789305519328889,-1.109762475828853,0,0,-1.394829816685315,-1.202740279609739,0,1,0,0,0,0,1,0,0,0,0
0,0,0,0,-1.0373893371192475,1,0,0,0,0,0,0,0,0,-1.4826388771408567,-0.9522522075990631,-1.109762475828853,0,0,-1.5382123256971834,0.6958944801065756,0,1,1,0,0,0,1,0,0,0,0
0,0,0,0,-1.0780950719578415,1,0,0,0,1,1,0,1,1,0.8070247739548323,-0.7952097826471523,0.5079352703082123,0,0,0.5372494922496129,3.1108809227862806,1,0,0,0,0,1,0,0,0,0,0
1,0,0,1,-0.8338606629262776,1,0,1,0,0,0,1,1,1,0.16326426915401518,-0.6414363324532512,0.5079352703082123,1,0,0.16059467049920478,0.02559943824726432,0,0,0,0,0,0,1,0,0,0,0
0,0,1,1,1.0793088744876398,1,0,0,1,0,1,1,1,1,0.36568380932334454,0.9842094571055289,1.0471678523539008,1,1,0.3987414277259905,-0.39671198663351853,0,0,0,1,1,0,0,0,0,1,0
1,0,1,0,-0.8338606629262776,1,0,1,0,0,1,0,0,0,0.5282831120823135,-0.6287334036956155,-0.031297311737476054,1,1,0.24042012503561985,3.330570924543993,1,0,0,0,0,0,0,0,0,0,1
1,1,0,0,0.7943687306174818,0,0,1,0,0,0,1,1,1,-0.5352490620860464,0.11220495554941634,0.5079352703082123,0,1,-0.5228796311493078,-0.12600023169110106,0,0,0,0,1,0,0,0,0,1,0
0,0,1,1,-0.019745966154397852,1,1,0,0,1,0,0,1,1,0.866755130070372,0.2874790450913018,-0.031297311737476054,1,1,0.906287118208766,-0.48874777389716517,1,0,0,0,0,0,0,0,1,0,1
0,1,1,0,1.4049547531963917,1,1,1,0,1,0,1,1,1,1.3976916288751695,2.1251255265067894,1.0471678523539008,1,1,1.3786669467560295,0.17461239727804864,1,0,1,0,1,0,0,0,0,1,0
1,0,0,0,0.7536629957788878,1,0,0,0,0,0,0,0,0,-1.5207999379924515,-0.5667106410050522,-1.109762475828853,0,0,-1.494840738695177,-0.25115902682664176,0,1,1,0,0,1,0,0,0,1,0
0,0,0,0,-0.9966836022806536,1,0,0,0,0,1,0,0,0,-0.5153389433808665,-0.8297863210271762,-0.5705298937831644,0,0,-0.46015508606419725,-0.6246508954224667,0,0,0,0,0,1,0,0,0,0,0
0,1,1,1,-1.2002122764736234,1,0,1,0,0,1,1,0,1,0.7755004193382974,-0.888803382094603,0.5079352703082123,1,0,0.8706138257022074,-1.132182906782445,1,0,0,0,0,0,1,0,0,0,1
0,0,1,0,1.6084834273893616,1,1,1,1,1,0,1,0,0,1.1853170293532507,2.2091754748150843,1.0471678523539008,1,1,1.2217401270179709,-0.46322417880244227,1,0,0,1,0,0,0,0,0,1,0
1,1,1,0,0.18378270803857208,1,1,0,0,0,0,1,0,1,0.689223238282518,0.3825425862084617,-0.5705298937831644,1,0,0.6871974893300605,0.0005489704990020493,1,0,0,0,0,1,0,0,1,0,1
1,0,1,1,1.2828375486806096,1,1,0,0,0,0,0,0,1,-1.3316538102932427,-0.3442229026092253,-1.109762475828853,1,0,-1.3655070595839096,0.4382197563296206,0,1,0,1,0,0,1,0,0,1,0
0,1,1,0,-0.2639803751859618,1,0,0,1,0,0,0,1,0,0.6643355899010431,-0.056860275895041106,-0.031297311737476054,1,0,0.6125889407718257,0.5796968486322529,1,0,0,0,0,1,0,0,1,0,1
1,0,0,0,-0.6710377235719016,1,0,1,0,0,0,1,1,1,0.9729424298313315,-0.35808862104588457,0.5079352703082123,0,0,0.9186952199501777,0.5984771983052526,1,0,0,0,0,1,0,1,0,0,1
0,0,1,0,-1.2409180113122174,1,1,0,0,1,1,1,1,1,1.309755271260625,-0.9023838879684829,1.0471678523539008,1,0,1.868225205711708,-6.539443388001542,1,0,0,0,0,1,0,0,0,0,1
0,0,0,0,0.18378270803857208,1,1,1,1,1,1,1,0,1,0.46357522629047915,0.2973298482211436,1.5864004343995892,0,1,0.5135287788304458,-0.5965016241378637,0,0,0,0,1,0,0,0,1,0,0
1,0,0,0,1.3642490183577978,1,1,1,1,1,1,1,1,1,1.6382722298960932,2.230961326725848,2.1256330164452777,0,1,1.5530343546076457,0.9367225377732932,1,0,1,0,0,0,0,0,0,1,0
0,0,0,0,1.6084834273893616,1,1,1,1,1,1,1,1,1,0.8767101894229619,1.9297329815750046,2.1256330164452777,0,1,0.9290697716839691,-0.6382812969913774,0,0,0,1,0,0,0,0,0,1,0
0,1,0,0,-1.2816237461508113,1,0,0,0,0,0,0,0,0,-0.6580281274346557,-0.9891323859092285,-1.109762475828853,0,0,-0.6564098952741922,0.0031493650749470433,0,0,0,0,0,0,1,0,0,0,1
1,1,1,1,0.5501343215859179,1,1,1,1,1,0,1,0,1,1.1869762059120157,0.9837048502636883,1.0471678523539008,1,0,1.1178407572107987,0.7644996726580172,1,0,0,0,0,1,0,0,1,0,1
0,0,1,1,1.4863662228735797,1,0,0,0,0,0,0,0,0,-1.497571466169742,-0.37840453128693924,-1.109762475828853,1,1,-1.4596156928308117,-0.3914699335441161,0,1,0,1,1,0,0,0,0,1,0
0,0,0,0,0.5501343215859179,1,0,1,1,1,0,1,0,1,1.0193993734767515,1.0376758429127104,1.0471678523539008,0,1,1.2063159174539078,-2.2081131216745566,1,0,1,0,1,0,0,0,1,0,0
1,0,1,0,-0.9966836022806536,1,1,0,0,0,0,0,1,1,0.6875640617237531,-0.7195626352268967,-0.5705298937831644,1,1,0.5788166330833424,1.2419123311905322,1,0,0,0,0,0,0,0,0,0,0
0,0,0,0,-0.9966836022806536,1,0,1,0,0,0,1,0,1,-0.16359351292268806,-0.7949026306564667,-0.031297311737476054,0,0,-0.13134038991678726,-0.3696822072511029,0,0,0,0,0,1,0,0,0,0,0
1,0,0,0,-1.2816237461508113,1,0,0,0,0,0,0,0,0,-1.4892755833759168,-1.0001240392901878,-1.109762475828853,0,1,-1.4852710916004936,0.0031493650749470433,0,1,0,0,0,0,0,0,0,0,1
0,1,0,0,1.4049547531963917,1,0,1,1,0,1,1,0,1,0.9132120737157919,1.6856129672637565,1.0471678523539008,0,1,0.8839972906650836,0.30931283631197415,1,0,0,1,0,0,0,0,0,1,0
0,0,0,0,1.4863662228735797,1,1,0,0,0,0,0,0,0,-1.3382905165283026,-0.27261260992369335,-1.109762475828853,0,1,-1.3439985593098702,0.11107704604002028,0,1,0,1,1,0,0,0,0,1,0
0,0,0,0,-0.7524491932490895,1,0,0,1,0,0,0,0,0,-0.4804962356468015,-0.6730510480659507,-0.5705298937831644,0,0,-0.33958969747681345,-1.622877363263181,0,0,0,0,0,1,0,1,0,0,0
0,0,0,0,1.4456604880349857,1,1,1,0,0,0,0,0,0,-0.3477621109456021,0.6092207553343549,-0.5705298937831644,0,0,-0.3542604530651885,0.08719564741334326,0,0,0,0,0,0,1,0,0,1,0
1,0,0,0,0.428017117070136,0,0,0,0,1,1,0,1,0,-0.6895524820511906,-0.16148940757926344,0.5079352703082123,0,0,-0.6625658527272957,-0.29086455002568684,0,0,1,0,0,1,0,0,1,0,0
0,0,0,0,-1.2409180113122174,1,0,0,0,0,0,0,0,0,-1.4942531130522119,-0.9837352866443261,-1.109762475828853,0,0,-1.1990575447652638,-3.3836045306352363,0,1,0,0,0,1,0,0,0,0,0
0,0,0,0,-1.0780950719578415,0,0,0,0,0,0,1,1,0,-0.6613464805521857,-0.8778556075694558,-0.031297311737476054,0,1,-0.5014464913036729,-1.8377566350553978,0,0,0,0,1,0,0,0,0,0,0
0,0,1,1,-0.7931549280876836,1,0,0,0,0,0,0,0,0,-1.462728758435677,-0.8894176860759739,-1.109762475828853,1,0,-1.4554916474211055,-0.035336474649032855,0,1,0,1,0,0,1,1,0,0,0
1,0,0,0,0.8757802002946699,1,0,0,0,0,0,0,0,0,-1.5025489958460367,-0.5663157313027422,-1.109762475828853,0,1,-1.5306142782110845,0.37660455054467173,0,1,0,1,1,0,0,0,0,1,0
0,0,0,0,-1.2002122764736234,1,0,0,0,0,0,0,0,0,-0.6696423633460107,-0.9439591038505548,-1.109762475828853,0,0,-0.5157847422048596,-1.7671992622281034,0,0,0,0,0,0,1,0,0,0,0
0,1,0,0,-0.2639803751859618,1,0,0,0,0,0,0,1,1,0.4602568731729489,-0.128668023431728,-0.5705298937831644,0,0,0.40432372538905365,0.635205271311071,1,0,0,0,0,1,0,0,1,0,0
0,0,0,0,0.22448844287716607,1,1,1,1,1,0,1,1,0,0.6361295884020379,0.3897825974174769,1.5864004343995892,0,1,0.6269361223805188,0.08569136343032041,0,0,1,0,0,0,0,0,1,0,0
0,0,1,1,-0.38609757970174374,1,0,0,0,0,0,0,0,0,-1.477661347464562,-0.7988517276795659,-1.109762475828853,1,1,-1.4599513709455552,-0.1566505346485329,0,1,0,1,0,0,0,1,0,0,0
0,0,1,1,-0.7524491932490895,1,0,0,0,0,0,0,0,1,-1.5008898192872717,-0.8932351465316365,-1.109762475828853,1,0,-1.5255678791606975,0.3371514741080539,0,1,0,1,0,0,1,1,0,0,0
1,0,0,1,0.18378270803857208,1,0,1,1,0,1,0,0,0,-0.1154773927185032,0.0013230869119535255,0.5079352703082123,1,1,-0.0897508921429835,-0.2953759322434858,0,0,0,1,1,0,0,0,1,0,0
0,1,0,0,-0.10115743583158582,0,0,0,0,1,0,1,0,1,-0.817309077076095,-0.494244710631182,-0.031297311737476054,0,0,-0.85499467025563,0.4656208724247633,0,0,0,0,0,1,0,0,1,0,1
0,0,0,0,-1.0373893371192475,1,0,0,0,0,0,1,0,1,0.49012205123071895,-0.7517697153930613,-0.5705298937831644,0,0,0.6215064116936749,-1.54453118953936,1,0,0,0,0,1,0,0,0,0,1
0,0,0,0,-1.2409180113122174,1,1,0,0,1,0,1,0,1,0.8783693659817272,-0.9239722850280918,-0.031297311737476054,0,0,1.0542537314751004,-2.0750859800199346,1,0,0,0,0,1,0,0,0,0,1
1,1,0,0,0.020959768684196134,1,1,0,0,0,0,0,0,1,-1.3283354571757127,-0.6369168103045932,-1.109762475828853,0,1,-1.298623161163016,-0.3012386400147072,0,1,1,0,0,0,0,0,1,0,0
1,1,1,1,0.7129572609402939,1,1,1,1,1,0,0,1,1,0.33913698438310474,0.668325574113406,1.0471678523539008,1,1,0.38087432203651517,-0.49678169293954183,0,0,0,1,0,0,0,0,0,1,0
0,0,1,1,-0.38609757970174374,1,1,0,0,0,0,0,0,0,-1.3216987509406526,-0.740624486016759,-1.109762475828853,1,0,-1.2690464316892844,-0.5682816899571815,0,1,0,1,0,0,1,1,0,0,0
1,0,0,0,1.6084834273893616,1,1,0,1,1,0,1,1,1,1.2848676228791502,2.3411411336703156,1.0471678523539008,0,0,1.3599525936375843,-0.9162345838867807,1,0,0,1,0,1,0,0,0,1,0
1,0,1,0,1.3642490183577978,1,1,1,0,1,0,1,1,1,1.3645080976998696,2.054414750365408,1.0471678523539008,1,1,1.35132123397504,0.10781918674849472,1,0,0,1,1,0,0,0,0,1,1
1,0,0,0,-1.2816237461508113,0,0,1,0,0,0,0,0,0,-1.1690545075342733,-0.9958897297043093,-0.5705298937831644,0,0,-1.1659692734548326,0.0031493650749470433,0,0,0,0,0,0,1,0,0,0,1
1,0,1,1,-0.8338606629262776,1,0,0,0,0,0,0,0,1,-1.5174815848749215,-0.904051284489347,-1.109762475828853,1,0,-1.489682861108551,-0.27266581961357234,0,1,0,0,0,1,0,0,0,0,0
0,0,0,0,1.1607203441648277,0,0,1,1,1,1,0,0,0,-0.7044850710800754,0.174293536523698,1.0471678523539008,0,1,-0.6859994887165531,-0.19148803746353882,0,0,1,0,1,0,0,0,0,1,0
0,0,1,1,0.5501343215859179,1,0,0,0,0,0,0,0,0,-1.5108448786398618,-0.588496492915816,-1.109762475828853,1,1,-1.4594838192857336,-0.5469471483710624,0,1,0,1,1,0,0,0,1,0,0
0,0,1,1,-0.4675090493789317,1,0,0,1,0,0,1,0,1,-0.20175457377428285,-0.4755961969109914,-0.031297311737476054,1,1,-0.23358905688589635,0.377011808107888,0,0,1,0,1,0,0,1,0,0,0
1,0,1,1,-0.019745966154397852,0,0,0,0,1,1,0,0,1,-0.9517023783360593,-0.5038541800540568,-0.031297311737476054,1,0,-0.9584954722536446,0.11078944805295234,0,0,1,0,0,0,1,0,1,0,0
0,0,1,1,-0.5082147842175256,1,0,0,0,0,0,0,0,0,-1.4892755833759168,-0.830751655855045,-1.109762475828853,1,0,-1.4769163030946098,-0.09402738022810131,0,1,0,0,0,0,1,1,0,0,0
0,0,0,0,-0.4675090493789317,0,0,1,0,0,1,0,0,0,-0.9898634391876541,-0.6708790447032462,-0.031297311737476054,0,0,-0.9348240638719634,-0.6071260934052954,0,0,0,1,0,0,1,1,0,0,0
0,0,0,0,-0.7117434584104956,1,0,0,0,0,0,0,0,0,-1.5108448786398618,-0.8819802200158038,-1.109762475828853,0,1,-1.5105284720341228,0.04676665009545559,0,1,0,0,0,0,0,1,0,0,1
0,0,0,0,-1.2002122764736234,1,0,0,0,0,0,0,0,0,-1.4992306427285067,-0.9830990432350492,-1.109762475828853,0,0,-1.4996093425016805,0.054463818040252666,0,1,0,0,0,1,0,0,0,0,1
1,1,0,0,-0.9152721326034655,1,0,0,1,0,0,0,0,1,0.2628148626799147,-0.7067500093297304,-0.5705298937831644,0,0,0.1299328724182049,1.5368100780755238,1,0,0,0,0,1,0,0,0,0,1
0,0,0,0,1.3642490183577978,1,1,0,1,0,0,1,0,1,0.7954105380434776,1.6238534777080664,-0.031297311737476054,0,1,0.8593838669544249,-0.7706492608905183,1,0,1,0,0,0,0,0,0,1,0
0,0,0,0,-0.7117434584104956,1,0,0,0,0,0,0,0,0,-1.4992306427285067,-0.8784699115508268,-1.109762475828853,0,1,-1.4928813940018928,-0.02379072273183861,0,1,0,0,0,0,0,1,0,0,1
0,0,1,1,-0.6303319887333076,1,0,0,0,0,0,0,0,0,-1.466047111553207,-0.8253984354459549,-1.109762475828853,1,0,-1.334622138693001,-1.4796874007607275,0,1,1,0,0,0,1,1,0,0,0
1,1,1,1,0.7536629957788878,1,1,0,1,1,0,0,0,1,0.6394479415195682,0.810317551521728,-0.031297311737476054,1,0,0.5412233287550325,1.121125277841132,1,0,0,0,0,1,0,0,0,1,1
1,0,0,0,-1.2409180113122174,1,0,0,0,0,0,1,0,1,0.5083729933771337,-0.9454948638039823,-0.5705298937831644,0,0,0.24276387758677562,3.072395083062298,1,0,0,0,0,1,0,0,0,0,1
0,0,1,0,-1.2816237461508113,0,0,0,1,0,0,0,0,1,-1.1640769778579783,-0.9958239114205909,-0.5705298937831644,1,0,-1.1610060327582679,0.0031493650749470433,0,0,0,0,0,1,0,0,0,0,0
0,0,0,0,-1.2816237461508113,1,0,0,0,0,0,0,0,0,-1.4942531130522119,-1.000189857573906,-1.109762475828853,0,0,-1.4902343322970584,0.0031493650749470433,0,1,0,0,0,0,1,0,0,0,1
0,0,1,1,0.631545791263106,0,0,1,0,1,0,0,1,0,-0.6613464805521857,-0.04521043967689843,0.5079352703082123,1,1,-0.6346957172267217,-0.28789979783764735,0,0,1,0,1,0,0,0,1,0,0
1,0,0,1,-0.22327464034736777,1,1,0,0,0,1,0,0,1,0.48348534499565887,-0.05212135946732201,-0.5705298937831644,1,0,0.5235546244016849,-0.48219983588857374,1,0,0,0,0,1,0,0,1,0,1
1,0,0,0,-0.5082147842175256,1,1,1,0,0,1,0,0,0,-0.19014033786292786,-0.48623681944545316,-0.031297311737476054,0,1,-0.17795349212535713,-0.1353996579313784,0,0,0,0,0,0,0,1,0,0,0
1,0,0,1,-1.2816237461508113,0,0,0,1,0,0,0,0,1,-1.1143016810950286,-0.9951657285834078,-0.5705298937831644,1,0,-1.111373625792621,0.0031493650749470433,0,0,0,0,0,0,1,0,0,0,1
1,0,0,1,-1.1188008067964355,1,0,0,0,0,0,0,0,0,-1.4842980536996218,-0.972173208137808,-1.109762475828853,1,0,-1.5944623869249166,1.3309108355522343,0,1,0,0,0,0,1,0,0,0,0
0,0,0,0,-0.8745663977648716,1,0,0,1,0,0,0,0,0,-0.45892694038285664,-0.7758592072339662,-0.5705298937831644,0,0,-0.5509786307805002,1.086000946399641,0,0,0,0,0,1,0,0,0,0,0
0,0,0,0,-1.2409180113122174,1,0,0,0,0,0,0,0,1,-1.472683817788267,-0.994178454327633,-1.109762475828853,0,0,-1.5928079733593952,1.4463683547241726,0,1,0,0,0,0,1,0,0,0,0
1,0,1,1,-0.6303319887333076,1,1,0,0,0,0,0,0,1,-1.3200395743818876,-0.827877590799345,-1.109762475828853,1,0,-1.3456191229814678,0.34159836735346977,0,1,0,1,0,0,1,1,0,0,0
0,0,0,1,-1.0373893371192475,0,0,1,0,0,0,0,0,0,-1.1657361544167435,-0.9203084005677721,-0.5705298937831644,1,0,-1.1940943040686993,0.368764842452752,0,0,0,0,0,0,1,0,0,0,0
0,0,1,0,-0.06045170099299184,1,0,0,0,0,1,0,0,1,-0.5219756496159262,-0.35137515610661596,-0.5705298937831644,1,0,-0.5491932225924887,0.33400343883109473,0,0,0,0,0,0,1,0,1,0,0
0,1,0,0,1.3642490183577978,1,1,0,1,0,0,0,0,1,0.5150096996121938,1.2834632537448227,-0.5705298937831644,0,1,0.4704713446958337,0.5008412469600448,1,0,0,0,1,0,0,0,0,1,1
0,0,0,0,-1.2816237461508113,1,1,0,0,0,0,1,1,1,0.9845566657426863,-0.9674123522821829,-0.031297311737476054,0,0,0.9814595345921516,0.0031493650749470433,1,0,0,0,0,1,0,0,0,0,1
1,0,0,0,-1.1188008067964355,1,1,0,1,1,0,0,0,1,0.6759498258123978,-0.8228095829530343,-0.031297311737476054,0,0,0.658187123889239,0.18403281177764955,1,0,0,0,0,1,0,0,0,0,1
1,0,1,1,0.387311382231542,1,1,1,0,0,0,1,1,0,1.067515493680936,0.7535821909565363,0.5079352703082123,1,0,1.0157689206771345,0.5662338534174532,1,0,1,0,0,1,0,0,1,0,0
0,0,1,0,1.4456604880349857,1,0,1,1,0,1,1,1,1,0.4868036981131887,1.411348179009518,1.5864004343995892,1,1,0.5352544641264844,-0.5797979130970989,0,0,0,1,0,0,0,0,0,1,0
0,0,1,1,-0.8338606629262776,1,0,0,0,0,0,0,0,1,-1.4876164068171518,-0.9069472889729531,-1.109762475828853,1,1,-1.5078814103292884,0.2853788563841293,0,1,0,0,1,0,0,0,0,0,0
1,1,1,0,-1.2816237461508113,1,1,0,0,0,0,0,0,1,0.31424933600162985,-0.9762758811562499,-1.109762475828853,1,0,0.3130764541214419,0.0031493650749470433,1,0,0,0,0,1,0,0,0,0,1
1,0,0,0,1.1200146093262338,1,0,1,1,1,0,0,0,0,-0.11713656927726834,0.5875007217073094,0.5079352703082123,0,0,-0.1423008797883675,0.29660389297028794,0,0,0,1,0,1,0,0,0,1,0
1,1,1,1,0.22448844287716607,1,1,0,1,0,0,1,1,0,1.2019087949409006,0.6329592163287622,0.5079352703082123,1,0,1.109502437123702,1.0346711482031852,1,0,0,0,0,1,0,0,1,0,0
0,0,0,0,-0.8338606629262776,1,0,0,0,1,0,1,1,1,1.0310136093881064,-0.5428844222990205,0.5079352703082123,0,0,0.7798968151927749,2.8863801910630698,1,0,0,0,0,1,0,0,0,0,1
0,0,1,1,-0.7117434584104956,1,0,0,1,1,1,1,1,0,0.38393475146975936,-0.5018576921146011,1.5864004343995892,1,1,0.4004294903809798,-0.20467416943453837,0,0,0,0,0,0,0,1,0,0,0
0,1,1,0,1.5677776925507676,1,0,0,1,1,0,1,1,1,1.1372009091490658,2.1563892112729914,1.0471678523539008,1,0,1.2131473385637133,-0.9213238694214847,1,0,0,1,0,1,0,0,0,1,0
1,1,1,0,1.6084834273893616,0,0,1,1,1,1,1,1,1,-0.06072456627925851,1.047043978628618,2.1256330164452777,1,1,0.004597258050234262,-0.7577477578012278,0,0,0,1,0,0,0,0,0,1,0
1,0,0,0,-0.8745663977648716,1,0,0,0,1,0,0,0,0,0.26447403923868007,-0.6497952544854778,-0.5705298937831644,0,0,0.313226855354671,-0.5758875871358317,1,0,0,0,0,1,0,0,0,0,0
0,0,1,1,1.5270719577121736,1,1,1,0,0,0,0,1,0,0.008960849188871207,0.9845604879520263,-0.031297311737476054,1,1,-0.001191219889132553,0.1177821876813756,0,0,1,0,0,0,0,0,0,1,0
0,0,0,0,-1.2816237461508113,1,0,0,0,0,0,1,0,1,-0.3295111687991873,-0.9847883791838193,-0.5705298937831644,0,1,-0.32883600930092344,0.0031493650749470433,0,0,0,0,1,0,0,0,0,0,1
1,0,1,1,-0.30468611002455576,1,1,0,0,0,0,0,0,0,-1.3084253384705327,-0.7322216851287203,-1.109762475828853,1,1,-1.3140723758403225,0.10937028271312997,0,1,0,1,1,0,0,0,1,0,0
0,1,0,0,1.6084834273893616,1,1,1,1,0,1,1,1,1,1.4989013989598339,2.390241573324182,1.5864004343995892,0,1,1.4113772819658792,0.9679679859330398,1,0,0,1,0,0,0,0,0,1,0
1,0,0,0,-0.9966836022806536,1,1,0,0,0,0,1,0,1,-0.18848116130416295,-0.8173466654044138,-0.5705298937831644,0,0,-0.3428985246078566,1.8023623721709807,0,0,0,0,0,1,0,0,0,0,0
1,0,1,1,-0.1418631706701798,0,0,1,1,1,1,0,1,1,-0.3178969328878323,-0.2906468196625129,1.5864004343995892,1,1,-0.2809721133880755,-0.41886777396730956,0,0,1,0,1,0,0,0,1,0,0
1,0,0,0,-1.1188008067964355,1,0,1,0,0,1,0,0,1,-0.3046235204177124,-0.8917871442898334,-0.031297311737476054,0,0,-0.38210812611071765,0.9114151825608594,0,0,0,0,0,0,1,0,0,0,0
1,0,1,1,-0.019745966154397852,0,0,0,0,1,0,1,1,0,-0.47551870597050655,-0.28340680845349775,0.5079352703082123,1,1,-0.43900961267987476,-0.40876938822076947,0,0,0,0,1,0,0,0,1,0,0
1,0,0,0,-1.2816237461508113,1,0,0,0,1,1,1,1,1,0.3507512202944595,-0.9757932137423155,1.0471678523539008,0,0,0.349473552562916,0.0031493650749470433,0,0,0,0,0,1,0,0,0,0,0
1,0,1,0,1.5270719577121736,1,1,1,1,0,1,0,0,1,0.7655453599857075,1.6178640138896991,0.5079352703082123,1,1,0.6810416655729438,0.9573232913744669,1,0,0,1,1,0,0,0,0,1,0
1,0,0,0,-1.2816237461508113,1,0,0,0,0,0,0,0,1,-1.4876164068171518,-1.0001020998622818,-1.109762475828853,0,0,-1.483616678034972,0.0031493650749470433,0,1,0,0,0,0,1,0,0,0,1
0,1,1,0,-0.22327464034736777,1,0,1,0,0,0,0,0,1,0.34079616094186965,-0.16234504526760163,-0.5705298937831644,1,1,0.2157111520616727,1.4435175517816587,1,0,0,0,0,0,0,0,1,0,1
1,0,0,0,-0.7524491932490895,1,1,0,0,0,0,0,0,1,-1.3316538102932427,-0.8677634707326467,-1.109762475828853,0,1,-1.3883697256199452,0.7041414457617143,0,1,1,0,1,0,0,1,0,0,0
1,0,1,0,-0.10115743583158582,1,1,0,0,0,0,1,1,1,0.9663057235962715,0.248843712548648,-0.031297311737476054,1,1,1.0128382452182108,-0.5734968001226775,1,0,0,0,1,0,0,0,1,0,1
1,0,1,1,1.2828375486806096,0,0,1,0,1,1,1,1,1,-0.16193433636392318,0.6784177109502151,1.5864004343995892,1,1,-0.16057697964498865,-0.010380812953014447,0,0,0,1,0,0,0,0,0,1,0
1,0,1,0,0.387311382231542,0,0,0,0,0,0,0,0,1,-1.3216987509406526,-0.5275048833368396,-1.109762475828853,1,1,-1.284338624987982,-0.39041416257860423,0,0,0,0,1,0,0,0,1,0,0
0,1,0,0,-1.2816237461508113,1,0,0,0,0,0,0,0,1,0.16326426915401518,-0.9782723690957057,-1.109762475828853,0,0,0.16252481965897958,0.0031493650749470433,1,0,0,0,0,1,0,0,0,0,1
1,0,1,1,0.30589991255435406,1,0,0,0,0,0,0,0,1,-1.477661347464562,-0.6818926375121117,-1.109762475828853,1,1,-1.5321737161830298,0.6833865821962813,0,1,0,0,0,0,0,0,1,0,0
0,1,1,0,1.3642490183577978,1,1,0,1,0,0,1,1,1,1.1902945590295455,1.9269027953751166,0.5079352703082123,1,0,1.2056325727203232,-0.21814421333793532,1,0,0,0,0,1,0,0,0,1,0
0,0,0,0,-1.2816237461508113,1,0,0,0,0,1,0,0,1,-0.4688819997354467,-0.9866312911279321,-0.5705298937831644,0,0,-0.46780674880473455,0.0031493650749470433,0,0,0,0,0,1,0,0,0,0,1
1,0,0,0,-0.22327464034736777,1,0,1,0,1,1,1,1,0,0.5564891135813186,-0.038080125607413785,1.5864004343995892,0,0,0.5627703533621956,-0.0916398327637417,0,0,1,0,0,1,0,0,1,0,0
0,1,1,0,-0.1418631706701798,0,0,1,0,1,0,0,1,1,-0.6613464805521857,-0.46980418794377926,0.5079352703082123,1,0,-0.7468321539414912,1.0163886281528152,0,0,0,0,0,1,0,0,1,0,0
0,0,1,1,1.3235432835192036,1,1,1,1,0,1,1,0,1,1.1322233794727707,1.8066527910217465,1.0471678523539008,1,1,1.1177323073583432,0.13074472600598466,1,0,0,1,1,0,0,0,0,1,0
0,1,1,0,-0.3453918448631497,1,1,0,0,0,0,1,1,1,0.9497139580086216,-0.015482514864124003,-0.031297311737476054,1,0,0.9727049294746005,-0.29912483442381144,1,0,0,0,0,1,0,1,0,0,1
1,0,1,0,1.6084834273893616,1,1,1,1,1,0,0,1,1,1.135541732590301,2.247810807357738,1.0471678523539008,1,0,1.2622043254746855,-1.511161522953295,1,0,0,1,0,1,0,0,0,1,0
1,0,1,0,1.5270719577121736,0,0,1,0,1,1,0,0,1,-0.8554701379276899,0.1726261400028338,0.5079352703082123,1,1,-0.8758560375008735,0.2656777717635204,0,0,0,1,1,0,0,0,0,1,0
0,0,1,0,-0.5489205190561197,1,0,0,0,1,0,1,1,1,1.057560434328346,-0.24409135364575477,0.5079352703082123,1,0,0.8868096637646814,1.9507354121594813,1,0,0,0,0,1,0,1,0,0,0
1,0,0,0,-1.0373893371192475,1,1,0,0,1,0,1,0,1,0.8468450113651922,-0.7485226800629574,-0.031297311737476054,0,0,0.656485441364703,2.185846275134916,1,0,0,0,0,1,0,0,0,0,1
0,0,0,1,-0.9152721326034655,1,0,0,0,1,1,1,0,1,0.8684143066291369,-0.5857760038554588,0.5079352703082123,1,0,1.0421765124467932,-2.0500701841993543,1,0,0,0,0,1,0,0,0,0,0
0,0,1,0,1.6084834273893616,1,1,0,0,0,0,0,0,1,-1.3532231055571875,-0.22943581580447553,-1.109762475828853,1,1,-1.3323067706883127,-0.19809950514836183,0,1,0,1,1,0,0,0,0,1,0
1,1,1,0,-1.2409180113122174,1,0,0,0,1,0,0,0,1,0.3076126297665698,-0.9474474728876259,-0.5705298937831644,1,0,0.16914247392106593,1.6003117136200924,1,0,0,0,0,1,0,0,0,0,0
0,0,1,0,1.6084834273893616,1,1,1,1,1,1,1,1,1,0.8634367769528422,1.829425917188285,2.1256330164452777,1,1,0.8240145102733502,0.42970075534905183,0,0,0,1,0,0,0,0,0,1,0
0,1,1,0,0.26519417771576004,1,1,0,0,0,1,1,1,1,1.2052271480584305,0.7239200844274802,0.5079352703082123,1,0,1.2018359056917547,-0.0007979005377715079,1,0,0,0,0,1,0,0,1,0,0
0,1,0,0,0.22448844287716607,1,0,0,0,0,0,0,0,0,-1.4842980536996218,-0.6860172499584597,-1.109762475828853,0,0,-1.5079104351286834,0.3242022911934065,0,1,0,1,0,0,1,0,1,0,0
0,1,0,0,-0.5082147842175256,1,0,0,0,0,0,0,1,1,0.5481932307874936,-0.2754427961235811,-0.5705298937831644,0,0,0.6168267847512,-0.8165990210458114,1,0,0,0,0,1,0,1,0,0,0
1,0,1,1,1.4863662228735797,1,0,0,0,0,1,1,1,1,1.0044667844478665,1.9185438733428901,0.5079352703082123,1,1,1.0506571802457059,-0.5707916360261366,1,0,0,1,1,0,0,0,0,1,0
0,0,1,1,-0.10115743583158582,1,0,0,0,1,0,0,1,0,0.7141108866639929,0.1047455500613401,-0.031297311737476054,1,0,0.6506319686066908,0.7144959693064971,1,0,1,0,0,1,0,0,1,0,0
1,0,1,0,0.9978974048104517,0,0,0,1,1,1,1,1,1,-0.2465523408609377,0.4241397415184397,1.5864004343995892,1,1,-0.25282005968511706,0.08113382977879997,0,0,0,1,0,0,0,0,0,1,0
1,0,0,0,-0.6303319887333076,0,0,0,0,0,0,0,0,1,-1.3034478087942378,-0.8157670265951741,-1.109762475828853,0,0,-1.2918993413245325,-0.09080136131006206,0,0,0,0,0,0,1,1,0,0,0
0,0,1,1,0.8350744654560759,1,0,0,0,0,0,0,0,0,-1.461069581876912,-0.5060481228446674,-1.109762475828853,1,0,-1.4332038873120037,-0.2753283619844131,0,1,0,1,0,0,1,0,0,1,0
0,1,0,0,-1.1188008067964355,1,0,0,1,0,0,1,0,1,0.6560397071072182,-0.8366972408175998,-0.031297311737476054,0,0,0.4487383664942096,2.389271427961668,1,0,0,0,0,1,0,0,0,0,0
0,0,1,1,0.428017117070136,1,1,0,0,0,0,0,0,1,-1.3432680462045974,-0.5731388933815413,-1.109762475828853,1,1,-1.3844672883059241,0.5240507306413646,0,1,1,0,0,0,0,0,1,0,0
1,0,1,1,1.3235432835192036,1,1,0,1,1,1,1,1,1,0.6394479415195682,1.3274079278407542,1.5864004343995892,1,1,0.5617475392775283,0.8824027803074014,0,0,0,1,0,0,0,0,0,1,0
0,0,1,1,0.18378270803857208,1,0,0,0,0,0,0,0,0,-1.5125040551986266,-0.708900073264529,-1.109762475828853,1,0,-1.5372286203339005,0.3380801864566057,0,1,0,0,0,1,0,0,1,0,0
1,0,0,0,-0.8745663977648716,1,0,0,0,0,0,0,0,1,-1.4760021709057967,-0.9047972250381546,-1.109762475828853,0,1,-1.4348866784687004,-0.4289416536442765,0,1,0,0,1,0,0,0,0,0,0
1,0,1,1,0.5094285867473239,1,1,0,1,1,0,1,1,0,0.458597696614184,0.5710022719219173,1.0471678523539008,1,1,0.4988487151565628,-0.48348269721270526,0,0,1,0,1,0,0,0,1,0,0
1,0,0,0,0.18378270803857208,1,0,0,1,0,0,1,1,1,1.034331962505636,0.5912523638792537,0.5079352703082123,0,1,1.1125606311896983,-0.9444344183992514,1,0,0,0,1,0,0,0,1,0,0
1,0,0,0,-0.5896262538947137,1,1,1,0,0,0,0,0,0,-0.2880317548300625,-0.5833626667857871,-0.5705298937831644,0,0,-0.365876490795656,0.9150499563125671,0,0,0,0,0,0,1,1,0,0,0
1,0,0,0,0.5094285867473239,0,0,1,0,1,1,0,0,0,-0.7509420147254954,-0.20122171151722246,0.5079352703082123,0,1,-0.7951968110485008,0.5398130190037679,0,0,1,0,0,0,0,0,1,0,0
1,0,0,0,-1.2002122764736234,0,0,1,1,0,0,0,0,1,-0.9782492032762992,-0.9620371924451868,-0.031297311737476054,0,0,-0.9701970015347814,-0.06099370113168429,0,0,0,0,0,0,1,0,0,0,1
1,0,1,1,-1.0373893371192475,1,0,0,0,0,0,0,0,1,-1.4826388771408567,-0.9322653887766001,-1.109762475828853,1,1,-1.3229022173843064,-1.8084340905037946,0,1,0,0,0,0,0,0,0,0,0
1,1,1,0,-0.10115743583158582,1,0,0,1,1,0,0,0,1,0.48846287467195404,0.028879008362023482,-0.031297311737476054,1,0,0.45993323162090566,0.3155260975012464,1,0,0,0,0,0,1,0,1,0,1
0,0,0,0,-1.1188008067964355,1,0,1,0,0,1,0,0,0,-0.3560579937394271,-0.8736651768393894,-0.031297311737476054,0,0,-0.10879900508655604,-2.8640456943615127,0,0,0,0,0,1,0,0,0,0,1
0,1,1,0,-0.1825689055087738,1,1,0,0,0,1,1,1,1,1.2068863246171952,0.22503943327052237,0.5079352703082123,1,1,1.1745532321680252,0.335776979832197,1,0,0,0,1,0,0,0,1,0,1
0,1,0,0,-1.1595065416350294,1,1,0,0,0,0,0,0,1,0.31590851256039476,-0.8797204589414748,-1.109762475828853,0,0,0.287019440464477,0.3254682727632763,1,0,0,0,0,1,0,0,0,0,0
1,0,1,0,-0.22327464034736777,1,0,0,1,0,1,0,0,1,-0.3693314062095472,-0.3990714723744917,-0.031297311737476054,1,0,-0.4454415283819432,0.897588788289653,0,0,0,0,0,1,0,0,1,0,0
0,1,0,0,0.7129572609402939,1,1,0,1,0,1,1,1,1,1.3893957460813444,1.337697519528718,1.0471678523539008,0,0,1.390397479717771,-0.05804312008618244,1,0,1,0,0,1,0,0,0,1,0
1,0,0,0,0.7536629957788878,1,1,0,0,1,0,0,0,0,0.5000771105833088,0.8525728896688893,-0.5705298937831644,0,1,0.6037017704647292,-1.2219831994717305,1,0,0,0,1,0,0,0,0,1,1
0,0,1,1,-0.10115743583158582,1,0,0,0,0,0,0,0,0,-1.5141632317573919,-0.7443761281887032,-1.109762475828853,1,0,-1.4837269722726736,-0.30345449139275515,0,1,0,1,0,0,1,0,1,0,0
0,0,1,1,-0.7524491932490895,1,1,0,1,0,1,1,1,0,0.5150096996121938,-0.5099972198677666,1.0471678523539008,1,1,0.5386675610200601,-0.29236690423417855,0,0,0,0,1,0,0,1,0,0,0
1,1,1,0,1.5270719577121736,1,1,0,1,1,0,1,1,1,1.2616391510564402,2.107135195623782,1.0471678523539008,1,0,1.2081141930686057,0.5804369609346373,1,0,0,0,0,1,0,0,0,1,1
1,0,1,0,1.5677776925507676,1,1,0,1,1,1,1,1,1,1.6001111690444987,2.4808733500043076,1.5864004343995892,1,1,1.5577779953815143,0.4389608458929692,1,0,1,0,0,0,0,0,0,1,0
0,0,0,0,-0.1418631706701798,0,0,0,1,0,0,0,0,1,-1.1391893294765034,-0.633165168132649,-0.5705298937831644,0,0,-1.1716170990750614,0.41521326970583006,0,0,0,0,0,1,0,0,1,0,1
1,0,1,0,1.0386031396490458,1,1,0,0,1,0,1,1,0,1.1753619700006603,1.4838799276671064,0.5079352703082123,1,1,1.0923052434820963,0.9268095184504481,1,0,1,0,1,0,0,0,0,1,0
1,0,0,0,-1.2816237461508113,1,0,0,0,0,0,0,0,1,-1.5290958207862766,-1.0006505855599344,-1.109762475828853,0,0,-1.524977017173011,0.0031493650749470433,0,1,0,0,0,0,1,0,0,0,1
0,0,0,0,0.14307697319997809,0,0,1,0,0,0,0,0,0,-1.1242567404476187,-0.5146922574396734,-0.5705298937831644,0,1,-1.1134416427495233,-0.08825450426950282,0,0,0,1,0,0,0,0,1,0,0
0,0,1,0,1.6084834273893616,1,1,0,0,0,0,0,0,0,-1.3034478087942378,-0.18092774070407386,-1.109762475828853,1,1,-1.2815024874470884,-0.21172990671727107,0,1,0,1,0,0,0,0,0,1,0
1,1,1,0,-0.6303319887333076,1,0,0,0,0,0,0,1,0,0.5498524073462585,-0.425683998424599,-0.5705298937831644,1,1,0.4384226113209575,1.2777098218161458,1,0,0,0,0,0,0,1,0,0,1
0,1,1,0,-0.8338606629262776,1,1,0,1,1,0,1,0,1,1.1006990248562358,-0.5437181205594525,0.5079352703082123,1,0,0.7746578389019572,3.755518738162928,1,0,0,0,0,1,0,0,0,0,1
1,0,0,0,1.3642490183577978,0,0,0,0,0,1,0,0,0,-1.1773503903280982,-0.13873822084063087,-0.5705298937831644,0,1,-1.1544635791127964,-0.22689099509338542,0,0,1,0,1,0,0,0,0,1,0
1,0,0,0,-1.1188008067964355,1,0,1,0,1,0,0,0,1,-0.3029643438589475,-0.8885401089597297,-0.031297311737476054,0,0,-0.33313748457127934,0.3610676745079522,0,0,0,0,0,0,1,0,0,0,0
1,0,0,0,-1.2816237461508113,1,0,0,0,0,0,0,0,1,-0.6696423633460107,-0.9892859619045712,-1.109762475828853,0,0,-0.6679907902328431,0.0031493650749470433,0,0,0,0,0,1,0,0,0,0,0
1,0,1,0,-0.7524491932490895,1,0,0,0,0,0,0,0,0,-0.6746198930223056,-0.7275485869847196,-1.109762475828853,1,0,-0.633129932959353,-0.46005520588866183,0,0,1,0,0,1,0,1,0,0,0
0,0,1,1,-1.2409180113122174,1,0,0,1,0,0,0,0,1,0.2860433345026247,-0.9451218935295785,-0.5705298937831644,1,1,0.2568263928937088,0.3302790027287693,1,0,0,0,0,0,0,0,0,0,1
1,0,0,0,-1.2816237461508113,1,1,0,0,0,0,0,0,1,0.3441145140593994,-0.9758809714539399,-1.109762475828853,0,0,0.3428558983008297,0.0031493650749470433,1,0,0,0,0,1,0,0,0,0,1
0,0,0,0,-1.2816237461508113,0,0,0,0,0,1,0,0,0,-1.1408485060352684,-0.9955167594299054,-0.5705298937831644,0,0,-1.1378442428409663,0.0031493650749470433,0,0,0,0,0,0,1,0,0,0,0
0,0,0,0,-1.0373893371192475,1,0,0,0,0,0,0,0,0,-1.4793205240233267,-0.9428401930273436,-1.109762475828853,0,0,-1.4368204086102194,-0.4449357688542399,0,1,0,0,0,0,1,0,0,0,0
1,0,0,0,-0.2639803751859618,1,0,0,0,0,0,0,0,1,-1.480979700582092,-0.7845910995405967,-1.109762475828853,0,0,-1.498060981087795,0.24812653716412295,0,1,0,0,0,1,0,0,1,0,0
0,0,0,0,-1.2409180113122174,1,0,1,1,0,1,0,0,1,0.7074741804289328,-0.9292158082976513,0.5079352703082123,0,0,0.8565513103952741,-1.7575778022971091,1,0,0,0,0,1,0,0,0,0,1
1,0,1,0,-0.6303319887333076,0,0,1,0,1,0,0,0,0,-1.013091911010364,-0.748829832053643,-0.031297311737476054,1,0,-0.994980765535928,-0.1768285324577803,0,0,0,0,0,0,1,1,0,0,0
1,0,0,0,-0.3453918448631497,1,0,0,0,1,0,0,0,1,-0.5053838840282764,-0.49650447170551104,-0.5705298937831644,0,0,-0.538670796527908,0.4040435288664004,0,0,0,0,0,0,1,1,0,0,0
0,0,0,0,-0.8338606629262776,1,0,0,0,0,0,0,0,0,-0.7011667179625456,-0.7715590793643693,-1.109762475828853,0,1,-0.6570992342598261,-0.48914866806095897,0,0,0,0,0,0,0,0,0,0,0
1,0,0,0,-0.22327464034736777,1,0,0,0,0,0,0,0,0,-1.4959122896109767,-0.8026911275631347,-1.109762475828853,0,1,-1.5727099122671333,0.9432016353699243,0,1,0,1,1,0,0,0,1,0,0
0,0,1,1,1.5270719577121736,1,0,0,0,0,0,0,0,1,-1.5174815848749215,-0.394003464528181,-1.109762475828853,1,0,-1.4862637397398066,-0.31243452066168376,0,1,0,1,0,0,1,0,0,1,0
0,1,1,0,0.428017117070136,1,1,1,0,1,1,1,1,1,1.4806504568134191,1.1105366829888905,1.5864004343995892,1,0,1.568160754606995,-1.067293990968757,1,0,1,0,0,0,1,0,1,0,1
0,0,0,0,0.22448844287716607,1,0,0,0,0,0,1,1,1,0.8020472442785371,0.4575096113636279,-0.031297311737476054,0,0,0.761335455979599,0.4467493071566021,1,0,1,0,0,0,1,0,1,0,0
0,0,0,0,-1.2409180113122174,1,0,0,0,0,0,0,1,0,0.5249647589647837,-0.9389569142879627,-0.5705298937831644,0,0,0.4892714988494876,0.39762922224573755,1,0,0,0,0,1,0,0,0,0,1
1,0,1,0,1.2421318138420157,1,1,0,1,1,0,1,1,1,1.2433882089100254,1.818653658086387,1.0471678523539008,1,0,1.2357927946251093,0.0468277387299383,1,0,0,0,0,1,0,0,0,1,0
0,1,1,0,1.6084834273893616,1,1,1,1,1,1,0,0,1,1.050923728093286,1.986907130698318,1.0471678523539008,1,1,0.9889503515693743,0.6857384946238576,1,0,0,1,0,0,0,0,0,1,0
0,0,0,0,-0.8338606629262776,0,0,1,0,1,1,0,1,0,-0.5004063543519814,-0.7666665869413076,1.0471678523539008,0,0,-0.6263547155005506,1.481647041137821,0,0,0,1,0,0,1,0,0,0,0
0,0,1,0,0.1023712383613841,1,0,0,1,0,1,0,0,0,-0.26812163612488255,-0.1922923643594371,-0.031297311737476054,1,0,-0.389245738921968,1.417778873786362,0,0,0,0,0,1,0,0,1,0,0
0,0,1,0,-0.6710377235719016,1,1,1,1,1,0,0,0,0,0.8551408941590172,-0.40563136131841754,0.5079352703082123,1,0,0.6946255826698516,1.8384428469122114,1,0,0,0,0,1,0,1,0,0,0
0,0,1,1,-0.019745966154397852,1,1,0,1,0,0,1,1,1,1.1255866732377107,0.3467593792936018,0.5079352703082123,1,0,1.0459816636474926,0.888323678726471,1,0,0,0,0,1,0,0,1,0,0
1,0,1,1,1.6084834273893616,1,1,0,0,1,0,0,1,1,0.858459247276547,1.8483815828991614,-0.031297311737476054,1,1,0.8438674730596086,0.14105695741920676,1,0,0,1,1,0,0,0,0,1,0
1,0,0,0,0.020959768684196134,0,0,0,1,0,0,1,0,1,-0.8571293144864547,-0.434547527298666,-0.031297311737476054,0,0,-0.8361895027275351,-0.21493706002760116,0,0,1,0,0,1,0,0,1,0,0
1,0,1,1,0.7129572609402939,1,0,0,1,1,1,1,1,1,1.2765717400853254,1.2887506558701942,1.5864004343995892,1,1,1.3165775464241987,-0.5079425864594944,1,0,1,0,0,0,0,0,0,1,0
1,0,0,0,-0.10115743583158582,1,1,1,0,0,0,0,1,1,-0.014267622633838777,-0.18029149729479677,-0.031297311737476054,0,0,-0.06583939950184603,0.6003213114586916,0,0,0,0,0,0,1,0,1,0,0
0,0,1,0,-1.2002122764736234,1,0,0,0,0,0,0,0,0,-1.462728758435677,-0.977328973695743,-1.109762475828853,1,0,-1.3545724199242903,-1.209154586230402,0,1,0,0,0,0,1,0,0,0,0
1,0,0,0,1.6084834273893616,1,0,0,0,0,0,0,0,1,-1.464387934994442,-0.34143659526514963,-1.109762475828853,0,0,-1.4496092880770288,-0.12299866513143029,0,1,0,1,0,0,1,0,0,1,0
0,0,0,0,-1.2816237461508113,1,0,0,0,0,0,0,0,1,0.17156015194784016,-0.9781626719561751,-1.109762475828853,0,0,0.1707968874865874,0.0031493650749470433,1,0,0,0,0,1,0,0,0,0,1
1,1,0,0,1.5677776925507676,1,1,0,0,0,0,0,0,1,-1.3366313399695375,-0.23369206481826021,-1.109762475828853,0,0,-1.3253289125337333,-0.08683161230787831,0,1,0,1,0,0,1,0,0,1,0
1,0,1,0,-1.2816237461508113,1,0,0,0,0,0,0,0,0,-0.6713015399047756,-0.9893079013324774,-1.109762475828853,1,1,-0.6696452037983647,0.0031493650749470433,0,0,0,0,1,0,0,0,0,0,1
1,0,0,0,-1.2816237461508113,1,0,0,0,0,0,0,0,1,-0.6679831867872458,-0.989264022476665,-1.109762475828853,0,0,-0.6663363766673217,0.0031493650749470433,0,0,0,0,0,1,0,0,0,0,0
0,1,1,0,-0.7524491932490895,1,1,0,1,0,0,1,1,1,1.1703844403243657,-0.4078691829648404,0.5079352703082123,1,0,1.0887600715559786,0.9103155871401761,1,0,0,0,0,1,0,1,0,0,1
0,0,0,1,-0.7117434584104956,1,0,0,1,0,0,0,1,1,0.695859944517578,-0.4518577359165842,-0.031297311737476054,1,1,0.6517900581025559,0.48935380692122027,1,0,0,0,0,0,0,1,0,0,1
1,1,0,0,-1.1595065416350294,0,0,0,1,0,0,1,1,1,-0.46390447005915153,-0.9179389423539126,0.5079352703082123,0,1,-0.43347766732016213,-0.33841246247536805,0,0,0,0,1,0,0,0,0,0,0
0,0,0,0,-1.2409180113122174,1,0,0,0,0,0,1,0,1,0.48846287467195404,-0.9419187370552871,-0.5705298937831644,0,0,0.37759858317678235,1.27318207596627,1,0,0,0,0,0,1,0,0,0,1
0,1,0,0,-1.1188008067964355,1,1,0,0,0,0,1,0,1,0.6046052337855035,-0.8132001135301596,-0.5705298937831644,0,1,0.8031137522289279,-2.329092522198202,1,0,0,0,1,0,0,0,0,0,1
1,0,0,0,0.9571916699718578,1,0,0,1,0,1,1,1,1,0.35904710308828447,0.8711336456774552,1.0471678523539008,0,1,0.38294588416534286,-0.28996153925142654,0,0,1,0,0,0,0,0,0,1,0
1,0,1,1,1.5270719577121736,1,1,0,0,0,0,0,0,0,-1.3134028681468275,-0.25633355441736216,-1.109762475828853,1,0,-1.3379573808305525,0.3294543061632582,0,1,0,1,0,0,1,0,0,1,0
1,0,0,0,-1.0373893371192475,1,1,0,0,0,0,0,0,0,0.2877025110613896,-0.7807516996570281,-1.109762475828853,0,0,0.30929493740024977,-0.2607535358894873,1,0,0,0,0,1,0,0,0,0,1
1,0,0,0,0.9164859351332638,1,1,0,0,0,0,1,1,1,1.057560434328346,1.3096150518089016,-0.031297311737476054,0,0,1.030159453911777,0.28339625251956246,1,0,0,0,0,1,0,0,0,1,1
1,0,1,1,0.1023712383613841,1,1,0,0,0,0,0,0,0,-1.3100845150292975,-0.6538321092202014,-1.109762475828853,1,1,-1.383642829718455,0.8993196329333235,0,1,0,1,0,0,0,0,1,0,0
1,0,0,0,-0.6710377235719016,1,0,0,0,0,0,0,0,0,-1.4909347599346818,-0.8879477444062648,-1.109762475828853,0,0,-1.5785386563567714,1.0687260524326256,0,1,0,0,0,0,1,1,0,0,0
1,0,0,1,-1.2409180113122174,1,0,0,0,0,0,0,0,0,-1.5158224083161567,-0.9877063230953315,-1.109762475828853,1,0,-1.348781972444965,-1.8922782413310362,0,1,0,0,0,0,1,0,0,0,0
1,0,0,0,-0.9559778674420595,1,0,0,0,0,0,0,0,1,-1.4859572302583868,-0.9370920629159436,-1.109762475828853,0,0,-1.5468520409837963,0.7578994441063203,0,1,1,0,0,0,1,0,0,0,0
1,0,0,0,-0.3453918448631497,1,1,0,0,0,0,1,1,1,0.9679649001550363,0.010318252353457227,-0.031297311737476054,0,0,1.0537711941851564,-1.030355789179416,1,0,0,0,0,1,0,1,0,0,0
0,0,1,1,-1.2816237461508113,1,0,0,0,0,0,0,0,1,0.13837662077254032,-0.9786014605142973,-1.109762475828853,1,0,0.1377086161761562,0.0031493650749470433,1,0,0,0,0,0,1,0,0,0,1
1,0,0,0,1.2014260790034217,1,0,0,0,0,0,0,0,0,-1.4959122896109767,-0.45883447399072597,-1.109762475828853,0,1,-1.4796407486597671,-0.13931031583881556,0,1,0,1,0,0,0,0,0,1,0
1,0,0,0,-1.1188008067964355,1,0,0,0,1,0,1,1,1,0.16990097538907525,-0.85692539334703,0.5079352703082123,0,0,0.14366450501203404,0.2994903309495865,0,0,0,0,0,1,0,0,0,0,1
1,1,0,0,-0.9152721326034655,1,0,0,0,0,0,0,1,1,0.4751894622018339,-0.6607210895827189,-0.5705298937831644,0,0,0.47702883846462796,-0.03726076663522734,1,0,0,0,0,1,0,0,0,0,1
1,0,1,0,1.5677776925507676,1,1,1,1,0,1,1,0,0,0.2843841579438598,1.341997647398315,1.0471678523539008,1,1,0.3481919645896248,-0.7516609421876075,0,0,0,1,1,0,0,0,0,1,0
1,0,0,0,0.14307697319997809,1,0,0,0,0,0,0,0,1,-1.5390508801388667,-0.7065964333343877,-1.109762475828853,0,1,-1.5154181832388867,-0.22348946885515344,0,1,0,1,1,0,0,0,1,0,0
0,0,1,0,0.06166550352279012,1,1,0,0,0,0,1,1,1,1.085766435827351,0.39851448972410736,-0.031297311737476054,1,0,0.9728468522069368,1.2771438535849113,1,0,0,0,0,1,0,0,1,0,1
1,0,1,1,-0.8338606629262776,1,1,0,0,0,0,0,0,0,-1.2785601604127628,-0.8707252934999711,-1.109762475828853,1,0,-1.280261677272947,0.06248170131608124,0,1,1,0,0,0,1,0,0,0,0
1,0,1,1,0.8350744654560759,1,0,0,0,0,0,0,0,0,-1.4842980536996218,-0.5402297515223814,-1.109762475828853,1,1,-1.481837403068279,0.020939989098295492,0,1,1,0,1,0,0,0,0,1,0
0,0,0,0,-1.0373893371192475,1,0,0,0,0,0,0,0,0,-1.4942531130522119,-0.9329455110416894,-1.109762475828853,0,0,-1.330228906031616,-1.8579158844346269,0,1,1,0,0,0,1,0,0,0,0
0,1,1,0,1.6084834273893616,1,1,0,0,0,0,0,0,1,-1.3017886322354726,-0.1588127973747184,-1.109762475828853,1,1,-1.2583406975297864,-0.4618878649231377,0,1,0,1,1,0,0,0,0,1,0
1,0,1,0,-0.5896262538947137,1,1,1,0,0,0,1,1,1,1.1438376153841259,-0.24413523250156693,0.5079352703082123,1,0,1.0552647619873639,0.9920216357605269,1,0,0,0,0,1,0,1,0,0,1
1,0,1,0,-0.06045170099299184,1,0,1,1,1,1,0,1,1,0.3507512202944595,0.054899169858665775,1.5864004343995892,1,1,0.43907872599874487,-1.0390720042244275,0,0,1,0,1,0,0,0,1,0,0
1,0,1,1,0.7129572609402939,1,1,0,0,1,1,1,0,1,0.1566275629189556,0.5014542854595594,0.5079352703082123,1,0,0.1292049304493757,0.31373009164746124,0,0,1,0,0,1,0,0,0,1,0
1,0,1,1,-0.4268033145403377,1,0,0,0,0,0,0,0,0,-1.4925939364934466,-0.8187069099345924,-1.109762475828853,1,0,-1.4967015853259154,0.09761460803380567,0,1,1,0,0,0,1,1,0,0,0
1,1,1,0,1.6084834273893616,1,1,0,1,1,1,1,1,0,1.4856279864897142,2.4568277370192155,1.5864004343995892,1,1,1.4811154093458503,0.0028821022990899647,1,0,0,1,1,0,0,0,0,1,0
1,0,1,1,-1.2816237461508113,1,0,0,0,0,0,0,0,1,0.16658262227154547,-0.9782284902398936,-1.109762475828853,1,1,0.165833646790023,0.0031493650749470433,1,0,0,0,1,0,0,0,0,0,0
0,0,0,0,-1.2816237461508113,1,0,0,0,0,0,0,0,1,-1.4859572302583868,-1.0000801604343756,-1.109762475828853,0,0,-1.4819622644694506,0.0031493650749470433,0,1,0,0,0,0,1,0,0,0,1
1,0,1,0,-0.9559778674420595,0,0,0,0,0,1,1,0,0,-0.8056948411647401,-0.8645822536862613,-0.031297311737476054,1,0,-0.9393146149783791,1.5810687937581012,0,0,0,0,0,0,1,0,0,0,1
1,0,1,1,1.6084834273893616,1,1,1,0,1,0,1,1,1,1.3479163321122196,2.3005312526161115,1.0471678523539008,1,1,1.3174203782239677,0.3096997689874735,1,0,0,1,0,0,0,0,0,1,0
1,0,0,0,1.0386031396490458,1,1,0,0,1,1,1,1,1,1.3180511540544502,1.7201675662158744,1.0471678523539008,0,0,1.3995127279763586,-0.9915105271016936,1,0,1,0,0,1,0,0,0,1,1
0,1,0,0,0.1023712383613841,1,1,1,1,1,0,1,1,1,1.440830219403059,0.6260702359662448,1.5864004343995892,0,0,1.3739337012928807,0.7299819381478125,1,0,1,0,0,1,0,0,1,0,0
0,0,1,1,1.5677776925507676,1,0,0,0,0,0,0,0,0,-1.4942531130522119,-0.39580249761648184,-1.109762475828853,1,1,-1.4975044313455474,0.08770980165157728,0,1,0,1,1,0,0,0,0,1,0
1,0,1,0,1.6084834273893616,1,1,1,1,1,1,0,1,0,0.4851445215544238,1.5408346825113588,1.5864004343995892,1,1,0.5217623430390362,-0.44211041950942676,0,0,0,1,1,0,0,0,0,1,0
0,0,1,0,-0.6303319887333076,1,1,1,0,0,0,0,0,0,0.46357522629047915,-0.41701792440168683,-0.5705298937831644,1,0,0.4768633971080764,-0.17003691368296112,1,0,0,0,0,1,0,1,0,0,0
0,0,1,0,1.6084834273893616,1,1,1,1,1,1,1,1,0,0.7672045365444724,1.8523306799222607,2.1256330164452777,1,1,0.8480035069734125,-0.9654109346451996,0,0,0,1,0,0,0,0,0,1,0
1,0,1,0,0.7129572609402939,1,1,0,0,0,1,1,1,0,1.1438376153841259,1.2112386570779197,0.5079352703082123,1,0,1.1996766838844453,-0.6876714579704775,1,0,1,0,0,1,0,0,0,1,0
1,0,1,1,-0.2639803751859618,1,0,0,0,0,0,0,0,1,-1.5191407614336867,-0.782616551029047,-1.109762475828853,1,1,-1.492334164899451,-0.2610707268762188,0,1,0,1,1,0,0,0,1,0,0
1,0,1,0,-1.2816237461508113,0,0,0,0,1,0,1,1,1,-0.48381458876433153,-0.9868287459790872,0.5079352703082123,1,0,-0.48269647089442846,0.0031493650749470433,0,0,0,0,0,1,0,0,0,0,1
0,0,0,0,0.46872285190873,1,0,0,1,1,0,1,0,1,0.7705228896620027,0.7344729492503174,0.5079352703082123,0,1,0.8391799679572975,-0.8242961889906057,1,0,0,0,1,0,0,0,1,0,0
1,0,0,0,0.7943687306174818,1,0,0,0,1,0,0,1,1,0.6261745290494481,0.8916470107696649,-0.031297311737476054,0,1,0.607434806202316,0.19705878829961257,1,0,0,0,1,0,0,0,0,1,0
1,1,1,0,0.1023712383613841,1,1,0,0,1,0,1,1,1,1.1902945590295455,0.49941391866429147,0.5079352703082123,1,0,1.101050000899853,0.9982832207949858,1,0,0,0,0,1,0,0,1,0,0
1,1,0,0,-1.2816237461508113,1,0,0,0,0,1,0,0,0,0.3242043953542197,-0.9761442445888133,-0.5705298937831644,0,0,0.32300293551457115,0.0031493650749470433,1,0,0,0,0,1,0,0,0,0,0
1,0,0,0,-1.2409180113122174,1,0,1,1,0,0,0,0,1,-0.36767222965078206,-0.961466767319628,-0.031297311737476054,0,0,-0.3594426602630722,-0.08344377430400704,0,0,0,0,0,0,1,0,0,0,1
0,1,0,0,0.1023712383613841,0,0,0,0,1,0,1,0,1,-0.8322416661049798,-0.3794356843985263,-0.031297311737476054,0,0,-0.7924499593190795,-0.4350394100680734,0,0,0,0,0,1,0,0,1,0,0
0,0,0,0,0.14307697319997809,1,0,1,1,1,1,1,1,0,0.6942007679588127,0.30900162386719243,2.1256330164452777,0,1,0.6119278823599615,0.9337583506228306,0,0,1,0,0,0,0,0,1,0,0
0,1,1,1,1.6084834273893616,1,1,1,1,1,1,1,1,1,0.8368899520126024,1.9381796613188556,2.1256330164452777,1,1,0.937916288666272,-1.203007542385599,0,0,0,1,0,0,0,0,0,1,0
1,0,0,0,-0.3453918448631497,0,0,1,0,0,0,1,1,1,-0.47551870597050655,-0.4434329956006392,0.5079352703082123,0,0,-0.37191969590304746,-1.1891098780408285,0,0,1,0,0,0,1,1,0,0,0
1,0,1,0,-0.4675090493789317,1,1,0,0,1,1,1,1,1,1.3661672742586346,-0.02166943353364622,1.0471678523539008,1,0,1.3964022131446303,-0.39728663395788333,1,0,0,0,0,1,0,1,0,0,1
0,0,0,0,0.5501343215859179,1,1,1,1,0,0,0,0,0,0.6411071180783331,0.6793611063501777,-0.031297311737476054,0,0,0.6189271706691662,0.23657434948778147,1,0,0,0,0,0,1,0,1,0,0
0,0,0,0,-0.6303319887333076,1,1,0,0,0,0,0,0,0,-1.3316538102932427,-0.8003874876329934,-1.109762475828853,0,0,-1.2236791113580259,-1.2114184591553425,0,1,0,0,0,0,1,1,0,0,0
0,1,1,0,-0.7117434584104956,1,0,0,1,0,0,1,1,1,0.9862158423014517,-0.4450565132656911,0.5079352703082123,1,0,0.6859812717900013,3.459177772288294,1,0,0,0,0,1,0,1,0,0,0
0,0,1,0,-0.6303319887333076,0,0,0,1,1,0,0,0,1,-0.9716124970412393,-0.7254424019057333,-0.031297311737476054,1,1,-0.8912393031332231,-0.9023998049010372,0,0,0,0,1,0,0,1,0,0,0
0,0,1,0,1.3235432835192036,1,0,1,0,1,1,0,0,0,-0.20009539721551794,0.6835295976523379,0.5079352703082123,1,1,-0.18523291181365217,-0.16618832971056122,0,0,0,1,1,0,0,0,0,1,0
1,0,1,1,0.06166550352279012,1,0,0,0,0,0,0,1,1,0.46523440284924406,0.15263932118037063,-0.5705298937831644,1,1,0.4275229454775214,0.4230977926513108,1,0,1,0,0,0,0,0,1,0,0
1,0,0,0,0.7129572609402939,1,0,1,1,0,1,0,1,1,0.9480547814498567,1.0742269298042841,1.0471678523539008,0,1,0.9930404295508029,-0.5548953109227547,1,0,0,0,1,0,0,0,0,1,0
1,0,1,1,-1.2816237461508113,1,0,0,0,0,0,0,0,1,0.16492344571278056,-0.9782504296677995,-1.109762475828853,1,0,0.16417923322450154,0.0031493650749470433,1,0,0,0,0,0,1,0,0,0,1
1,0,1,1,1.3642490183577978,1,1,1,0,1,1,1,1,1,0.6328112352845081,1.4984257683688549,1.5864004343995892,1,0,0.7160765585591706,-0.9896103641686107,0,0,0,1,0,0,1,0,0,1,0
0,0,0,0,-1.2816237461508113,1,0,0,0,0,0,0,0,0,0.21303956591696496,-0.9776141862585225,-1.109762475828853,0,0,0.21215722662462638,0.0031493650749470433,1,0,0,0,0,1,0,0,0,0,1
1,0,0,1,1.6084834273893616,1,0,0,0,0,0,0,0,0,-1.4942531130522119,-0.3377288319490176,-1.109762475828853,1,1,-1.445726011791291,-0.5145386317677478,0,1,0,1,1,0,0,0,0,1,0
0,0,1,1,1.0793088744876398,1,1,0,0,0,0,0,0,0,-1.3100845150292975,-0.3357981622932803,-1.109762475828853,1,0,-1.288367836395538,-0.2088489045910405,0,1,0,1,0,0,1,0,0,1,0
1,0,1,1,-0.4675090493789317,1,1,1,1,0,1,1,0,0,0.4171182826450592,-0.2958903429320724,1.0471678523539008,1,0,0.4117110152658699,0.048965840936827744,0,0,1,0,0,0,1,1,0,0,1
1,0,1,1,-0.9559778674420595,1,1,0,0,1,0,1,0,1,0.8435266582476619,-0.6719760160985515,-0.031297311737476054,1,0,0.6744739063231513,1.938131862308351,1,0,1,0,0,1,0,0,0,0,0
0,0,0,0,0.1023712383613841,0,0,0,0,0,0,0,0,0,-1.3532231055571875,-0.6524060464063045,-1.109762475828853,0,0,-1.3805703473824864,0.36326686534932434,0,0,0,0,0,1,0,0,1,0,0
0,0,0,0,-0.9152721326034655,1,0,0,1,0,0,0,0,0,-0.4556085872653266,-0.7902953507961844,-0.5705298937831644,0,0,-0.5000678133324048,0.5323296612796631,0,0,0,0,0,1,0,0,0,0,0
1,0,1,1,0.9571916699718578,1,1,0,0,0,0,0,0,0,-1.3532231055571875,-0.3936304942537773,-1.109762475828853,1,1,-1.3201547091415653,-0.3394433331822631,0,1,0,1,0,0,0,0,0,1,0
0,1,0,0,1.3642490183577978,1,1,1,1,0,1,0,0,1,-0.03583691789778363,0.8227352677165845,0.5079352703082123,0,1,-0.05593297160648064,0.23493908159436788,0,0,1,0,1,0,0,0,0,1,0
1,0,1,0,-1.1188008067964355,1,1,0,1,0,1,0,0,1,0.6792681789299281,-0.8329236592177495,-0.031297311737476054,1,0,0.5056501931481512,1.9967158627770802,1,0,0,0,0,1,0,0,0,0,1
1,0,0,0,-0.9559778674420595,1,0,0,0,0,0,0,0,0,-1.4826388771408567,-0.930597992255736,-1.109762475828853,0,0,-1.4924402170510873,0.16350703059152813,0,1,0,0,0,0,1,0,0,0,1
1,0,1,0,0.590840056424512,1,0,0,1,1,0,1,1,0,0.2877025110613896,0.5367767643883911,1.0471678523539008,1,0,0.33127500334217896,-0.5164094711987776,0,0,0,1,0,1,0,0,1,0,0
0,0,0,0,-0.8338606629262776,1,0,0,1,0,1,0,0,1,-0.3527396406218973,-0.7217346385896013,-0.031297311737476054,0,0,-0.34400146698487116,-0.0898580809246699,0,0,0,0,0,1,0,0,0,0,0
0,1,1,0,1.2014260790034217,1,0,1,0,1,1,1,1,1,0.4984179340245439,1.1059294031286082,1.5864004343995892,1,1,0.42352190166488896,0.8544933841303958,0,0,0,1,1,0,0,0,0,1,0
1,1,1,0,0.06166550352279012,1,1,0,0,0,0,0,0,1,0.3524103968532244,0.05531601898888192,-1.109762475828853,1,0,0.21167063439947342,1.6252143157944257,1,0,0,0,0,1,0,0,1,0,0
1,0,0,0,-0.6710377235719016,1,0,0,0,0,0,0,0,0,-1.4826388771408567,-0.8652404365234445,-1.109762475828853,0,1,-1.4715187788370956,-0.07983572682988316,0,1,0,0,0,0,0,1,0,0,1
1,0,0,1,-1.2816237461508113,1,0,0,0,0,0,0,0,1,-1.4826388771408567,-1.0000362815785633,-1.109762475828853,1,0,-1.4786534373384075,0.0031493650749470433,0,1,0,0,0,0,1,0,0,0,0
1,0,0,0,0.5501343215859179,1,0,0,0,0,0,0,0,1,-0.6547097743171256,-0.10275755907461605,-1.109762475828853,0,1,-0.6632073770977482,0.12069850597101593,0,0,0,0,1,0,0,0,1,0,0
0,0,0,0,-0.38609757970174374,1,0,0,0,0,0,0,0,1,-1.5025489958460367,-0.7991369402423454,-1.109762475828853,0,1,-1.4608864742651977,-0.4344178996129063,0,1,1,0,1,0,0,1,0,0,0
0,0,0,0,-0.6303319887333076,1,0,1,1,0,1,1,1,0,0.4950995809070136,-0.40016844376979704,1.5864004343995892,0,1,0.5516039628916384,-0.673748639482104,0,0,1,0,1,0,0,1,0,0,0
0,0,0,0,-0.22327464034736777,1,0,0,1,1,1,1,1,0,0.44034675446776916,-0.09670227697253075,1.5864004343995892,0,0,0.39904468495206197,0.46569214249833013,0,0,1,0,0,0,1,0,1,0,0
1,0,0,1,-0.5896262538947137,1,0,0,0,0,0,0,0,1,-0.6397771852882409,-0.6810589392516797,-1.109762475828853,1,1,-0.7751600245327397,1.5960355092063134,0,0,0,0,1,0,0,1,0,0,0
1,1,1,0,-0.5489205190561197,0,0,0,1,1,0,0,0,1,-1.016410264127894,-0.7556749335603481,-0.031297311737476054,1,1,-1.143591153121199,1.513212181613189,0,0,0,0,1,0,0,1,0,0,0
0,0,1,1,0.020959768684196134,1,1,0,0,1,1,1,1,1,0.47187110908430413,0.10182760614982789,1.0471678523539008,1,0,0.3894802806018922,0.94255372561026,0,0,1,0,0,1,0,0,1,0,0
0,0,1,1,1.6084834273893616,1,1,1,1,0,1,0,0,0,0.06039532251058587,1.0798434233482475,0.5079352703082123,1,1,0.038949317500994375,0.24742754221187177,0,0,0,1,1,0,0,0,0,1,0
1,0,0,1,-1.2002122764736234,1,0,0,0,0,1,1,1,0,0.19147027065302033,-0.9099091117402774,0.5079352703082123,1,0,0.3400985423582939,-1.7351277291247864,0,0,0,0,0,0,1,0,0,0,0
1,1,1,0,1.5677776925507676,1,1,1,1,1,0,1,1,1,1.4126242179040545,2.3756957326224333,1.5864004343995892,1,0,1.4460701273095375,-0.4361854672671006,1,0,0,0,0,1,0,0,0,1,0
1,0,0,0,-1.0373893371192475,1,0,1,0,0,0,0,0,1,-0.4622452935003867,-0.8535686608773958,-0.5705298937831644,0,0,-0.47513343745204417,0.16533968962600265,0,0,0,0,0,0,1,0,0,0,1
1,1,0,0,0.9164859351332638,1,1,1,1,1,1,1,1,1,1.7112759984817532,1.7916681617618757,2.1256330164452777,0,0,1.6910826332143176,0.17773512891372592,1,0,0,0,0,1,0,0,0,1,0
0,0,1,1,-0.10115743583158582,1,0,0,1,1,1,1,1,0,0.5266239355235486,0.03069998087823037,1.5864004343995892,1,1,0.4645104424855154,0.7048745093755,0,0,0,1,0,0,0,0,1,0,0
0,0,1,1,1.6084834273893616,1,1,0,1,1,0,1,1,1,1.2699350338502653,2.221834524716907,1.0471678523539008,1,1,1.2349984135083305,0.3639541124872589,1,0,1,0,1,0,0,0,0,1,0
1,0,1,1,1.2421318138420157,1,1,1,0,1,1,0,1,0,0.35738792652951956,1.043160699889237,1.0471678523539008,1,0,0.3075617422363699,0.5676083476933116,0,0,0,1,0,0,1,0,0,1,0
0,0,0,0,-1.1595065416350294,1,1,0,1,0,0,0,0,1,0.5100321699358986,-0.8666664993373414,-0.5705298937831644,0,0,0.533113458335809,-0.28549443285489806,1,0,0,0,0,0,1,0,0,0,0
1,1,0,0,-0.8745663977648716,1,0,0,0,0,0,0,1,1,0.47187110908430413,-0.645736460322848,-0.5705298937831644,0,1,0.34105108350207913,1.5058464706612322,1,0,0,0,1,0,0,0,0,0,0
1,0,0,0,-0.5082147842175256,1,0,0,0,0,1,0,0,0,-0.4954288246756865,-0.5687948866561323,-0.5705298937831644,0,0,-0.48923140447823876,-0.05554154050412004,0,0,0,0,0,0,1,1,0,0,0
0,0,0,0,-0.7931549280876836,0,0,1,0,0,0,0,0,1,-1.1308934466826785,-0.8359951791246044,-0.5705298937831644,0,1,-1.145607260340721,0.20890058513776003,0,0,0,0,0,0,0,1,0,0,0
0,0,1,1,-0.9152721326034655,1,0,0,1,1,0,0,0,1,-0.3112602266527725,-0.7670176177878053,-0.031297311737476054,1,0,-0.32453453403056753,0.16478989191566099,0,0,0,0,0,0,1,0,0,0,0
1,1,1,1,0.428017117070136,1,1,0,1,1,1,1,1,1,1.520470694223779,1.0480751317402048,1.5864004343995892,1,1,1.4586231866758348,0.668596384488408,1,0,0,0,0,0,0,0,1,0,1
0,0,1,0,-0.5896262538947137,1,1,0,0,0,1,1,0,1,0.7937513614847123,-0.3091636968152669,-0.031297311737476054,1,0,0.7828379948648136,0.10043301548833468,1,0,0,0,0,1,0,1,0,0,0
1,1,0,0,-1.2816237461508113,1,0,0,0,0,0,0,0,1,-0.6331404790531808,-0.9888032944906369,-1.109762475828853,0,0,-0.6315936917913688,0.0031493650749470433,0,0,0,0,0,0,1,0,0,0,0
0,0,0,0,-0.6710377235719016,1,0,0,1,0,0,0,1,1,0.7074741804289328,-0.42090120314106777,-0.031297311737476054,0,0,0.6226585925696634,0.9628899931916842,1,0,0,0,0,1,0,1,0,0,0
0,0,0,1,-1.2816237461508113,0,0,0,0,0,0,0,0,0,-1.3349721634107725,-0.9980836724949199,-1.109762475828853,1,0,-1.3314106300069886,0.0031493650749470433,0,0,0,0,0,0,1,0,0,0,0
1,0,0,0,-1.2816237461508113,1,1,0,0,0,0,0,1,1,0.7190884163402875,-0.9709226607471599,-0.5705298937831644,0,0,0.716753364108702,0.0031493650749470433,1,0,0,0,0,1,0,0,0,0,1
1,1,0,0,0.428017117070136,1,0,0,0,0,0,1,1,1,0.8169798333074222,0.6833760216569952,-0.031297311737476054,0,0,0.8190576820324657,-0.05144682616139647,1,0,0,0,0,0,1,0,1,0,1
1,0,0,0,-1.2409180113122174,1,0,0,0,0,0,0,0,0,-1.4925939364934466,-0.9879915356581109,-1.109762475828853,0,0,-1.359535660620855,-1.4977983841602485,0,1,1,0,0,0,1,0,0,0,0
1,0,0,0,1.0386031396490458,1,1,0,0,0,0,0,0,1,-1.3432680462045974,-0.3447713883068779,-1.109762475828853,0,1,-1.2852011476596625,-0.6305398924491948,0,1,0,1,1,0,0,0,0,1,0
1,1,0,0,0.8757802002946699,0,0,0,1,1,0,1,1,1,-0.31457857977030224,0.2929419626399223,1.0471678523539008,0,0,-0.3307048838841979,0.19807301626954815,0,0,1,0,0,1,0,0,0,1,0
1,0,0,1,-0.6303319887333076,1,0,0,0,0,0,0,0,0,-0.6746198930223056,-0.7099312263761159,-1.109762475828853,1,0,-0.8224351624965325,1.74180377142884,0,0,1,0,0,0,1,1,0,0,0
1,1,1,0,1.3642490183577978,1,1,0,0,0,1,1,1,1,1.1654069106480704,2.0063893426789403,0.5079352703082123,1,1,1.2964498507185744,-1.5631076879342705,1,0,0,0,1,0,0,0,0,1,1
0,0,0,0,-1.1188008067964355,1,1,0,0,0,0,1,0,1,0.6726314726948681,-0.8005849424841484,-0.5705298937831644,0,0,0.9933713122639073,-3.7530685919854396,1,0,0,0,0,1,0,0,0,0,1
0,1,0,0,0.9571916699718578,1,1,1,0,1,1,0,1,0,0.27608827515003487,0.7700148224582101,1.0471678523539008,0,1,0.2467817391030421,0.3316534970046276,0,0,0,1,0,0,0,0,0,1,0
1,0,1,1,-0.9152721326034655,1,0,0,0,0,0,0,0,1,-1.4892755833759168,-0.9130464499308507,-1.109762475828853,1,1,-1.4257122032417175,-0.6895957499566816,0,1,0,0,1,0,0,0,0,0,0
0,0,0,0,-0.9152721326034655,1,0,1,0,0,0,1,0,1,0.6560397071072182,-0.6438277300950168,-0.031297311737476054,0,0,0.6044186830097883,0.57851266894844,1,0,0,0,0,0,1,0,0,0,1
0,0,1,0,1.6084834273893616,1,1,1,1,1,1,1,1,0,1.5652684613104335,2.486445964692459,2.1256330164452777,1,1,1.5121356636993797,0.5657375082622846,1,0,0,1,1,0,0,0,0,1,0
0,0,1,1,-1.0373893371192475,1,0,0,0,0,0,0,0,0,-1.469365464670737,-0.9391763085670237,-1.109762475828853,1,0,-1.3973508278327764,-0.7885593378183424,0,1,0,0,0,0,1,0,0,0,0
0,0,0,0,-1.1595065416350294,0,0,0,0,0,0,0,0,1,-1.3499047524396575,-0.9667761088729057,-1.109762475828853,0,0,-1.35415881653291,0.09455323441939828,0,0,0,0,0,0,1,0,0,0,1
0,0,1,0,0.6722515261016999,1,1,1,1,1,0,0,1,0,0.22797215494585,0.5145740633474112,1.0471678523539008,1,0,0.1958831993066393,0.3656231412507886,0,0,1,0,0,1,0,0,0,1,0
0,0,1,1,1.3642490183577978,1,1,1,1,1,0,1,1,0,1.4706953974608292,2.0987982130194616,1.5864004343995892,1,1,1.4020315164454962,0.749541408206667,1,0,0,1,0,0,0,0,0,1,0
1,0,1,0,0.7943687306174818,1,0,1,1,1,1,1,1,1,1.3728039804936945,1.3987110685356006,2.1256330164452777,1,0,1.342758004785668,0.30363495984293687,1,0,0,1,0,1,0,0,0,1,0
1,1,0,0,0.7943687306174818,1,1,0,1,1,1,1,1,1,1.520470694223779,1.550093121087736,1.5864004343995892,0,0,1.5622859586721827,-0.5371326156655348,1,0,0,0,0,1,0,0,0,1,0
1,0,0,0,-1.2816237461508113,1,0,0,0,0,0,0,0,0,0.14833168012513065,-0.9784698239468606,-1.109762475828853,0,0,0.14763509756928594,0.0031493650749470433,1,0,0,0,0,0,1,0,0,0,1
0,0,1,1,-0.6303319887333076,1,1,0,0,0,0,0,0,0,-1.3548822821159523,-0.8290623199062747,-1.109762475828853,1,0,-1.3508743190131247,-0.0013783807749314968,0,1,0,0,0,0,1,1,0,0,1
1,0,1,0,1.4049547531963917,1,0,1,1,0,1,0,1,1,0.14169497389007057,1.0409448176707203,1.0471678523539008,1,1,0.15842582485485135,-0.19933210511464017,0,0,0,1,1,0,0,0,0,1,0
0,0,0,0,-0.3453918448631497,1,0,0,0,1,0,0,0,1,-0.5186572964983965,-0.4677857605764175,-0.5705298937831644,0,1,-0.4484363233084196,-0.7994407508355392,0,0,0,0,1,0,0,1,0,0,0
0,0,1,0,1.1200146093262338,0,0,0,1,1,1,1,1,0,-0.1370466879824483,0.5722308798846591,1.5864004343995892,1,1,-0.16149207714841776,0.28890672502549364,0,0,0,1,1,0,0,0,0,1,0
1,0,0,0,-0.9966836022806536,1,0,0,0,0,0,0,0,1,0.17156015194784016,-0.7669956783598992,-1.109762475828853,0,0,0.13171136700114083,0.4577633468144498,1,0,0,0,0,0,1,0,0,0,1
0,0,0,0,-0.019745966154397852,1,1,0,1,0,0,0,0,1,-0.3560579937394271,-0.24560517417127614,-0.5705298937831644,0,0,-0.34992978226132343,-0.05939012447651721,0,0,0,0,0,1,0,0,1,0,0
1,0,1,0,-0.7524491932490895,1,1,0,1,1,0,0,0,1,0.5880134681978536,-0.4889573085058104,-0.031297311737476054,1,0,0.6519948902582868,-0.7638184408529234,1,0,0,0,0,1,0,1,0,0,0
0,1,1,0,-1.2816237461508113,1,1,0,1,0,0,1,0,1,0.8518225410414869,-0.9691675065146714,-0.031297311737476054,1,0,0.8491064493504269,0.0031493650749470433,1,0,0,0,0,1,0,0,0,0,1
1,1,0,0,-1.2409180113122174,1,0,0,0,0,0,0,0,1,-0.6895524820511906,-0.968267989970521,-1.109762475828853,0,0,-0.6158767629189139,-0.8339176489216055,0,0,0,0,0,1,0,0,0,0,1
1,1,1,0,0.428017117070136,1,1,0,1,0,0,1,1,1,1.1969312652646056,0.9166579585826264,0.5079352703082123,1,0,1.2281595295252736,-0.40318950084799615,1,0,0,0,0,1,0,0,1,0,1
0,1,1,0,-0.30468611002455576,1,1,1,0,0,1,1,0,1,0.15165003324266044,-0.23987898348778222,0.5079352703082123,1,1,0.17099541711445046,-0.2300748236523712,0,0,0,0,1,0,0,0,1,0,0
1,0,1,1,0.428017117070136,1,0,0,0,0,0,0,0,1,-1.5174815848749215,-0.6683121316382318,-1.109762475828853,1,0,-1.551370684753192,0.4448415023722451,0,1,1,0,0,0,1,0,1,0,0
0,0,1,1,0.590840056424512,1,0,0,0,0,0,0,0,0,-1.4826388771408567,-0.6256838232166666,-1.109762475828853,1,1,-1.5338122896186688,0.6447165017502194,0,1,0,1,1,0,0,0,1,0,0
0,1,0,0,1.2421318138420157,1,1,0,0,1,0,0,1,1,0.8186390098661871,1.4214403158463271,-0.031297311737476054,0,1,0.7603458485335564,0.6506888905895152,1,0,0,0,0,0,0,0,0,1,0
1,0,0,0,1.0386031396490458,1,0,0,0,0,0,0,0,1,-1.5191407614336867,-0.554556197945069,-1.109762475828853,0,1,-1.557951190996165,0.502138183565162,0,1,0,1,0,0,0,0,0,1,0
0,0,0,0,-0.9152721326034655,1,1,0,0,0,0,0,0,1,-1.3416088696458326,-0.8903830209038426,-1.109762475828853,0,0,-1.2548112819233403,-0.9647695039831325,0,1,0,0,0,0,1,0,0,0,0
0,0,0,0,-0.30468611002455576,0,0,1,1,1,0,1,1,0,-0.12875080518862334,-0.33309961266082916,1.5864004343995892,0,0,-0.11018871248159398,-0.2116016205848604,0,0,1,0,0,1,0,0,1,0,0
0,1,1,0,0.387311382231542,1,1,0,0,0,0,1,1,1,0.9994892547715714,0.7218797176322123,-0.031297311737476054,1,0,0.9588492158633574,0.4393222152800434,1,0,0,0,0,1,0,0,1,0,0
0,0,1,1,0.6722515261016999,1,1,0,0,0,0,1,1,1,1.0177401969179862,1.0900233178966807,-0.031297311737476054,1,0,1.0814671464508225,-0.7752071077100255,1,0,0,0,0,1,0,0,0,1,1
1,0,1,0,1.5270719577121736,1,0,1,1,1,1,1,1,1,1.478991280254654,2.2971964595743835,2.1256330164452777,1,1,1.4128596890416523,0.7198106805064766,1,0,1,0,0,0,0,0,0,1,1
0,0,0,0,-1.2409180113122174,1,0,0,0,0,0,0,0,0,-1.4793205240233267,-0.9935202714904497,-1.109762475828853,0,1,-1.5679917698765717,1.080752877346369,0,1,0,0,1,0,0,0,0,0,0
1,0,1,1,1.6084834273893616,1,0,1,0,1,1,1,1,1,0.5266239355235486,1.5047004447500016,1.5864004343995892,1,0,0.4839176327277307,0.47914436888332784,0,0,0,1,0,1,0,0,0,1,0
1,0,1,1,1.6084834273893616,1,1,1,0,0,0,0,0,0,-0.3195561094465974,0.7390363502547875,-0.5705298937831644,1,1,-0.31799040926028216,-0.0075411459594919685,0,0,0,1,0,0,0,0,0,1,0
0,0,0,1,-1.2816237461508113,1,0,1,1,0,1,0,0,1,-0.16359351292268806,-0.9825944363932086,0.5079352703082123,1,0,-0.16339465274876747,0.0031493650749470433,0,0,0,0,0,1,0,0,0,0,1
1,1,1,0,1.4863662228735797,1,1,0,1,1,0,0,1,1,1.0094443141241611,1.7914268280549084,0.5079352703082123,1,1,0.9117343947582867,1.1027846261738619,1,0,0,0,0,0,0,0,0,1,0
0,0,0,0,-0.9559778674420595,1,0,0,0,0,0,1,1,1,0.858459247276547,-0.6536127149411404,-0.031297311737476054,0,1,0.8283343679166566,0.32172659390121705,1,0,0,0,0,0,0,0,0,0,1
1,0,0,0,-0.9152721326034655,1,0,0,0,0,0,0,0,1,-1.4909347599346818,-0.9217783422374812,-1.109762475828853,0,1,-1.4915578631494757,0.05702954068851836,0,1,0,0,1,0,0,0,0,0,0
1,0,1,1,1.5270719577121736,1,1,1,1,0,0,1,0,1,1.0824480827098208,1.9173810836638667,0.5079352703082123,1,1,1.003699579808663,0.8798018142161628,1,0,0,0,1,0,0,0,0,1,0
1,0,0,1,-1.0780950719578415,1,0,0,0,1,0,1,1,0,0.9812383126251565,-0.7564208741091558,0.5079352703082123,1,0,1.0247500228899664,-0.5388595443711003,1,0,0,0,0,0,1,0,0,0,1
0,0,1,1,1.3235432835192036,1,0,1,1,1,0,0,0,0,-0.11879574583603324,0.6909890031404141,0.5079352703082123,1,1,-0.1765790562401547,0.6760594704026792,0,0,1,0,0,0,0,0,0,1,0
1,0,0,1,0.8757802002946699,1,0,1,1,0,1,1,1,1,1.3578713914648095,1.5477456023017824,1.5864004343995892,1,0,1.4215641803091368,-0.7861666996344435,1,0,1,0,0,1,0,0,0,1,0
0,0,0,0,0.5501343215859179,1,0,0,0,0,0,0,1,0,-0.30794187353524244,0.17091486462615746,-0.5705298937831644,0,1,-0.21457357674305413,-1.0757091202309512,0,0,1,0,1,0,0,0,1,0,0
1,0,1,1,0.9164859351332638,1,1,0,0,1,0,1,0,1,0.8451858348064274,1.2285269262679315,-0.031297311737476054,1,1,0.9189828623087283,-0.8865732750894068,1,0,0,0,1,0,0,0,0,1,0
0,0,1,1,1.2828375486806096,1,1,0,0,0,0,0,0,1,-1.3565414586747175,-0.32478456948441475,-1.109762475828853,1,0,-1.3426037717862203,-0.1168182134396451,0,1,0,1,0,0,1,0,0,1,0
1,0,0,0,1.2421318138420157,1,1,1,0,1,1,0,1,1,0.23129050806338025,0.956499959660116,1.0471678523539008,0,1,0.20383263773144678,0.3116469692116079,0,0,0,1,0,0,0,0,0,1,0
1,0,1,0,1.1200146093262338,1,1,0,0,0,0,0,0,0,-1.3532231055571875,-0.34815006020441824,-1.109762475828853,1,1,-1.3182304686016668,-0.3618246816407921,0,1,1,0,0,0,0,0,0,1,0
0,0,0,0,0.8757802002946699,1,1,0,0,1,1,0,1,1,1.0011484313303363,1.2134764787243428,0.5079352703082123,0,1,0.9547744565260543,0.5059597340613764,1,0,0,1,0,0,0,0,0,1,0
1,0,0,0,-1.0780950719578415,1,0,0,0,0,0,0,0,0,-0.6696423633460107,-0.8900319900573449,-1.109762475828853,0,0,-0.6544797461144172,-0.15400114713130122,0,0,0,0,0,1,0,0,0,0,1
0,0,1,1,1.5677776925507676,1,1,1,1,1,0,1,0,1,1.1305642029140057,2.089649471582615,1.0471678523539008,1,1,1.1422638728409444,-0.17383129224729496,1,0,0,1,1,0,0,0,0,1,0
0,0,1,1,0.346605647392948,1,0,0,0,1,0,1,1,1,0.9945117250952766,0.6795366217734266,0.5079352703082123,1,1,0.9567643857604643,0.4058426636502433,1,0,0,0,0,0,0,0,1,0,0
1,0,1,0,0.590840056424512,1,1,0,1,1,0,0,0,1,0.6112419400205631,0.7747537388859291,-0.031297311737476054,1,1,0.7130925340913777,-1.2050603479618935,1,0,0,0,0,0,0,0,1,0,1
1,0,0,0,-0.9152721326034655,1,0,0,0,0,0,0,0,0,-1.5075265255223318,-0.9098213540286532,-1.109762475828853,0,0,-1.4013923238285506,-1.1841387904098162,0,1,1,0,0,0,1,0,0,0,0
0,1,1,0,0.7129572609402939,1,1,0,1,0,0,1,0,1,0.7672045365444724,0.9074214594341559,-0.031297311737476054,1,0,0.7414703027775946,0.27370481833451754,1,0,0,0,0,1,0,0,0,1,1
1,0,0,1,-0.9559778674420595,1,0,0,0,0,0,1,0,0,-0.3178969328878323,-0.8115765958651078,-0.5705298937831644,1,0,-0.4951964845005914,2.072832301342282,0,0,0,0,0,1,0,0,0,0,1
1,0,1,1,0.7943687306174818,1,1,0,0,1,1,0,1,1,1.0393094921819312,1.1807428522884316,0.5079352703082123,1,1,1.0266695668345778,0.11231592967661672,1,0,0,1,0,0,0,0,0,1,1
1,0,0,0,0.22448844287716607,1,0,0,0,0,0,0,0,0,-1.4876164068171518,-0.6885622235955682,-1.109762475828853,0,0,-1.5129607502234335,0.3444579963112909,0,1,1,0,0,0,1,0,1,0,0
1,0,0,0,-0.5082147842175256,1,0,0,0,0,0,1,0,0,0.4602568731729489,-0.28873808943468166,-0.5705298937831644,0,0,0.5666980537158968,-1.253413301912979,1,0,0,0,0,1,0,1,0,0,0
1,0,0,0,-1.2002122764736234,1,0,0,0,0,0,1,1,1,0.8982794846869069,-0.8918529625735518,-0.031297311737476054,0,0,0.7939593304997085,1.1833817832769788,1,0,0,0,0,1,0,0,0,0,0
1,0,1,0,0.590840056424512,1,1,0,1,1,0,1,1,1,1.2998002119080347,1.2443233143603283,1.0471678523539008,1,0,1.4664843115989934,-1.9821467713247949,1,0,0,0,0,1,0,0,1,0,0
0,0,0,0,-0.4675090493789317,1,0,0,0,0,0,0,0,1,-1.462728758435677,-0.8179390299578787,-1.109762475828853,0,1,-1.4628971176667735,0.05079849997130363,0,1,0,1,1,0,0,1,0,0,0
0,0,0,0,-0.9559778674420595,1,0,0,0,0,0,0,0,0,-1.5075265255223318,-0.942949890166874,-1.109762475828853,0,1,-1.5959329767609358,1.078614775139481,0,1,0,0,0,0,0,0,0,0,0
1,0,1,0,1.6084834273893616,1,1,0,1,1,0,1,1,1,1.3230286837307448,2.2688726581476,1.0471678523539008,1,1,1.2842631730149732,0.406716156625004,1,0,0,1,0,0,0,0,0,1,0
0,0,1,1,-1.2002122764736234,1,0,0,0,0,0,0,0,1,0.15330920980142534,-0.9210762805444859,-1.109762475828853,1,0,0.059399707408135924,1.0871671839670305,1,0,0,0,0,1,0,0,0,0,0
0,0,0,1,-0.5896262538947137,1,1,1,0,0,0,0,0,0,-0.24157481118464275,-0.5733363482326963,-0.5705298937831644,1,0,-0.3238727686043586,0.965295358174428,0,0,0,0,0,0,1,1,0,0,0
0,0,1,0,1.4456604880349857,1,1,0,0,0,0,0,0,1,-1.3266762806169474,-0.30032210736910586,-1.109762475828853,1,1,-1.3628931469744134,0.4655454099939334,0,1,0,1,1,0,0,0,0,1,0
1,0,1,0,1.1607203441648277,1,1,0,1,1,0,1,1,0,0.5299422886410788,1.1554028130568785,1.0471678523539008,1,1,0.526848384013916,0.018291334802416875,0,0,0,1,0,0,0,0,0,1,0
1,0,1,0,-0.38609757970174374,1,0,1,0,0,0,0,1,1,-0.16525268948145297,-0.3919850371608193,-0.031297311737476054,1,1,-0.12599051996306265,-0.45115087340593846,0,0,0,0,0,0,0,1,0,0,0
1,0,0,0,0.590840056424512,1,1,1,1,0,0,1,0,0,0.9911933719777464,0.9813573314777351,0.5079352703082123,0,1,1.0445736521023683,-0.6539758770206635,1,0,1,0,0,0,0,0,1,0,0
1,1,0,0,-0.7117434584104956,1,1,0,0,0,0,0,0,1,0.3076126297665698,-0.5113794038258512,-1.109762475828853,0,1,0.3525617912185563,-0.5330866684124976,1,0,0,0,1,0,0,1,0,0,1
0,0,1,1,0.1023712383613841,1,0,0,0,0,0,0,0,0,-1.5025489958460367,-0.6979084198835696,-1.109762475828853,1,0,-1.4786061683793925,-0.22831547097927127,0,1,1,0,0,0,1,0,1,0,0
0,0,1,0,-0.019745966154397852,1,0,0,0,0,0,0,0,0,-1.5141632317573919,-0.748632377202488,-1.109762475828853,1,0,-1.5353171019575207,0.29660389297028933,0,1,1,0,0,0,1,0,1,0,0
1,0,0,0,1.5677776925507676,1,1,1,0,0,1,0,1,0,1.085766435827351,1.9256303085565625,0.5079352703082123,0,1,0.9680611148713786,1.3328080248344054,1,0,1,0,1,0,0,0,0,1,0
0,0,1,0,0.7943687306174818,1,1,0,1,1,0,1,1,1,1.3313245665245697,1.4591980712727366,1.0471678523539008,1,0,1.4304737394038016,-1.1976828455434523,1,0,0,0,0,1,0,0,0,1,1
1,0,0,0,1.6084834273893616,0,0,1,1,1,1,1,1,1,-0.04081444757407856,0.9501814044231575,2.1256330164452777,0,1,-0.09685046266890024,0.6531324359688209,0,0,0,1,0,0,0,0,0,1,0
1,0,0,0,-0.8338606629262776,1,1,0,0,0,0,0,0,0,-1.3250171040581826,-0.8701768078023184,-1.109762475828853,0,0,-1.2768149823447774,-0.5164094711987735,0,1,0,0,0,1,0,0,0,0,0
1,1,1,0,0.46872285190873,1,0,0,0,0,0,0,0,1,-1.5125040551986266,-0.6371581440115603,-1.109762475828853,1,1,-1.5115537071073022,0.039448509360065095,0,1,0,1,1,0,0,0,1,0,0
1,0,1,0,1.6084834273893616,1,1,1,1,1,0,1,1,1,1.4839688099309494,2.448841785261392,1.5864004343995892,1,0,1.4727514296534918,0.08092283285048901,1,0,0,1,0,1,0,0,0,1,0
0,1,0,0,-0.5896262538947137,1,1,0,1,0,1,0,0,1,0.680927355488693,-0.3481719996323244,-0.031297311737476054,0,0,0.6194186993371837,0.6926873267962456,1,0,0,0,0,1,0,1,0,0,1
0,0,0,0,-1.0373893371192475,1,1,0,0,0,0,0,0,1,0.29599839385521454,-0.7845910995405967,-1.109762475828853,0,0,0.2679345982622108,0.31653405997020295,1,0,0,0,0,1,0,0,0,0,1
1,0,0,0,-0.9152721326034655,1,1,0,0,0,0,0,0,1,0.30595345320780487,-0.6527131983969899,-1.109762475828853,0,0,0.537414933606165,-2.702405167520796,1,0,0,0,0,0,1,0,0,0,1
1,0,1,1,0.387311382231542,1,0,0,0,0,0,0,0,0,-1.4826388771408567,-0.633801411541926,-1.109762475828853,1,0,-1.475187047010648,-0.03716913368350737,0,1,1,0,0,0,1,0,1,0,0
1,0,1,0,1.6084834273893616,1,1,0,1,1,0,1,1,1,1.28818597599668,2.214506755796268,1.0471678523539008,1,1,1.2273237728016058,0.6648919981067046,1,0,0,1,0,0,0,0,0,1,0
1,0,1,1,-0.1418631706701798,1,1,0,0,1,0,0,1,1,0.8053655973960674,0.17508335592831772,-0.031297311737476054,1,0,0.930058616573706,-1.477228366376739,1,0,0,0,0,1,0,0,1,0,1
1,0,1,0,1.2421318138420157,1,1,1,0,0,1,0,0,1,0.6543805305484532,1.3507953579886638,-0.031297311737476054,1,1,0.6757869329624543,-0.27083316057909645,1,0,0,1,1,0,0,0,0,1,0
0,0,0,0,-1.2816237461508113,1,0,0,0,0,0,0,0,1,-1.4942531130522119,-1.000189857573906,-1.109762475828853,0,0,-1.4902343322970584,0.0031493650749470433,0,1,0,0,0,0,1,0,0,0,1
0,0,1,0,-0.2639803751859618,1,1,1,1,1,1,1,1,1,0.8352307754538371,0.0057987302047993895,2.1256330164452777,1,1,0.7943199078152708,0.4479568588078594,0,0,1,0,1,0,0,0,1,0,0
0,0,0,0,1.3235432835192036,1,1,1,1,0,1,0,0,1,0.8269348926600121,1.5556437963479808,0.5079352703082123,0,0,0.8265300673101559,-0.02290258796897899,1,0,1,0,0,1,0,0,0,1,0
1,0,1,1,1.5677776925507676,1,1,1,0,0,0,1,0,1,0.04214438036417105,1.050115498535473,-0.031297311737476054,1,0,0.03818748465020466,0.04461650224233289,0,0,1,0,0,1,0,0,0,1,0
0,0,1,0,1.1607203441648277,1,1,0,1,0,0,1,1,1,1.1985904418233704,1.611194427806243,0.5079352703082123,1,1,1.0902982499763816,1.2195542665148176,1,0,0,1,0,0,0,0,0,1,0
0,0,0,0,0.7943687306174818,1,1,0,1,0,0,0,0,1,0.5067138168183688,0.8768159575051372,-0.5705298937831644,0,0,0.585927429850536,-0.9382734835577794,1,0,1,0,0,0,1,0,0,1,0
0,0,1,0,-1.2409180113122174,0,0,0,0,0,0,1,1,0,-0.6746198930223056,-0.9663153808868776,-0.031297311737476054,1,0,-0.5422553592532048,-1.5170413040222357,0,0,0,0,0,1,0,0,0,0,1
1,1,1,0,-0.1418631706701798,1,1,0,1,1,0,0,1,1,1.0276952562705766,0.19564059987633955,0.5079352703082123,1,0,0.9835132893631439,0.47957751889938544,1,0,0,0,0,1,0,0,1,0,1
1,0,0,0,-0.6303319887333076,1,0,0,0,0,0,0,0,1,-1.4876164068171518,-0.8862803478854007,-1.109762475828853,0,0,-1.604680823653138,1.4112783243876037,0,1,1,0,0,0,1,1,0,0,0
0,0,1,1,1.0386031396490458,1,0,0,0,0,0,0,0,0,-1.5058673489635668,-0.5351836831039769,-1.109762475828853,1,1,-1.5327641706796902,0.36312467628630546,0,1,0,1,1,0,0,0,0,1,0
0,0,0,0,-1.1595065416350294,1,0,0,0,1,0,0,1,1,0.5946501744329131,-0.8686849267047032,-0.031297311737476054,0,1,0.49506194632881345,1.1384816369323334,1,0,0,0,1,0,0,0,0,0,0
1,0,1,0,-0.38609757970174374,1,1,1,1,1,0,1,0,1,1.1388600857078308,-0.04955444640230757,1.0471678523539008,1,0,0.9967089118047857,1.6153713900338171,1,0,0,0,0,1,0,1,0,0,1
0,0,0,0,-0.06045170099299184,1,1,0,0,0,1,0,0,1,0.4950995809070136,0.04599176212878662,-0.5705298937831644,0,1,0.41741124510836614,0.887082200025693,1,0,0,0,1,0,0,0,1,0,1
0,0,0,0,1.1607203441648277,1,1,0,1,1,0,1,1,1,1.2948226822317401,1.8094171589379158,1.0471678523539008,0,0,1.3353413084105998,-0.5145167249828424,1,0,1,0,0,1,0,0,0,1,0
1,1,0,0,-1.0780950719578415,1,0,0,0,0,0,1,0,1,0.49012205123071895,-0.7905805633589638,-0.5705298937831644,0,0,0.5954297026371214,-1.241226119333719,1,0,0,0,0,1,0,0,0,0,0
0,0,0,0,1.1607203441648277,1,1,1,0,1,1,1,1,0,0.7141108866639929,1.2619406749689321,1.5864004343995892,0,1,0.6585505524429769,0.6223928353878251,0,0,0,1,1,0,0,0,0,1,0
1,0,1,1,1.0386031396490458,1,1,0,0,1,1,1,1,1,1.3313245665245697,1.6259377233591465,1.0471678523539008,1,1,1.2770005510123053,0.5874042250225952,1,0,1,0,0,0,0,0,0,1,0
0,0,0,0,-0.9152721326034655,1,0,0,0,0,0,0,0,1,-1.497571466169742,-0.9219319182328239,-1.109762475828853,0,0,-1.4927159526453406,-0.006472094856047247,0,1,1,0,0,0,1,0,0,0,0
0,1,1,0,0.9164859351332638,1,1,0,1,1,1,0,0,0,0.8468450113651922,1.2046787681339939,0.5079352703082123,1,0,0.8862856342046936,-0.48702028450046536,1,0,0,0,0,1,0,0,0,1,0
1,0,1,1,1.6084834273893616,1,1,1,1,1,1,1,1,1,1.7145943515992828,2.649455914034831,2.1256330164452777,1,1,1.6828619524747301,0.31183787119435746,1,0,0,1,0,0,0,0,0,1,0
1,0,1,0,1.6084834273893616,1,1,1,1,1,1,0,1,0,1.3495755086709846,2.3177537035224054,1.5864004343995892,1,1,1.3354580816813901,0.11914140979860363,1,0,0,1,0,0,0,0,0,1,0
1,0,1,0,0.30589991255435406,1,1,0,0,0,0,1,1,1,1.067515493680936,0.6176454956502998,-0.031297311737476054,1,1,0.9177232519804337,1.7066288458575816,1,0,0,0,0,0,0,0,1,0,1
0,0,1,0,-1.0780950719578415,1,0,0,0,0,0,0,0,0,-0.6397771852882409,-0.866995590755933,-1.109762475828853,1,0,-0.3649573721481442,-3.175139565463681,0,0,0,0,0,0,1,0,0,0,0
0,0,1,1,1.5270719577121736,1,1,0,1,1,0,1,1,1,1.3794406867287545,2.236797214548872,1.0471678523539008,1,0,1.3477939669576402,0.3220320370736306,1,0,1,0,0,1,0,0,0,1,0
1,0,0,0,-0.10115743583158582,1,0,0,0,0,0,1,1,1,0.8402083051301322,0.20009430374127923,-0.031297311737476054,0,0,0.8903013471319139,-0.6106997785225232,1,0,0,0,0,1,0,0,1,0,1
0,0,0,0,-1.2816237461508113,1,0,0,0,0,0,1,1,0,0.850163364482722,-0.9691894459425774,-0.031297311737476054,0,0,0.8474520357849054,0.0031493650749470433,1,0,0,0,0,1,0,0,0,0,1
1,0,0,0,1.4049547531963917,1,1,1,1,1,1,1,1,0,1.7013209391291633,2.392698789249666,2.1256330164452777,0,1,1.679819601160521,0.193280901621772,1,0,0,1,1,0,0,0,0,1,1
1,0,1,1,0.06166550352279012,1,0,0,0,0,0,0,0,0,-1.5042081724048018,-0.7110720766272335,-1.109762475828853,1,1,-1.4880933265063832,-0.1372107562713301,0,1,1,0,1,0,0,0,1,0,0
0,1,0,0,-1.2409180113122174,1,1,0,0,0,0,1,1,1,0.9596690173612115,-0.9339547247253703,-0.031297311737476054,0,0,0.6778746453189455,3.245581361820206,1,0,0,0,0,1,0,0,0,0,1
1,1,1,0,-1.0373893371192475,1,0,0,0,0,0,0,0,1,0.17156015194784016,-0.8037661595305339,-1.109762475828853,1,0,0.061369247367090186,1.2759310645179756,1,0,0,0,0,0,1,0,0,0,1
1,1,0,0,-0.9966836022806536,1,0,0,0,0,0,0,0,1,0.1582867394777205,-0.762827187057739,-1.109762475828853,0,0,0.17100368918227787,-0.15319935880371907,1,0,0,0,0,1,0,0,0,0,1
1,0,1,0,0.1023712383613841,1,1,0,0,0,1,0,1,1,0.8269348926600121,0.37817664005514634,-0.031297311737476054,1,1,0.8398417333835061,-0.17773408162775545,1,0,0,0,0,0,0,0,1,0,0
1,0,1,0,-0.9559778674420595,1,1,1,0,0,0,0,1,1,0.7672045365444724,-0.6573204782572724,-0.031297311737476054,1,0,0.7972681576307514,-0.3752947255441836,1,0,0,0,0,1,0,0,0,0,0
1,0,0,1,-1.0780950719578415,1,0,0,0,0,0,0,0,1,-1.4842980536996218,-0.9657668951892249,-1.109762475828853,1,0,-1.606319017477821,1.468818427896494,0,1,0,0,0,0,1,0,0,0,0
1,0,0,0,-1.1188008067964355,1,0,0,0,0,1,0,0,1,-0.5219756496159262,-0.9137485116238461,-0.5705298937831644,0,0,-0.7133217219281338,2.2430252370105457,0,0,0,0,0,1,0,0,0,0,1
0,0,1,0,-1.2002122764736234,1,1,0,0,0,0,0,0,1,0.3258635719129846,-0.9082197757915073,-1.109762475828853,1,1,0.3825618238733472,-0.6703528300946916,1,0,0,0,1,0,0,0,0,0,1
1,0,0,0,0.1023712383613841,1,0,0,0,0,0,0,0,1,-1.5191407614336867,-0.7289746497986165,-1.109762475828853,0,0,-1.5455390143444934,0.3577688882458994,0,1,1,0,0,0,1,0,1,0,0
0,0,1,0,-0.7117434584104956,1,1,0,0,0,0,0,0,1,-0.45892694038285664,-0.6968772667719825,-1.109762475828853,1,0,-0.5799759885470963,1.4232768508897868,0,0,0,0,0,1,0,1,0,0,0
1,1,1,0,-0.6303319887333076,1,0,0,1,0,0,0,0,1,0.38227557491099445,-0.46771994229269914,-0.5705298937831644,1,0,0.25196047064217497,1.5029651778476694,1,0,0,0,0,1,0,1,0,0,1
0,0,1,1,0.020959768684196134,1,1,0,0,0,0,0,0,0,-1.3532231055571875,-0.6577592668153945,-1.109762475828853,1,1,-1.3462502183522729,-0.035919593432728984,0,1,1,0,1,0,0,0,1,0,0
0,0,0,0,-1.2002122764736234,0,0,0,1,0,0,1,1,1,-0.47551870597050655,-0.9407559473762634,0.5079352703082123,0,0,-0.4352699486828105,-0.4522664049921407,0,0,0,0,0,1,0,0,0,0,1
1,0,1,0,1.4456604880349857,1,0,1,1,1,0,0,1,0,0.1997661534468453,1.071572259027645,1.0471678523539008,1,1,0.15846177457894864,0.4737519493468456,0,0,0,1,0,0,0,0,0,1,0
0,0,1,1,1.1200146093262338,1,1,1,1,1,1,1,1,0,1.6697965845126284,1.956608780759985,2.1256330164452777,1,1,1.578399522591756,1.007309066539775,1,0,0,1,1,0,0,0,0,1,0
0,0,1,1,-0.38609757970174374,1,1,1,0,0,0,0,0,0,0.5614666432576133,-0.21434148940507425,-0.5705298937831644,1,1,0.4564349861251143,1.2029035860355182,1,0,1,0,1,0,0,1,0,0,0
0,0,1,1,0.1023712383613841,1,1,0,0,0,0,0,0,0,-1.3482455758808924,-0.648413070527393,-1.109762475828853,1,1,-1.3719673968417743,0.3209324416529486,0,1,0,1,0,0,0,0,1,0,0
0,0,1,1,1.2421318138420157,1,0,0,0,0,0,0,0,0,-1.4909347599346818,-0.4783166859713487,-1.109762475828853,1,1,-1.5135799459438626,0.3131741850736702,0,1,0,1,1,0,0,0,0,1,0
0,0,0,0,-1.2409180113122174,1,0,0,0,0,0,0,0,0,-0.6795974226986006,-0.9726339361238363,-1.109762475828853,0,0,-0.7804909126883092,1.1962103965183073,0,0,0,0,0,1,0,0,0,0,0
1,0,1,1,-1.2002122764736234,1,0,1,1,0,0,1,0,0,0.8269348926600121,-0.8999266720429989,0.5079352703082123,1,0,0.5910179331290636,2.71640106561549,1,0,0,0,0,1,0,0,0,0,0
0,1,1,0,1.1200146093262338,1,1,0,1,1,0,1,1,1,1.359530568023575,1.7998735077987593,1.0471678523539008,1,0,1.3814140140569888,-0.29992662275138815,1,0,0,0,0,1,0,0,0,1,0
1,1,0,0,-1.2816237461508113,0,0,0,0,1,0,0,1,1,-0.8388783723400399,-0.991523783550994,-0.031297311737476054,0,0,-0.8367409739160423,0.0031493650749470433,0,0,0,0,0,1,0,0,0,0,1
1,1,1,0,0.9164859351332638,1,1,0,1,1,1,1,1,1,1.6150437580733834,1.752243009814602,1.5864004343995892,1,0,1.637028429991731,-0.30963555049993957,1,0,0,1,0,1,0,0,0,1,0
1,1,0,0,-1.2002122764736234,1,1,0,1,1,0,1,1,1,1.3296653899658049,-0.8797204589414748,1.0471678523539008,0,0,1.0989228977441823,2.639429386167536,1,0,0,0,0,1,0,0,0,0,1
1,0,0,0,-1.2816237461508113,1,0,0,0,0,1,0,0,1,0.36402463276457964,-0.9756176983190668,-0.5705298937831644,0,0,0.36270886108708866,0.0031493650749470433,1,0,0,0,0,1,0,0,0,0,1
1,0,1,0,-0.7524491932490895,0,0,0,0,0,0,1,1,0,-0.6165487134655309,-0.7159426296223891,-0.031297311737476054,1,0,-0.5706167346621457,-0.513660482647061,0,0,0,0,0,1,0,1,0,0,1
1,0,1,1,-0.019745966154397852,1,1,1,0,0,0,1,1,1,1.1488151450604207,0.3972420029055531,0.5079352703082123,1,1,1.1649443390932774,-0.2259616495318697,1,0,0,0,1,0,0,0,1,0,1
1,0,0,0,0.1023712383613841,1,0,0,0,0,0,0,0,0,-1.466047111553207,-0.6842620957259712,-1.109762475828853,0,1,-1.4492048758721237,-0.14694540984857263,0,1,0,0,0,0,0,0,1,0,0
0,0,1,1,1.0386031396490458,0,0,0,0,1,1,1,1,1,-0.3129194032115374,0.3806777348364426,1.0471678523539008,1,1,-0.34201426908145716,0.3488583736300022,0,0,0,1,1,0,0,0,0,1,0
0,0,1,1,0.1023712383613841,0,0,1,0,0,1,1,0,1,-0.6165487134655309,-0.27963322685364744,0.5079352703082123,1,1,-0.5774234647602915,-0.4344896123577317,0,0,0,1,1,0,0,0,1,0,0
0,0,1,0,1.0793088744876398,1,0,1,0,1,0,0,0,1,0.5415565245524336,1.0268158260991878,-0.031297311737476054,1,1,0.45319687084875054,1.0096519192122397,1,0,1,0,1,0,0,0,0,1,0
0,0,1,0,-1.2409180113122174,1,0,0,0,0,0,0,0,1,0.1815152113004305,-0.9409972810832304,-1.109762475828853,1,1,0.41234126805273547,-2.690859415603607,1,0,0,0,1,0,0,0,0,0,0
1,1,0,0,-0.3453918448631497,1,1,0,1,1,0,1,1,1,1.2616391510564402,0.0866016431829898,1.0471678523539008,0,1,1.2934543594900922,-0.41217698861299096,1,0,0,0,1,0,0,1,0,0,1
0,0,1,1,0.8350744654560759,1,0,0,0,0,0,0,0,1,-1.4959122896109767,-0.5528229831404866,-1.109762475828853,1,1,-1.4997550141363805,0.09464400290931363,0,1,1,0,0,0,0,0,0,1,0
0,0,0,1,-0.5896262538947137,1,0,0,0,0,0,0,0,0,-1.4859572302583868,-0.8374212419385014,-1.109762475828853,1,1,-1.430215884614526,-0.5987264061639527,0,1,1,0,0,0,0,1,0,0,1
1,0,0,0,-1.2816237461508113,1,0,0,0,0,1,0,0,0,-0.5269531792922214,-0.9873991711046459,-0.5705298937831644,0,0,-0.5257112235979892,0.0031493650749470433,0,0,0,0,0,0,1,0,0,0,0
1,0,1,1,1.5270719577121736,1,1,1,1,1,1,0,1,0,0.44532428414406383,1.380698798224687,1.5864004343995892,1,1,0.42555294209740036,0.21509638241200185,0,0,1,0,0,0,0,0,0,1,0
0,1,0,0,0.7129572609402939,1,1,0,0,1,1,1,1,1,1.32800621340704,1.2825856766285786,1.0471678523539008,0,0,1.3072797421859679,0.1967331388865632,1,0,0,0,0,1,0,0,0,1,0
1,0,1,0,1.2828375486806096,1,1,0,1,1,1,1,0,1,0.3706613389996392,1.105512553998392,1.0471678523539008,1,1,0.3426490966051397,0.31344144784952727,0,0,0,1,0,0,0,0,0,1,0
1,0,1,0,1.6084834273893616,0,0,1,1,1,0,0,0,0,-0.7575787209605552,0.29076995927721777,0.5079352703082123,1,1,-0.7874762144094004,0.3730410468665281,0,0,0,1,0,0,0,0,0,1,0
1,1,1,0,1.6084834273893616,1,0,1,1,0,1,0,0,1,0.659358060224748,1.6859639981102539,0.5079352703082123,1,1,0.6737615893713296,-0.18954709632081226,1,0,0,1,1,0,0,0,0,1,0
1,1,1,0,-0.7117434584104956,1,1,0,0,0,0,0,1,1,0.6859048851649877,-0.41850980549930217,-0.5705298937831644,1,1,0.8194372994087404,-1.576052924932341,1,0,0,0,0,0,0,1,0,0,1
0,1,1,0,1.3235432835192036,1,1,1,0,1,0,1,1,0,1.3379612727596297,1.9688729209594982,1.0471678523539008,1,1,1.3059282135655186,0.32791064336114367,1,0,0,0,0,0,0,0,0,1,1
1,0,1,0,-0.1825689055087738,1,0,0,0,0,1,0,0,0,0.3855939280285242,-0.10264786193508552,-0.5705298937831644,1,1,0.29204176735981063,1.0752549002429401,1,0,0,0,0,0,0,0,1,0,0
1,0,0,0,-1.2002122764736234,1,0,0,0,1,0,0,1,0,0.689223238282518,-0.8962627875826792,-0.031297311737476054,0,1,0.6831136216097637,0.04804951141959254,1,0,0,0,1,0,0,0,0,0,0
0,1,0,0,0.428017117070136,1,0,1,1,0,1,1,1,1,1.4341935131679995,1.009812769471955,1.5864004343995892,0,1,1.3915232504370072,0.4484215804861061,1,0,0,0,1,0,0,0,1,0,1
1,0,1,1,-0.22327464034736777,1,1,0,0,0,1,1,1,0,0.22133544871078992,-0.15016866277971247,0.5079352703082123,1,1,0.24971854201961613,-0.33752158655583625,0,0,0,0,0,0,0,0,1,0,0
1,1,1,0,1.6084834273893616,1,1,0,1,1,0,1,1,1,1.3014593884668002,2.365340322650751,1.0471678523539008,1,1,1.385297290342727,-1.0185962270415294,1,0,0,1,0,0,0,0,0,1,1
0,0,0,0,-1.2816237461508113,0,0,1,0,0,0,0,0,0,-1.1624178012992135,-0.9958019719926847,-0.5705298937831644,0,0,-1.1593516191927464,0.0031493650749470433,0,0,0,0,0,0,1,0,0,0,0
0,0,0,0,0.7943687306174818,1,0,0,0,1,0,0,1,1,-0.18184445506910288,0.3266189844757959,-0.031297311737476054,0,0,-0.21194532776772732,0.35618293331222284,0,0,0,0,0,1,0,0,0,1,0
1,0,0,0,-1.2409180113122174,1,1,0,0,0,0,1,0,1,0.6875640617237531,-0.9292816265813696,-0.5705298937831644,0,0,0.8540696900469917,-1.9596284608479975,1,0,0,0,0,1,0,0,0,0,1
1,0,0,0,-1.2002122764736234,0,0,0,0,0,0,0,0,0,-1.3216987509406526,-0.9739064229423904,-1.109762475828853,0,0,-1.2685429145171696,-0.5741382307847419,0,0,0,0,0,1,0,0,0,0,0
1,1,1,0,-0.1418631706701798,1,1,0,0,0,0,0,1,1,0.642766294637098,0.025631973031919667,-0.5705298937831644,1,0,0.5414425749070555,1.157061007833569,1,0,0,0,0,1,0,0,1,0,0
0,0,1,1,1.3235432835192036,1,1,0,0,0,0,0,0,0,-1.2918335728828827,-0.2827925044721268,-1.109762475828853,1,1,-1.3062889963274535,0.21126894450538977,0,1,0,1,1,0,0,0,0,1,0
0,0,1,0,0.9164859351332638,1,1,1,1,0,1,0,0,1,0.03716685068787588,0.5102081171940959,0.5079352703082123,1,1,-0.06587449312293304,1.1972600103289603,0,0,1,0,1,0,0,0,0,1,0
1,0,1,1,1.6084834273893616,1,1,1,1,1,0,0,0,0,-0.015926799192603674,1.0621602444559255,0.5079352703082123,1,1,0.0204290767536281,-0.4223329740957131,0,0,0,1,1,0,0,0,0,1,0
0,0,0,0,1.2421318138420157,1,0,0,0,0,0,0,0,1,-1.4710246412295018,-0.439067049447324,-1.109762475828853,0,0,-1.4665998527896076,-0.002348612028477875,0,1,0,1,0,0,1,0,0,1,0
1,0,1,1,-1.1188008067964355,1,1,0,0,0,1,0,0,1,-0.3062826969764773,-0.8950999979036555,-0.5705298937831644,1,0,-0.4320714157894689,1.473308442530961,0,0,0,0,0,0,1,0,0,0,0
1,0,0,0,1.0793088744876398,1,0,0,0,0,0,0,0,0,-1.5125040551986266,-0.5264298513694404,-1.109762475828853,0,0,-1.53201528505345,0.2774425109043259,0,1,0,1,0,0,1,0,0,1,1
0,0,1,1,1.4863662228735797,0,0,1,0,1,0,0,1,1,-0.6961891882862504,0.2899362610167857,0.5079352703082123,1,1,-0.7292040921571409,0.4072506821767318,0,0,0,1,1,0,0,0,0,1,0
1,0,0,0,-0.22327464034736777,1,0,1,0,1,1,1,0,0,0.14667250356636527,-0.16324456181175198,1.0471678523539008,0,1,0.2131988944251403,-0.7786833419103414,0,0,1,0,1,0,0,0,1,0,0
1,0,0,0,-0.7117434584104956,0,0,0,0,1,0,1,1,0,-0.4705411762942116,-0.7069474641808854,0.5079352703082123,0,0,-0.6306010436520558,1.8774097596327406,0,0,1,0,0,1,0,1,0,0,0
1,0,0,1,-1.2816237461508113,1,0,0,0,0,0,0,0,1,-1.5141632317573919,-1.0004531307087794,-1.109762475828853,1,0,-1.510087295083317,0.0031493650749470433,0,1,0,0,0,0,1,0,0,0,0
0,0,0,0,0.30589991255435406,1,0,0,0,1,0,0,0,1,-0.4871329418818615,-0.12101116309249679,-0.5705298937831644,0,0,-0.47479664611906314,-0.127221416990032,0,0,1,0,0,0,1,0,1,0,0
0,0,0,0,-1.2002122764736234,1,0,0,1,0,1,1,1,1,0.3441145140593994,-0.9018134628429242,1.0471678523539008,0,0,0.5435914109174455,-2.3316582448464653,0,0,0,0,0,1,0,0,0,0,0
1,0,0,0,-1.0373893371192475,1,0,0,0,0,0,0,0,0,-0.6978483648450156,-0.886763015299335,-1.109762475828853,0,0,-0.8327231123997758,1.5920647479649537,0,0,0,0,0,0,1,0,0,0,0
1,0,1,0,-0.1825689055087738,1,1,0,1,1,0,1,0,0,1.050923728093286,0.16894031611460786,0.5079352703082123,1,1,1.0234698219166454,0.2842334444875826,1,0,0,0,1,0,0,0,1,0,0
0,0,0,0,0.5094285867473239,1,0,1,1,0,1,0,0,1,-0.07897550842567357,0.2181285134800988,0.5079352703082123,0,1,-0.09247545790674336,0.1596584466191296,0,0,1,0,1,0,0,0,1,0,0
0,0,0,0,-1.1188008067964355,0,0,0,0,1,0,0,1,0,-0.8438559020163349,-0.9164470612562973,-0.031297311737476054,0,0,-0.7540202956399643,-1.0167253876105051,0,0,0,0,0,1,0,0,0,0,1
1,0,0,0,-0.8338606629262776,1,0,1,0,0,1,0,0,0,-0.27475834235994256,-0.7215810625942586,-0.031297311737476054,0,0,-0.3430363924049835,0.803334116002684,0,0,0,0,0,0,1,0,0,0,1
0,0,1,0,-0.4675090493789317,1,1,0,0,0,0,1,1,1,0.9746016063900964,-0.15400806266328113,-0.031297311737476054,1,0,0.921191611848152,0.588683926589776,1,0,0,0,0,1,0,1,0,0,0
1,0,1,1,1.5270719577121736,1,1,0,0,0,0,0,0,0,-1.3117436915880627,-0.22697859987899163,-1.109762475828853,1,0,-1.3063344472495833,-0.01911744219392757,0,1,0,1,0,0,1,0,0,1,0
0,0,1,0,1.5270719577121736,1,1,0,0,1,0,1,1,1,1.085766435827351,2.0549193572072486,0.5079352703082123,1,0,1.1518641318408724,-0.8050532691286172,1,0,1,0,0,1,0,0,0,1,0
1,0,0,0,1.2828375486806096,1,1,1,0,1,1,0,1,0,1.1388600857078308,1.8649019721124596,1.0471678523539008,0,1,1.2374024832207293,-1.1841989245343836,1,0,0,1,1,0,0,0,0,1,0
0,0,1,0,1.5270719577121736,1,0,1,1,1,1,1,1,0,0.7141108866639929,1.6019579286577719,2.1256330164452777,1,1,0.663906667930042,0.5600944456519653,0,0,0,1,1,0,0,0,0,1,0
1,0,1,0,1.6084834273893616,1,1,1,1,1,1,1,1,1,1.679751643865218,2.68800348886586,2.1256330164452777,1,0,1.723234239066693,-0.5618441430951372,1,0,0,1,0,1,0,0,0,1,0
0,0,0,0,-0.6303319887333076,1,0,0,0,0,0,0,0,0,-1.5008898192872717,-0.859580064123669,-1.109762475828853,0,1,-1.4862442760508003,-0.12023170933428214,0,1,0,0,1,0,0,1,0,0,0
1,0,0,1,-1.2816237461508113,1,0,0,0,0,0,0,0,0,-1.466047111553207,-0.9998168872995024,-1.109762475828853,1,0,-1.4621093016831919,0.0031493650749470433,0,1,0,0,0,0,1,0,0,0,0
1,0,1,1,0.18378270803857208,1,0,0,0,0,0,0,0,0,-1.497571466169742,-0.7118399566039473,-1.109762475828853,1,1,-1.5432202802738975,0.5809570398498268,0,1,1,0,1,0,0,0,1,0,0
1,0,0,0,-0.9966836022806536,1,0,0,0,0,0,0,0,1,-1.4760021709057967,-0.9377063668973145,-1.109762475828853,0,1,-1.4774126271642662,0.06568885462641268,0,1,0,0,1,0,0,0,0,0,0
1,0,1,0,0.22448844287716607,1,1,1,0,0,0,1,0,0,0.888324425334317,0.5176455832542661,-0.031297311737476054,1,1,0.880670918692615,0.05935894677707173,1,0,0,0,0,0,0,0,1,0,0
1,0,1,0,-0.3453918448631497,1,0,1,0,0,1,0,1,1,0.8070247739548323,-0.039111278719000955,0.5079352703082123,1,0,0.8984631207218198,-1.090489913748128,1,0,0,0,0,1,0,1,0,0,0
0,0,0,0,-1.1188008067964355,1,1,0,0,1,0,1,1,1,1.1803394996769556,-0.7833844310057608,0.5079352703082123,0,0,1.2527833593376876,-0.882024948576577,1,0,0,0,0,1,0,0,0,0,1
1,0,0,1,0.8350744654560759,1,0,0,0,0,0,0,0,0,-1.4992306427285067,-0.5471626107407112,-1.109762475828853,1,1,-1.4917014537608229,-0.03751491840699305,0,1,0,1,0,0,0,0,0,1,1
0,0,1,1,-0.8338606629262776,0,0,0,1,0,0,0,0,0,-1.185646273121923,-0.8732922065649856,-0.5705298937831644,1,0,-1.2963922095367821,1.3277036822419015,0,0,0,0,0,0,1,0,0,0,1
1,0,1,0,0.06166550352279012,1,0,0,0,0,0,0,0,0,-1.4892755833759168,-0.7109843189156091,-1.109762475828853,1,1,-1.487898689616322,0.03371164956163744,0,1,0,1,1,0,0,0,1,0,0
1,0,0,1,1.5270719577121736,1,1,1,1,1,1,1,1,1,1.6482272892486831,2.449829059517167,2.1256330164452777,1,0,1.577284762974988,0.7701171710028174,1,0,0,1,0,1,0,0,0,1,0
1,0,0,0,-1.2002122764736234,1,0,0,0,0,0,0,0,0,-1.4677062881119718,-0.9836914077885139,-1.109762475828853,0,0,-1.5144990645913743,0.5932655741759629,0,1,0,0,0,0,1,0,0,0,0
0,0,1,1,0.9164859351332638,1,1,1,0,1,1,1,1,1,0.6693131195773377,1.034933414424447,1.5864004343995892,1,1,0.6535547659057787,0.16094130794326106,0,0,0,1,0,0,0,0,0,1,0
0,1,1,0,0.631545791263106,1,1,1,1,1,1,1,1,0,1.742800353098288,1.3776053388899259,2.1256330164452777,1,0,1.6005548775900318,1.5963027719821816,1,0,0,0,0,1,0,0,1,0,1
0,0,1,1,1.4456604880349857,1,1,0,0,0,0,1,0,1,0.5996277041092083,1.4859422338902804,-0.5705298937831644,1,0,0.6179751424025623,-0.23342535558128255,1,0,1,0,0,1,0,0,0,1,1
0,0,1,0,0.9571916699718578,1,1,0,0,0,0,0,0,0,-1.3482455758808924,-0.4553022260978429,-1.109762475828853,1,0,-1.4032003615108706,0.6842112787617952,0,1,1,0,0,1,0,0,0,1,0
0,0,1,0,-1.0373893371192475,1,1,0,0,0,0,1,0,1,0.7157700632227577,-0.7533274147743948,-0.5705298937831644,1,0,0.604725931243385,1.2676840988628424,1,0,0,0,0,1,0,0,0,0,1
1,0,0,0,0.1023712383613841,1,0,0,1,1,0,1,1,1,1.24172903235126,0.5821694407261254,1.0471678523539008,0,1,1.2793485143040624,-0.4790232268954837,1,0,1,0,0,0,0,0,1,0,1
0,1,0,0,-1.2409180113122174,1,1,0,0,1,0,0,1,1,0.7837963021321224,-0.9302689008371444,-0.031297311737476054,0,0,0.8168453848227566,-0.4105734119578321,1,0,0,0,0,1,0,0,0,0,1
0,0,0,0,-0.4675090493789317,1,0,0,1,1,0,0,1,1,0.8335715988950722,-0.1915025449548172,0.5079352703082123,0,0,0.7865538602540406,0.5190428832797143,1,0,0,0,0,1,0,1,0,0,0
1,0,1,1,0.6722515261016999,0,0,1,0,0,0,0,1,1,-0.8538109613689248,-0.20236256176833997,-0.031297311737476054,1,0,-0.9074418311854738,0.6523033759294162,0,0,0,0,0,1,0,0,0,1,0
1,0,1,1,1.1200146093262338,1,0,0,0,0,0,0,0,0,-1.5025489958460367,-0.49915914248214993,-1.109762475828853,1,1,-1.5080192781264152,0.11379615428138685,0,1,0,1,1,0,0,0,0,1,0
1,1,0,0,-0.019745966154397852,1,1,0,0,1,0,0,0,1,0.5365789948761385,0.14037518098085713,-0.5705298937831644,0,1,0.5596357758080767,-0.28609577410058745,1,0,0,0,1,0,0,0,1,0,0
1,0,1,0,0.8757802002946699,1,1,0,1,1,0,1,1,1,1.3064369181430948,1.3070700781717932,1.0471678523539008,1,0,1.0854731282022572,2.526466319570298,1,0,0,0,0,1,0,0,0,1,1
0,0,1,1,0.590840056424512,0,0,1,1,1,0,1,1,1,-0.16359351292268806,0.20593019156430364,1.5864004343995892,1,1,-0.19954534916984484,0.42362763525076264,0,0,0,1,1,0,0,0,1,0,0
0,0,0,1,-0.30468611002455576,1,0,0,1,0,1,0,0,1,-0.3378070515930122,-0.453261859302575,-0.031297311737476054,1,1,-0.47263763641605755,1.5795293601691427,0,0,1,0,1,0,0,0,1,0,0
1,0,0,0,-1.1595065416350294,1,0,0,0,0,0,0,0,1,-0.6679831867872458,-0.931607205939417,-1.109762475828853,0,1,-0.6911525801501451,0.2917931630047922,0,0,0,0,1,0,0,0,0,0,0
1,0,0,0,1.6084834273893616,1,0,0,0,0,0,0,0,0,-1.4959122896109767,-0.3796550786775874,-1.109762475828853,0,1,-1.4896369051761755,-0.023042386959426762,0,1,0,1,0,0,0,0,0,1,0
0,0,0,0,-1.2816237461508113,1,0,0,0,0,0,0,0,1,0.19478862377055015,-0.9778555199654896,-1.109762475828853,0,0,0.1939586774038893,0.0031493650749470433,1,0,0,0,0,0,1,0,0,0,1
1,0,0,0,-0.5896262538947137,1,1,0,0,0,0,1,0,0,0.642766294637098,-0.33410882634451006,-0.5705298937831644,0,1,0.6783342046427019,-0.4351615873370443,1,0,0,0,0,0,0,1,0,0,0
0,0,0,0,-1.2816237461508113,0,0,0,0,0,0,0,0,1,-1.3200395743818876,-0.9978862176437648,-1.109762475828853,0,0,-1.3165209079172946,0.0031493650749470433,0,0,0,0,0,0,1,0,0,0,0
1,0,1,1,-1.0373893371192475,0,0,1,1,1,0,1,1,0,-0.20175457377428285,-0.8045779183630597,1.5864004343995892,1,0,0.0526244899493332,-2.9520133280163225,0,0,0,0,0,0,1,0,0,0,0
1,0,1,1,1.1200146093262338,1,0,0,0,0,0,0,0,1,-1.459410405318147,-0.45141894735846205,-1.109762475828853,1,1,-1.4480192128168332,-0.08376448963503991,0,1,0,1,0,0,0,0,0,1,0
1,0,0,0,-0.9559778674420595,1,1,0,0,0,0,1,0,1,0.6776090023711627,-0.6760567496890874,-0.5705298937831644,0,0,0.6402826926357058,0.4115268865905025,1,0,0,0,0,1,0,0,0,0,1
1,1,1,0,-0.1418631706701798,1,1,0,0,0,0,0,0,1,-0.4423351747952067,-0.37618864906842253,-1.109762475828853,1,0,-0.5034051648352673,0.725090634379939,0,0,0,0,0,1,0,0,1,0,0
0,0,1,1,0.7536629957788878,1,1,0,0,1,0,0,1,1,0.8368899520126024,0.9896943140820555,-0.031297311737476054,1,0,0.8064485309453123,0.3261285690330498,1,0,1,0,0,1,0,0,0,1,0
1,1,0,0,-1.1595065416350294,0,0,0,0,0,0,0,0,1,-1.3183803978231226,-0.963945922673018,-1.109762475828853,0,1,-1.3008039790448398,-0.16041545375196548,0,0,0,0,0,0,0,0,0,0,1
0,0,0,0,0.18378270803857208,1,0,0,0,0,0,0,0,0,-1.4959122896109767,-0.6648018231732546,-1.109762475828853,0,0,-1.4473537212339453,-0.5148492344532075,0,1,0,1,0,0,1,0,1,0,0
0,0,0,0,0.7129572609402939,1,0,0,0,0,0,0,0,0,-1.4992306427285067,-0.5749379264698421,-1.109762475828853,0,1,-1.4941718365829997,-0.008781245239486096,0,1,1,0,0,0,0,0,0,1,0
1,0,1,1,0.9571916699718578,0,0,0,1,1,0,0,0,1,-0.9566799080123543,-0.14385010754275374,-0.031297311737476054,1,1,-0.9838065226511551,0.34746018117697597,0,0,1,0,1,0,0,0,0,1,0
1,0,1,1,-0.8745663977648716,1,0,0,0,0,0,0,0,0,-1.459410405318147,-0.8916116288665846,-1.109762475828853,1,1,-1.3444955372979317,-1.287875622029453,0,1,0,0,0,0,0,0,0,0,0
1,0,1,1,0.1023712383613841,1,1,0,1,0,0,1,0,1,0.8202981864249524,0.37835215547839524,-0.031297311737476054,1,1,0.8402198850556256,-0.2591041427584541,1,0,0,0,0,0,0,0,1,0,0
1,0,1,1,0.7129572609402939,1,1,0,1,1,0,1,1,1,1.2915043291142099,1.1928753559205083,1.0471678523539008,1,1,1.1719818007976144,1.3470748882363077,1,0,0,0,0,0,0,0,0,1,1
1,0,0,1,-1.2816237461508113,1,1,0,0,0,0,0,0,1,0.3125901594428645,-0.976297820584156,-1.109762475828853,1,0,0.31142204055592,0.0031493650749470433,1,0,0,0,0,1,0,0,0,0,1
1,0,1,1,0.7536629957788878,0,0,1,1,1,0,1,1,0,-0.18682198474539805,0.3138721768623481,1.5864004343995892,1,0,-0.19281726262970977,0.07597061082718189,0,0,1,0,0,1,0,0,0,1,1
0,0,0,0,0.590840056424512,1,1,1,1,0,1,0,1,0,0.3026351000902746,0.5252146858818729,1.0471678523539008,0,0,0.31272445123516046,-0.12745683569047284,0,0,0,1,0,0,1,0,1,0,0
0,1,0,0,-0.019745966154397852,1,0,0,1,0,1,0,0,0,-0.34112540471054226,-0.2058948096612232,-0.031297311737476054,0,1,-0.2563520149615102,-0.9746315004124028,0,0,0,0,0,0,0,0,1,0,0
0,0,1,1,1.4049547531963917,0,0,0,1,1,1,1,1,1,-0.1785261019515731,0.7918226137968799,1.5864004343995892,1,0,-0.12196023539137694,-0.6519715335101036,0,0,0,1,0,1,0,0,0,1,0
0,0,1,1,0.7129572609402939,1,1,1,1,1,1,0,1,1,0.5017362871420736,0.7647493597607444,1.5864004343995892,1,1,0.5262972744458602,-0.3024282023334478,0,0,1,0,0,0,0,0,0,1,0
1,0,0,0,-1.2002122764736234,1,1,0,0,1,0,1,1,1,1.2151822074110203,-0.8780091835647985,0.5079352703082123,0,1,1.1419376504477432,0.8113519992785112,1,0,0,0,0,0,0,0,0,0,1
0,0,0,1,-1.1595065416350294,1,1,0,1,1,0,0,0,0,0.634470411843273,-0.8625638263188995,-0.031297311737476054,1,1,0.6104572925239421,0.25811805324630804,1,0,0,0,0,0,0,0,0,0,1
0,1,1,1,-0.7524491932490895,1,1,0,0,0,0,1,1,1,1.0243769031530463,-0.41818071408071056,-0.031297311737476054,1,0,1.033219044713469,-0.13704905106240614,1,0,0,0,0,1,0,1,0,0,0
1,1,0,0,0.26519417771576004,1,1,0,1,0,0,0,1,0,0.8551408941590172,0.4887732961298298,-0.031297311737476054,0,0,0.7471691211979065,1.2272951132184435,1,0,0,0,0,1,0,0,1,0,0
0,0,1,0,-1.2816237461508113,1,0,1,1,0,0,0,0,1,-0.37762728900337217,-0.9854246225930963,-0.031297311737476054,1,0,-0.37681400270104876,0.0031493650749470433,0,0,0,0,0,0,1,0,0,0,0
1,0,1,0,-0.3453918448631497,1,1,0,0,1,0,1,1,1,1.1985904418233704,0.040572723435978335,0.5079352703082123,1,0,1.1488310403040833,0.5387439679003204,1,0,0,0,0,1,0,1,0,0,1
1,0,1,1,-0.30468611002455576,1,0,0,0,0,1,1,0,0,0.695859944517578,-0.04400377114206257,-0.031297311737476054,1,0,0.7618195896335097,-0.7904286500335063,1,0,0,0,0,1,0,0,1,0,0
1,0,1,0,1.2421318138420157,1,1,1,1,1,1,0,1,0,0.5000771105833088,1.202660340766632,1.5864004343995892,1,1,0.4984758155910005,0.001927592385298277,0,0,1,0,1,0,0,0,0,1,0
1,0,1,0,-1.1188008067964355,1,1,0,1,0,0,0,0,1,0.5432157011111984,-0.8262540731342931,-0.5705298937831644,1,0,0.6062385379318622,-0.7511730935150513,1,0,0,0,0,1,0,0,0,0,1
0,0,0,0,-0.7117434584104956,1,1,0,0,0,0,0,0,1,-0.5252940027334563,-0.7107429852086419,-1.109762475828853,0,0,-0.6496819467744047,1.4643284132620324,0,0,0,0,0,1,0,1,0,0,1
1,0,1,1,-1.0373893371192475,1,0,1,0,0,0,0,0,1,-0.5037247074695115,-0.8635511005746743,-0.5705298937831644,1,0,-0.5826703192109456,0.9350564841055896,0,0,1,0,0,1,0,0,0,0,1
0,0,1,1,1.4049547531963917,1,1,1,0,0,1,1,1,0,1.3860773929638146,2.066766648276546,1.0471678523539008,1,1,1.3129842589308454,0.8038845975410251,1,0,0,1,1,0,0,0,0,1,0
0,0,0,0,-1.2816237461508113,1,0,0,0,0,0,0,0,1,0.14169497389007057,-0.978557581658485,-1.109762475828853,0,0,0.1410174433071996,0.0031493650749470433,1,0,0,0,0,1,0,0,0,0,1
0,0,1,1,-1.2816237461508113,1,0,0,0,0,0,0,0,1,-1.4743429943470319,-0.9999265844390328,-1.109762475828853,1,0,-1.4703813695107997,0.0031493650749470433,0,1,0,0,0,0,1,0,0,0,1
1,0,0,0,-0.9152721326034655,1,0,0,0,0,0,0,1,1,-0.2714399892424126,-0.7881014080055737,-0.5705298937831644,0,1,-0.4835236776771892,2.4758645673406194,0,0,0,0,0,0,0,0,0,0,0
1,0,1,0,0.346605647392948,1,0,0,0,0,0,0,0,1,-1.4992306427285067,-0.6142533812775851,-1.109762475828853,1,0,-1.42280689161446,-0.8388457137643084,0,1,0,1,0,1,0,0,1,0,0
1,0,1,1,1.1200146093262338,1,0,0,1,0,1,1,1,0,0.39886734049864436,0.9849115187985241,1.0471678523539008,1,1,0.35716657564259136,0.471714463714396,0,0,0,1,0,0,0,0,0,1,0
1,0,1,0,-0.4268033145403377,1,1,0,0,0,0,0,1,1,0.6693131195773377,-0.1867636285270982,-0.5705298937831644,1,0,0.6693769756414941,-0.023090980191405996,1,0,0,0,0,1,0,1,0,0,1
0,1,0,0,-0.9966836022806536,1,0,0,0,1,0,0,0,1,0.3026351000902746,-0.7455827967235391,-0.5705298937831644,0,1,0.3335498219947709,-0.3696822072511029,1,0,0,0,0,0,0,0,0,0,0
0,0,0,0,-0.9152721326034655,1,1,0,1,0,0,0,0,1,0.5017362871420736,-0.6444200946484816,-0.5705298937831644,0,1,0.5999517663828804,-1.1591229945892334,1,0,0,0,0,0,0,0,0,0,1
0,1,1,0,1.2828375486806096,1,0,1,1,1,0,0,1,0,1.064197140563406,1.8128835885470804,1.0471678523539008,1,1,1.1761116306605477,-1.337240271561769,1,0,1,0,0,0,0,0,0,1,0
1,1,1,0,-0.8338606629262776,1,1,0,1,0,0,1,1,1,1.2085455011759603,-0.4742359523808129,0.5079352703082123,1,0,1.2112851524025219,-0.0722187377178484,1,0,0,0,0,1,0,0,0,0,1
0,0,1,1,0.590840056424512,1,1,1,1,0,1,1,1,1,0.6759498258123978,0.7932925554665892,1.5864004343995892,1,1,0.7428367779821381,-0.8005496070332632,0,0,0,1,1,0,0,0,1,0,0
0,0,1,0,-0.3453918448631497,1,0,0,1,0,0,1,1,1,0.14999085668389553,-0.3006950776435098,0.5079352703082123,1,1,0.07656424815042201,0.8490360506749116,0,0,0,0,0,0,0,1,0,0,0
0,0,1,1,-1.2409180113122174,1,0,0,0,0,0,0,0,1,0.2229946252695553,-0.9493562031154571,-1.109762475828853,1,0,0.09717548382087818,1.4559898146551697,1,0,0,0,0,1,0,0,0,0,0
0,0,0,0,-0.22327464034736777,1,1,0,0,0,0,1,1,1,1.0177401969179862,0.12984425558592597,-0.031297311737476054,0,1,1.0317659618993074,-0.1971195416368722,1,0,0,0,0,0,0,0,1,0,0
1,0,0,0,-0.4268033145403377,0,0,0,1,1,0,0,1,1,-0.7028258945213105,-0.6124324087613783,0.5079352703082123,0,1,-0.7896653879152925,1.0335202558669405,0,0,1,0,0,0,0,1,0,0,1
0,0,1,0,1.6084834273893616,1,1,1,1,1,0,1,1,1,1.517152341106249,2.5301931839372354,1.5864004343995892,1,1,1.5579537282778517,-0.5252291428021815,1,0,0,1,1,0,0,0,0,1,0
1,0,1,0,-1.2409180113122174,1,0,0,1,0,1,0,1,1,-0.024222681986428636,-0.9458897735062922,0.5079352703082123,1,0,0.22787415549708148,-2.9313959138784784,0,0,0,0,0,0,1,0,0,0,0
1,0,0,0,-0.2639803751859618,1,1,0,0,0,0,0,1,1,0.6311520587257433,-0.01980458216162716,-0.5705298937831644,0,0,0.720062191239745,-1.0552112273344796,1,0,0,0,0,1,0,0,1,0,1
1,0,0,0,-1.2409180113122174,1,1,1,0,0,0,0,1,0,0.8568000707177821,-0.932243449348694,-0.031297311737476054,0,0,0.7423967743742864,1.3020464557592502,1,0,0,0,0,0,1,0,0,0,0
0,1,0,0,-1.2816237461508113,1,0,0,0,0,0,0,0,1,-1.5091857020810966,-1.000387312425061,-1.109762475828853,0,0,-1.5051240543867523,0.0031493650749470433,0,1,0,0,0,1,0,0,0,0,1
1,0,0,0,-0.22327464034736777,1,1,0,0,1,1,0,0,0,-0.18184445506910288,-0.3017481701830028,-0.031297311737476054,0,0,-0.17362750702440075,-0.089501730556855,0,0,0,0,0,1,0,0,1,0,0
1,1,0,0,-1.2816237461508113,1,1,0,0,0,0,1,1,1,0.9646465470375066,-0.9676756254170562,-0.031297311737476054,0,0,0.9616065718058932,0.0031493650749470433,1,0,0,0,0,1,0,0,0,0,1
1,0,0,0,0.7943687306174818,1,0,0,0,0,0,0,0,0,-1.457751228759382,-0.5230950583277122,-1.109762475828853,0,1,-1.444165277626381,-0.1093477048874551,0,1,0,1,0,0,0,0,0,1,0
0,0,1,0,-0.6710377235719016,1,0,0,1,0,0,1,1,1,0.9862158423014517,-0.3677858481803836,0.5079352703082123,1,1,0.8729920452026447,1.2840062183886347,1,0,0,0,0,0,0,1,0,0,0
0,0,0,0,-1.0780950719578415,1,0,0,0,0,0,0,0,0,-1.5025489958460367,-0.9576493068639654,-1.109762475828853,0,1,-1.5042968476039917,0.07049958459191118,0,1,0,1,1,0,0,0,0,0,0
1,1,0,0,-0.22327464034736777,1,1,0,1,0,0,0,0,1,0.5481932307874936,-0.07779049011746672,-0.5705298937831644,0,0,0.4518633698957505,1.1021338994152456,1,0,0,0,0,1,0,0,1,0,1
0,0,1,1,-0.38609757970174374,1,0,0,0,0,0,0,0,0,-1.4892755833759168,-0.8267806194040397,-1.109762475828853,1,0,-1.551519565245944,0.7737028082441857,0,1,1,0,0,0,1,1,0,0,0
1,0,0,1,-1.2816237461508113,1,0,0,0,0,0,0,0,0,-1.5058673489635668,-1.0003434335692487,-1.109762475828853,1,0,-1.5018152272557093,0.0031493650749470433,0,1,0,0,0,0,1,0,0,0,0
1,0,0,1,-0.019745966154397852,1,0,0,0,0,0,0,0,0,-1.4743429943470319,-0.7031738825810351,-1.109762475828853,1,0,-1.4281938235899998,-0.48754509140578917,0,1,0,1,0,0,1,0,1,0,0
0,0,1,0,1.5677776925507676,1,1,0,0,0,0,0,0,1,-1.2934927494416477,-0.21826864700026724,-1.109762475828853,1,1,-1.3089478880751184,0.2229522947661237,0,1,0,1,1,0,0,0,0,1,0
0,0,0,0,-0.6303319887333076,1,0,0,0,0,0,0,0,0,-1.5108448786398618,-0.8518135066449073,-1.109762475828853,0,0,-1.4517935465099396,-0.636394736220593,0,1,0,1,0,0,1,1,0,0,0
0,1,0,0,0.590840056424512,1,1,0,1,1,0,0,0,1,0.6726314726948681,0.7327836133015472,-0.031297311737476054,0,1,0.6457543819457874,0.2901554676973932,1,0,0,0,0,0,0,0,1,0,1
1,0,0,0,-0.10115743583158582,1,1,1,1,1,0,0,0,0,0.8451858348064274,0.22874719658665452,0.5079352703082123,0,1,0.9623234843509527,-1.390679463595173,1,0,1,0,0,0,0,0,1,0,0
1,0,1,0,-0.9966836022806536,1,0,1,0,0,0,0,0,0,0.3341594547068096,-0.7311905320171332,-0.5705298937831644,1,0,0.4692117343675391,-1.5819861585564545,1,0,0,0,0,1,0,0,0,0,1
0,0,1,1,0.020959768684196134,1,0,0,0,0,0,0,0,0,-1.497571466169742,-0.7275047081289073,-1.109762475828853,1,1,-1.5056253918308498,0.1436809919458407,0,1,0,1,1,0,0,0,1,0,0
0,0,1,1,-0.7931549280876836,1,0,0,0,0,0,1,1,0,0.7771595958970623,-0.4723711010087938,-0.031297311737476054,1,0,0.9636427731173043,-2.194984173006183,1,0,0,0,0,1,0,1,0,0,1
1,0,0,0,-1.1188008067964355,1,0,0,1,0,0,0,0,1,0.32254521879545484,-0.8405805195569807,-0.5705298937831644,0,0,0.39017212627474607,-0.7973561011838174,1,0,0,0,0,1,0,0,0,0,0
1,0,0,0,-1.2816237461508113,1,0,0,0,0,0,0,0,0,-1.4909347599346818,-1.000145978718094,-1.109762475828853,0,0,-1.4869255051660153,0.0031493650749470433,0,1,0,0,0,0,1,0,0,0,0
0,0,1,1,1.6084834273893616,0,0,1,1,1,1,1,1,1,0.008960849188871207,1.0904401670268968,2.1256330164452777,1,1,0.05004767516970128,-0.478190894250652,0,0,0,1,1,0,0,0,0,1,0
0,1,0,0,-0.7117434584104956,1,1,0,0,0,1,0,0,0,-0.3295111687991873,-0.6767149325262706,-0.5705298937831644,0,1,-0.4786155840994752,1.745275043247078,0,0,0,0,1,0,0,1,0,0,1
1,0,0,0,-1.2816237461508113,1,0,0,0,0,0,0,0,1,0.14667250356636527,-0.9784917633747667,-1.109762475828853,0,0,0.145980684003764,0.0031493650749470433,1,0,0,0,0,1,0,0,0,0,1
1,0,0,0,0.346605647392948,1,0,0,1,0,1,1,0,1,0.8169798333074222,0.6276498747754845,0.5079352703082123,0,0,0.8613329691151351,-0.543161823202029,1,0,1,0,0,1,0,0,1,0,0
0,1,0,0,1.5677776925507676,1,1,1,1,0,1,1,0,1,1.152133498177951,2.142128583134022,1.0471678523539008,0,1,1.1980012988793611,-0.5719700144622653,1,0,1,0,1,0,0,0,0,1,0
0,0,0,0,-1.2409180113122174,1,0,0,0,0,0,0,0,1,-0.6530505977583607,-0.9763636388678745,-1.109762475828853,0,0,-0.9211160657576417,3.1397453025792634,0,0,0,0,0,0,1,0,0,0,0
1,0,0,0,-0.9152721326034655,1,0,0,0,0,0,0,0,1,-0.6430955384057709,-0.8322654763805664,-1.109762475828853,0,0,-0.816557128416679,2.0390502864734517,0,0,0,0,0,1,0,0,0,0,1
1,0,1,0,0.9571916699718578,1,1,1,1,1,0,0,0,1,0.9364405455385019,1.2964513950652377,0.5079352703082123,1,0,0.955668408829646,-0.2549119352170896,1,0,1,0,0,1,0,0,0,1,0
0,1,0,0,-1.2816237461508113,1,0,0,0,0,0,0,0,1,0.16658262227154547,-0.9782284902398936,-1.109762475828853,0,0,0.165833646790023,0.0031493650749470433,1,0,0,0,0,1,0,0,0,0,1
0,0,1,1,1.2828375486806096,1,1,1,1,1,1,1,1,1,0.8518225410414869,1.543708747567059,2.1256330164452777,1,0,0.8589553801076725,-0.11140614222846133,0,0,0,1,0,0,1,0,0,1,0
1,1,1,0,1.2421318138420157,1,1,1,1,1,0,1,1,0,1.4458077490793544,2.0590439696535965,1.5864004343995892,1,1,1.52352945236193,-0.9522768782314603,1,0,0,1,1,0,0,0,0,1,0
1,0,0,0,-1.2816237461508113,1,0,0,0,0,0,0,0,0,-1.5141632317573919,-1.0004531307087794,-1.109762475828853,0,1,-1.510087295083317,0.0031493650749470433,0,1,0,0,1,0,0,0,0,0,0
0,1,0,0,-0.6710377235719016,1,1,1,0,0,0,0,0,1,-0.3593763468569571,-0.6188387217099613,-0.5705298937831644,0,0,-0.31022385668880587,-0.5597060408882505,0,0,0,0,0,1,0,1,0,0,0
0,0,1,1,-0.2639803751859618,1,0,1,1,0,0,0,0,0,0.5647849963751436,-0.10060749513981757,-0.031297311737476054,1,0,0.4857081465545187,0.900905587867,1,0,0,0,0,1,0,0,1,0,0
1,0,1,0,1.5677776925507676,1,1,1,1,0,1,0,0,0,0.007301672630106309,1.0453765821077539,0.5079352703082123,1,1,0.0331543391550965,-0.30094297415254734,0,0,0,1,0,0,0,0,0,1,0
1,0,1,1,1.4456604880349857,1,1,1,1,1,1,1,1,1,0.7937513614847123,1.682036840515061,2.1256330164452777,1,1,0.8354332078236165,-0.5113157571176618,0,0,0,1,1,0,0,0,0,1,0
1,0,0,0,-0.5489205190561197,1,1,0,0,1,1,0,0,0,-0.1785261019515731,-0.5066843662539445,-0.031297311737476054,0,0,-0.1553838081157159,-0.26321315722522465,0,0,0,0,0,1,0,1,0,0,0
0,0,0,0,0.631545791263106,1,1,0,0,0,0,0,0,0,-1.3399496930870676,-0.48064226532939597,-1.109762475828853,0,1,-1.318761259620605,-0.20170755262248433,0,1,1,0,0,0,0,0,1,0,0
1,0,1,0,1.5677776925507676,1,1,1,1,1,1,1,1,0,0.850163364482722,1.801080176333595,2.1256330164452777,1,1,0.835777934428197,0.13893391227011162,0,0,0,1,0,0,0,0,0,1,0
1,1,1,1,1.6084834273893616,1,1,1,1,1,1,1,1,1,1.686388350100278,2.6765291680709664,2.1256330164452777,1,1,1.711216762750474,-0.3450940318718907,1,0,0,1,1,0,0,0,0,1,0
1,0,0,0,-0.6303319887333076,1,1,1,1,1,1,1,0,1,1.3844182164050498,-0.27522340184452004,1.5864004343995892,0,1,1.1058325073413608,3.194078252777825,1,0,0,0,0,0,0,1,0,0,0
1,0,1,1,0.26519417771576004,1,1,0,0,0,0,0,0,0,-1.3183803978231226,-0.5754205938837764,-1.109762475828853,1,0,-1.31049714570437,-0.04767167968876944,0,1,0,1,0,0,1,0,1,0,0
0,0,0,0,-0.7931549280876836,1,0,0,0,0,0,0,0,0,-1.4842980536996218,-0.889022776373664,-1.109762475828853,0,0,-1.453200920945768,-0.3121384757407305,0,1,1,0,0,0,1,1,0,0,0
1,0,0,0,0.590840056424512,1,1,0,1,1,0,1,1,1,1.266616680732735,1.1364471473460025,1.0471678523539008,0,0,1.2934044924145363,-0.3538682119389927,1,0,1,0,0,1,0,0,1,0,0
1,0,0,0,0.1023712383613841,1,0,0,0,0,0,0,0,0,-1.442818639730497,-0.6993783615532787,-1.109762475828853,0,1,-1.4817731886333911,0.501266090645308,0,1,0,1,0,0,0,0,1,0,0
1,0,0,0,-0.9559778674420595,1,0,0,0,1,0,1,1,1,0.9663057235962715,-0.6527790166807083,0.5079352703082123,0,0,0.8353196696377475,1.4912685010688127,1,0,0,0,0,1,0,0,0,0,0
1,0,0,0,0.8757802002946699,1,1,1,1,0,1,1,1,1,1.4292159834917044,1.5187855574657216,1.5864004343995892,0,1,1.38112295981861,0.5116613399464148,1,0,0,1,1,0,0,0,0,1,0
0,0,1,1,1.6084834273893616,1,1,1,1,1,1,1,1,0,0.8236165395424823,1.885283700637232,2.1256330164452777,1,1,0.8825164121874872,-0.7125803486807226,0,0,0,1,1,0,0,0,0,1,0
1,0,0,1,1.5677776925507676,1,1,1,1,0,0,0,0,1,0.680927355488693,1.6365125276098897,-0.031297311737476054,1,1,0.6609926364707716,0.20912991571032888,1,0,1,0,1,0,0,0,0,1,0
0,0,0,0,0.6722515261016999,1,0,0,0,1,1,1,1,1,0.31590851256039476,0.6242053845942258,1.0471678523539008,0,1,0.3645996194476845,-0.5768872193364544,0,0,0,1,0,0,0,0,0,1,0
0,1,1,0,0.8757802002946699,1,0,0,0,0,0,0,0,1,-1.5257774676687466,-0.5564868676008065,-1.109762475828853,1,0,-1.5168887730749057,-0.05244129230413336,0,1,0,1,0,0,1,0,0,1,0
1,1,0,0,-0.5489205190561197,1,0,1,0,0,0,0,1,1,0.7423168881629976,-0.2904932436671702,-0.031297311737476054,0,0,0.7026473116026765,0.4366214545976599,1,0,0,0,0,1,0,1,0,0,0
0,0,1,0,1.6084834273893616,1,1,1,1,1,1,1,1,1,0.911552897157027,1.968741284392062,2.1256330164452777,1,0,0.9699245955658767,-0.7093731953703939,0,0,0,1,0,1,0,0,0,1,0
1,0,0,0,-0.3453918448631497,1,1,0,0,1,0,1,0,1,0.8269348926600121,-0.05892258211821505,-0.031297311737476054,0,0,0.8362158103190718,-0.13556001559690029,1,0,0,0,0,0,1,1,0,0,1
1,0,0,0,-1.2002122764736234,0,0,1,0,1,1,0,0,0,-0.7824663693420301,-0.9618616770219379,0.5079352703082123,0,0,-0.965785232026724,2.1583563896177913,0,0,0,0,0,0,1,0,0,0,0
0,0,1,0,-1.2816237461508113,1,0,0,0,0,0,0,0,1,-1.480979700582092,-1.000014342150657,-1.109762475828853,1,1,-1.4769990237728858,0.0031493650749470433,0,1,0,0,0,0,0,0,0,0,0
1,0,0,0,-0.8745663977648716,1,0,0,0,0,0,0,0,0,-0.6547097743171256,-0.7930377792844477,-1.109762475828853,0,1,-0.6687427963989894,0.18508242558830532,0,0,0,0,1,0,0,0,0,0,0
0,0,0,0,1.0386031396490458,1,1,0,0,0,0,0,0,1,-1.3349721634107725,-0.3424019300930184,-1.109762475828853,0,1,-1.2821205155031739,-0.5701569370201941,0,1,0,1,1,0,0,0,0,1,0
1,0,0,0,-1.2409180113122174,1,0,0,0,0,0,0,0,0,-1.4909347599346818,-0.9945733640299429,-1.109762475828853,0,0,-1.607697695449089,1.4078825150001928,0,1,0,0,0,0,1,0,0,0,0
1,0,0,0,1.6084834273893616,0,0,1,1,1,1,1,1,1,0.020575085100225963,1.1005323038637058,2.1256330164452777,0,1,0.06061753961608897,-0.46643133211277094,0,0,0,1,0,0,0,0,0,1,0
1,0,1,0,1.1200146093262338,1,1,0,1,1,0,1,0,1,1.0227177265942813,1.510997060559054,0.5079352703082123,1,0,1.0183529571032823,0.01661940897834397,1,0,0,0,0,1,0,0,0,1,1
0,1,1,0,1.6084834273893616,1,1,1,0,0,0,0,0,0,0.450301813820359,1.4492814498591762,-0.5705298937831644,1,1,0.4258752901373489,0.26907582705661237,1,0,0,1,0,0,0,0,0,1,0
0,0,0,0,-1.1595065416350294,1,1,0,0,0,0,0,0,1,0.35572874997075465,-0.87625402933231,-1.109762475828853,0,0,0.35236877630257896,0.027203014902434135,1,0,0,0,0,1,0,0,0,0,0
0,1,0,0,-1.2816237461508113,1,1,0,0,0,0,0,0,1,0.31590851256039476,-0.9762539417283439,-1.109762475828853,0,0,0.31473086768696334,0.0031493650749470433,1,0,0,0,0,0,1,0,0,0,1
1,0,0,0,-0.9152721326034655,1,0,0,0,0,0,1,1,1,0.8153206567486573,-0.6302033453653246,-0.031297311737476054,0,0,0.7071577654286773,1.2308476522698875,1,0,0,0,0,1,0,0,0,0,1
1,1,0,0,0.18378270803857208,1,1,0,0,1,0,1,1,1,1.2002496183821352,0.633924551156631,0.5079352703082123,0,0,1.199529128079953,-0.031695922242711505,1,0,0,0,0,1,0,0,1,0,1
1,0,1,0,-1.1595065416350294,0,0,0,1,0,0,1,1,1,-0.5435449448798714,-0.9207252496979881,0.5079352703082123,1,0,-0.4860052980254716,-0.651109910232703,0,0,0,0,0,1,0,0,0,0,1
1,0,0,0,-1.2409180113122174,1,1,0,0,0,0,0,0,1,0.27608827515003487,-0.951418509338631,-1.109762475828853,0,1,0.019418046241365058,2.97618048375235,1,0,0,0,1,0,0,0,0,0,1
0,1,1,0,-1.2816237461508113,1,0,0,0,0,0,0,0,1,-1.462728758435677,-0.9997730084436901,-1.109762475828853,1,0,-1.4588004745521486,0.0031493650749470433,0,1,0,0,0,0,1,0,0,0,1
0,0,1,0,-0.1418631706701798,1,1,0,0,0,0,0,0,1,0.33250027814804467,-0.06594319904816916,-1.109762475828853,1,0,0.3033211189592287,0.3282883558464941,1,0,0,0,0,1,0,0,1,0,0
1,0,0,0,0.020959768684196134,1,0,1,0,0,1,1,0,1,0.7970697146022425,0.3195764281179358,0.5079352703082123,0,0,0.8870576938686036,-1.0732879096290815,1,0,0,1,0,1,0,0,1,0,0
0,1,0,0,1.0793088744876398,1,1,0,0,1,0,1,1,1,1.1471559685016557,1.5755428574588197,0.5079352703082123,0,0,1.1545280180904414,-0.12404959672464795,1,0,1,0,0,1,0,0,0,1,0
1,0,1,0,-1.1188008067964355,1,1,1,0,0,0,0,1,1,0.8037064208373025,-0.8275923782365656,-0.031297311737476054,1,0,0.5860546924324992,2.504728947133605,1,0,0,0,0,1,0,0,0,0,0
0,1,0,0,-0.7524491932490895,1,1,0,1,0,0,0,0,1,0.46523440284924406,-0.5254425771136657,-0.5705298937831644,0,0,0.45547419315383286,0.09798947010904262,1,0,0,0,0,1,0,1,0,0,1
1,1,1,1,-0.9966836022806536,1,0,0,0,0,0,1,0,1,0.5150096996121938,-0.7529105656441787,-0.5705298937831644,1,1,0.2644780556342461,2.8968034393216433,1,0,0,0,1,0,0,0,0,0,1
1,0,0,1,0.590840056424512,1,0,0,0,0,0,0,0,0,-1.472683817788267,-0.5644070010749109,-1.109762475828853,1,1,-1.4354978834803345,-0.3833467274722495,0,1,1,0,1,0,0,0,1,0,0
0,0,1,1,-0.6303319887333076,1,1,0,0,1,0,1,0,0,0.7738412427795325,-0.3680052424594447,-0.031297311737476054,1,0,0.6942728033066152,0.8996430433511714,1,0,0,0,0,1,0,1,0,0,1
1,0,1,1,1.6084834273893616,1,1,0,1,1,0,1,1,1,1.2765717400853254,2.226112713158598,1.0471678523539008,1,0,1.2394791169149515,0.38880955064232814,1,0,0,1,0,1,0,0,0,1,1
1,0,0,0,-1.2409180113122174,0,0,0,0,0,0,0,0,1,-1.3233579274994176,-0.9841960146303544,-1.109762475828853,0,0,-1.2164288872032403,-1.1995331262994078,0,0,0,0,0,1,0,0,0,0,1
1,0,1,0,1.1200146093262338,1,1,0,1,1,0,1,1,0,1.2467065620275553,1.6929626756123022,1.0471678523539008,1,1,1.2470480589772133,-0.04559936524209835,1,0,1,0,0,0,0,0,0,1,0
1,1,0,0,-0.5896262538947137,1,1,0,1,0,0,0,0,1,0.5183280527297236,-0.3895058818074292,-0.5705298937831644,0,1,0.44625674614592764,0.8209734592095027,1,0,0,0,1,0,0,1,0,0,0
1,0,0,0,-0.30468611002455576,1,0,1,0,0,0,0,0,0,0.3109309828840996,-0.15229678728660478,-0.5705298937831644,0,1,0.4351721752569329,-1.4554639604638728,1,0,0,0,0,0,0,0,1,0,0
0,0,1,0,1.5677776925507676,1,1,1,1,1,1,1,1,0,0.7638861834269426,1.784120998562175,2.1256330164452777,1,1,0.8177657980035752,-0.6521940183939421,0,0,0,1,0,0,0,0,0,1,0
1,0,0,0,-1.2816237461508113,1,0,0,0,0,0,0,0,0,-1.4544328756418519,-0.9996633113041596,-1.109762475828853,0,0,-1.4505284067245408,0.0031493650749470433,0,1,0,0,0,0,1,0,0,0,0
0,0,1,1,1.5677776925507676,1,0,0,0,0,0,0,0,0,-1.5008898192872717,-0.3876629698633163,-1.109762475828853,1,1,-1.4888595379257095,-0.08981290975128425,0,1,0,1,1,0,0,0,0,1,0
1,1,0,0,1.4049547531963917,1,1,0,0,0,0,0,0,1,0.35738792652951956,1.2117213244918543,-1.109762475828853,0,0,0.35063411133275973,0.06662227984359774,1,0,0,0,0,0,1,0,0,1,0
0,1,1,0,1.6084834273893616,1,1,1,1,1,1,1,1,1,1.686388350100278,2.6960771983353076,2.1256330164452777,1,1,1.731690130623804,-0.5832251651640207,1,0,0,1,1,0,0,0,0,1,0
0,0,0,0,0.346605647392948,0,0,0,1,0,0,0,1,1,-0.8156499005173299,-0.2727003676353178,-0.031297311737476054,0,0,-0.7946139553208104,-0.2174402040746897,0,0,0,0,0,1,0,0,1,0,0
1,0,0,0,-0.3453918448631497,1,1,0,1,0,0,1,0,1,0.850163364482722,-0.007364926538864564,-0.031297311737476054,0,1,0.9982104719430577,-1.7503617073488642,1,0,0,0,1,0,0,1,0,0,1
1,0,0,1,0.8757802002946699,1,1,0,1,0,0,0,0,1,-0.3295111687991873,0.34809768439587435,-0.5705298937831644,1,1,-0.25368274122269396,-0.8709780871743258,0,0,0,0,1,0,0,0,0,1,1
0,0,1,1,-0.38609757970174374,0,0,1,0,0,1,0,0,0,-1.006455204775304,-0.6519891972760884,-0.031297311737476054,1,0,-0.9784450923541932,-0.2921876223721115,0,0,0,1,0,0,1,1,0,0,0
1,0,1,1,-0.7931549280876836,1,0,0,0,0,0,1,1,1,-0.005971739840013817,-0.6239506084120843,-0.031297311737476054,1,0,0.0843855943335768,-1.0507705535201788,0,0,1,0,0,1,0,1,0,0,0
0,0,0,0,1.3235432835192036,1,1,0,1,1,0,1,0,1,1.0144218438004564,1.6913172185193444,0.5079352703082123,0,0,0.9839284286822381,0.32080556525825027,1,0,1,0,0,1,0,0,0,1,0
1,0,1,1,0.9164859351332638,1,0,0,0,0,0,0,0,0,-1.4743429943470319,-0.4920507678405714,-1.109762475828853,1,0,-1.4400304006451403,-0.3498707465750092,0,1,0,1,0,0,1,0,0,1,0
1,0,0,0,0.46872285190873,1,0,0,0,0,0,0,0,0,-1.5075265255223318,-0.6423139095694954,-1.109762475828853,0,1,-1.5203897795595196,0.19995195457256884,0,1,1,0,1,0,0,0,1,0,0
0,0,1,0,1.4456604880349857,0,0,1,0,1,0,1,1,1,-0.34942128750436724,0.6249732645709395,1.0471678523539008,1,0,-0.3367917921821816,-0.13522986746200805,0,0,1,0,0,1,0,0,0,1,0
0,0,0,0,-0.7117434584104956,1,1,0,0,0,0,0,0,0,-0.5335898855272813,-0.7318706542822225,-1.109762475828853,0,0,-0.7558952976808887,2.603509269091819,0,0,0,0,0,0,1,1,0,0,0
1,0,1,1,-0.7931549280876836,1,0,1,0,0,0,0,1,0,0.634470411843273,-0.5283166421693656,-0.031297311737476054,1,0,0.6391231891111522,-0.07530253897778152,1,0,0,0,0,1,0,1,0,0,1
1,0,1,1,0.020959768684196134,1,0,0,0,0,0,0,0,1,-1.5091857020810966,-0.745538917867727,-1.109762475828853,1,1,-1.5468353297356596,0.4883041931105659,0,1,1,0,0,0,0,0,1,0,0
1,0,0,0,-1.2816237461508113,1,0,0,1,0,0,0,0,1,-0.49045129499939155,-0.9869165036907116,-0.5705298937831644,0,0,-0.4893141251565148,0.0031493650749470433,0,0,0,0,0,0,1,0,0,0,0
1,0,1,0,-0.30468611002455576,1,1,0,0,1,0,0,0,0,-0.3112602266527725,-0.39229218915150477,-0.5705298937831644,1,1,-0.28873302447268095,-0.25162689389779586,0,0,0,0,1,0,0,0,1,0,0
0,0,0,0,-0.8745663977648716,1,0,0,1,1,1,0,1,1,0.9712832532725666,-0.570177070614217,1.0471678523539008,0,0,0.8590329307435561,1.27318207596627,1,0,0,0,0,1,0,0,0,0,0
1,0,1,0,-1.1188008067964355,1,1,0,1,0,0,0,0,1,0.458597696614184,-0.8280969850784061,-0.5705298937831644,1,0,0.5784443900310999,-1.4092809527950958,1,0,0,0,0,1,0,0,0,0,1
0,0,1,1,0.7943687306174818,1,0,0,0,0,0,0,0,0,-1.4876164068171518,-0.5355785928062868,-1.109762475828853,1,1,-1.4622683799106457,-0.24515831237495722,0,1,0,1,0,0,0,0,0,1,0
0,1,1,0,-0.4675090493789317,1,1,0,1,1,0,0,1,0,0.22465380182832018,-0.3520333389437992,0.5079352703082123,1,1,0.21010890506731417,0.1616743715570536,0,0,1,0,0,0,0,1,0,0,0
1,0,0,0,0.26519417771576004,1,1,1,1,0,0,1,1,1,1.376122333611225,0.7640692374956553,1.0471678523539008,0,0,1.2794660806893046,1.0782858363384233,1,0,0,0,0,1,0,0,1,0,0
1,0,0,0,-1.2409180113122174,1,0,0,0,0,0,0,0,1,-1.4942531130522119,-0.9941345754718208,-1.109762475828853,0,1,-1.5911535597938735,1.176967476656316,0,1,0,0,1,0,0,0,0,0,0
0,0,0,0,0.346605647392948,1,0,0,0,0,0,0,0,0,0.17653768162413533,0.2495457742416436,-1.109762475828853,0,1,0.16591434989078008,0.11766820522922683,1,0,0,0,0,0,0,0,1,0,1
0,0,1,1,-1.1188008067964355,1,1,0,0,0,0,0,0,1,-1.3482455758808924,-0.9508919630688846,-1.109762475828853,1,0,-1.273506155213734,-0.8242961889906085,0,1,0,0,0,0,1,0,0,0,0
1,0,0,0,-0.3453918448631497,1,1,0,1,0,0,0,0,1,0.5083729933771337,-0.19211684893618822,-0.5705298937831644,0,0,0.41771811214068033,1.0374563076568921,1,0,0,0,0,1,0,1,0,0,1
1,0,0,0,-1.2816237461508113,1,0,0,0,0,0,0,0,0,-1.4842980536996218,-1.0000582210064695,-1.109762475828853,0,0,-1.480307850903929,0.0031493650749470433,0,1,0,0,0,0,1,0,0,0,1
0,0,0,0,-1.0373893371192475,1,0,0,0,0,0,1,0,1,0.46689357940800896,-0.7794572734105677,-0.5705298937831644,0,0,0.323239280309646,1.6552914846543416,1,0,0,0,0,1,0,0,0,0,1
0,0,0,0,0.30589991255435406,1,1,0,1,1,0,1,0,1,0.9447364283323268,0.6393435898494393,0.5079352703082123,0,1,0.9586286273879542,-0.19312841751734414,1,0,0,0,0,0,0,0,1,0,0
1,0,1,1,-0.5489205190561197,1,0,0,1,0,1,1,1,0,1.1637477340893057,-0.18020373958317232,1.0471678523539008,1,1,1.1403703112804071,0.2330516181629251,1,0,1,0,0,0,0,1,0,0,1
1,0,0,0,-0.38609757970174374,1,0,0,0,0,0,0,0,0,-1.4760021709057967,-0.797820574567979,-1.109762475828853,0,0,-1.4565706127899238,-0.17673010320017454,0,1,1,0,0,0,1,1,0,0,0
0,0,0,0,-1.2816237461508113,1,0,0,0,0,0,0,0,1,-0.6513914211995958,-0.9890446281976039,-1.109762475828853,0,0,-0.6497922410121061,0.0031493650749470433,0,0,0,0,0,0,1,0,0,0,1
0,0,0,0,-0.7117434584104956,0,0,0,1,0,0,0,1,1,-0.8670843738390448,-0.7443322493328911,-0.031297311737476054,0,0,-0.818542424695305,-0.5356523910607661,0,0,0,1,0,0,1,1,0,0,0
1,1,0,0,-1.2816237461508113,1,1,0,0,1,0,1,0,1,0.7920921849259474,-0.9699573259192912,-0.031297311737476054,0,0,0.7895475609916508,0.0031493650749470433,1,0,0,0,0,1,0,0,0,0,1
1,1,0,0,1.2421318138420157,1,1,1,1,1,0,1,1,1,1.4756729271371243,2.076398057127327,1.5864004343995892,0,1,1.544301533795701,-0.8475098700939596,1,0,0,0,0,0,0,0,0,1,0
1,0,0,0,-1.2816237461508113,1,0,0,1,0,0,0,0,1,0.3125901594428645,-0.976297820584156,-0.5705298937831644,0,0,0.31142204055592,0.0031493650749470433,1,0,0,0,0,1,0,0,0,0,1
1,0,0,0,-1.1595065416350294,1,0,0,0,0,0,0,0,0,-0.6762790695810708,-0.912059175675076,-1.109762475828853,0,0,-0.3226319584302176,-4.090781835563358,0,0,0,0,0,0,1,0,0,0,0
0,0,1,1,0.387311382231542,1,0,0,0,0,0,1,0,1,0.4320508716739442,0.4759387308047574,-0.5705298937831644,1,1,0.517278357065817,-1.0057294334036526,1,0,0,0,1,0,0,0,1,0,1
0,0,1,1,-0.22327464034736777,1,0,1,1,1,1,0,0,0,0.04048520380540615,-0.1864345371085066,1.0471678523539008,1,0,0.148431667063796,-1.2569055355175585,0,0,1,0,0,0,1,0,1,0,0
1,0,1,1,1.5677776925507676,1,1,1,1,1,1,1,1,1,1.696343409452868,2.631926311137852,2.1256330164452777,1,1,1.7182095080380768,-0.3109709746440124,1,0,0,1,0,0,0,0,0,1,0
1,1,1,0,-1.0373893371192475,1,1,1,1,0,0,0,1,1,0.9878750188602166,-0.7135731714085297,0.5079352703082123,1,1,1.0329826999183946,-0.5576442994744658,1,0,0,0,1,0,0,0,0,0,1
0,0,0,0,-0.5082147842175256,1,0,0,0,0,0,0,0,1,-1.5075265255223318,-0.8277020753760961,-1.109762475828853,0,1,-1.465418128814235,-0.439437791750815,0,1,0,0,0,0,0,1,0,0,0
1,0,0,0,0.46872285190873,1,0,0,1,0,1,1,1,0,1.1819986762357204,0.9209361470243171,1.0471678523539008,0,0,1.1587449882611096,0.2310030298044163,1,0,0,0,0,1,0,0,1,0,1
0,0,1,1,0.7943687306174818,1,0,0,0,0,0,0,0,0,-1.5042081724048018,-0.5646922136376903,-1.109762475828853,1,1,-1.5044877414769364,0.053477001637074396,0,1,1,0,1,0,0,0,0,1,0
0,0,1,0,-1.0373893371192475,1,0,0,0,1,0,1,0,1,0.7074741804289328,-0.751308987407033,-0.031297311737476054,1,0,0.6264696523902403,0.9185625527953094,1,0,0,0,0,1,0,0,0,0,1
1,0,1,1,0.9571916699718578,1,1,0,1,0,1,1,0,1,1.0625379640046413,1.3746654555505076,0.5079352703082123,1,1,1.0609895581347237,-0.01746804906289435,1,0,0,0,1,0,0,0,0,1,0
1,1,1,0,-0.1825689055087738,1,1,0,1,0,1,1,1,1,1.3562122149060447,0.3065663473696145,1.0471678523539008,1,0,1.3941175467922435,-0.4861705971299336,1,0,0,0,0,1,0,0,1,0,0
0,0,1,1,0.8757802002946699,1,0,0,0,0,0,0,0,1,-1.4793205240233267,-0.529611068415826,-1.109762475828853,1,1,-1.4793580949681666,0.04983126325866434,0,1,0,1,0,0,0,0,0,1,0
1,0,1,1,1.6084834273893616,0,0,1,1,1,1,1,1,1,0.0056424960713409395,1.0772106919995146,2.1256330164452777,1,1,0.036191961558458594,-0.3555172801304754,0,0,0,1,1,0,0,0,0,1,0
0,0,0,0,0.26519417771576004,1,0,0,0,0,0,0,0,0,-1.4677062881119718,-0.6743674137403172,-1.109762475828853,0,1,-1.5018152272557093,0.445736521900709,0,1,0,1,1,0,0,0,1,0,0
0,0,0,0,-0.8338606629262776,1,0,0,0,0,0,0,0,0,-1.4859572302583868,-0.8945295727780967,-1.109762475828853,0,0,-1.4298482371555217,-0.6030026105777275,0,1,1,0,0,1,0,0,0,0,0
0,0,0,0,0.7943687306174818,1,1,1,0,1,1,1,0,0,0.3009759235315097,0.6925467025217478,1.0471678523539008,0,1,0.3187078233733132,-0.21629393258197435,0,0,1,0,1,0,0,0,0,1,0
0,0,1,1,-1.0373893371192475,1,1,0,0,0,0,0,0,0,-0.5352490620860464,-0.8554335122494149,-1.109762475828853,1,0,-0.4952227450333773,-0.4476847574059565,0,0,0,0,0,1,0,0,0,0,0
1,0,1,1,-0.06045170099299184,1,1,0,0,0,0,0,0,0,-1.3001294556767078,-0.6773731153634538,-1.109762475828853,1,0,-1.342191002272645,0.5326400309548561,0,1,0,1,0,0,1,0,1,0,0
1,0,1,1,-0.3453918448631497,1,0,1,0,1,0,0,0,1,-0.2880317548300625,-0.3708134892314264,-0.031297311737476054,1,1,-0.14374849165819895,-1.668579297935406,0,0,1,0,1,0,0,1,0,0,0
0,0,1,0,-1.2002122764736234,1,1,0,0,0,0,0,0,1,0.3042942766490395,-0.9088779586286905,-1.109762475828853,1,1,0.36601768821813163,-0.7280815896806628,1,0,0,0,1,0,0,0,0,0,1
0,0,0,0,0.590840056424512,1,0,0,0,0,0,0,0,1,-1.472683817788267,-0.5939594104644365,-1.109762475828853,0,0,-1.4829126722624097,0.1681471672958371,0,1,0,1,0,0,1,0,1,0,0
1,1,1,1,-0.1825689055087738,1,1,0,0,0,0,0,0,1,-0.4622452935003867,-0.40260372026737484,-1.109762475828853,1,0,-0.5157847422048596,0.6381657205206057,0,0,1,0,0,1,0,0,1,0,0
0,1,1,0,-0.019745966154397852,1,1,0,0,1,0,0,0,0,0.4768486387605988,0.11876484449334214,-0.5705298937831644,1,0,0.5087108582443661,-0.386519762130345,1,0,0,0,0,0,1,0,1,0,0
1,0,0,0,0.06166550352279012,1,1,0,1,0,1,1,1,1,1.3412796258771595,0.5446749584345894,1.0471678523539008,0,0,1.2970145926041317,0.4700731558438106,1,0,0,0,0,1,0,0,1,0,0
1,0,1,1,-1.2002122764736234,1,0,0,0,1,0,0,0,1,-0.49045129499939155,-0.9351394538323,-0.5705298937831644,1,0,-0.29409332442497055,-2.2675151786398366,0,0,0,0,0,1,0,0,0,0,1
1,0,0,0,-0.9152721326034655,1,1,0,1,0,0,0,0,0,0.4950995809070136,-0.6590975719176669,-0.5705298937831644,0,0,0.4892714988494876,0.051256664729921235,1,0,0,0,0,1,0,0,0,0,0
1,0,0,1,1.3642490183577978,1,1,1,1,0,1,0,0,0,0.025552614776521126,0.9124894672804662,0.5079352703082123,1,1,0.046615602583651015,-0.24584235556352318,0,0,0,1,0,0,0,0,0,1,0
1,1,0,0,-1.2816237461508113,1,0,0,0,0,0,0,0,0,-0.6530505977583607,-0.98906656762551,-1.109762475828853,0,1,-0.6514466545776276,0.0031493650749470433,0,0,0,0,0,0,0,0,0,0,0
0,0,1,1,0.6722515261016999,1,1,0,1,0,1,1,1,0,0.4768486387605988,0.7034286587631765,1.0471678523539008,1,1,0.4865197701639771,-0.1284093727570206,0,0,0,1,0,0,0,0,0,1,0
1,0,1,1,-1.2816237461508113,1,0,0,0,0,0,0,0,1,-1.4859572302583868,-1.0000801604343756,-1.109762475828853,1,1,-1.4819622644694506,0.0031493650749470433,0,1,0,0,0,0,0,0,0,0,0
1,1,1,0,-1.0373893371192475,1,0,0,0,0,0,1,1,1,0.8153206567486573,-0.71199353259929,-0.031297311737476054,1,0,1.0499995251637595,-2.7568351408447174,1,0,0,0,0,1,0,0,0,0,1
1,0,1,0,-1.2002122764736234,1,0,0,0,0,0,0,0,0,-1.4909347599346818,-0.9871358979697726,-1.109762475828853,1,1,-1.601080041187003,1.3309108355522343,0,1,0,0,0,0,0,0,0,0,0
1,1,1,0,0.06166550352279012,1,0,1,0,0,1,1,0,0,0.8368899520126024,0.3639598907719895,0.5079352703082123,1,0,0.8962085767452764,-0.7178941615184313,1,0,1,0,0,0,1,0,1,0,0
0,0,1,1,1.6084834273893616,1,0,1,1,1,1,1,1,0,0.6759498258123978,1.6805010805616334,2.1256330164452777,1,1,0.6680400757905676,0.06943053348846509,0,0,0,1,0,0,0,0,0,1,0
1,0,0,0,-1.2002122764736234,1,0,1,0,1,0,1,1,1,0.41379992952752936,-0.9184654886236591,1.0471678523539008,0,0,0.12502477884049115,3.3450031144404884,0,0,0,0,0,1,0,0,0,0,0
0,0,0,0,-0.5896262538947137,1,0,0,0,0,0,0,0,1,0.20474368312314,-0.4614233264836466,-1.109762475828853,0,0,0.14496965349150095,0.6884111223824666,1,0,0,0,0,1,0,1,0,0,0
1,0,1,1,1.4049547531963917,1,0,1,1,0,1,0,0,0,-0.16193433636392318,0.743621690687164,0.5079352703082123,1,0,-0.17621018469661348,0.17145311192757082,0,0,1,0,0,0,1,0,0,1,0
1,0,1,1,0.46872285190873,1,1,0,0,0,0,0,0,0,-1.3017886322354726,-0.5216470560859092,-1.109762475828853,1,0,-1.3135880838693246,0.1807090347105789,0,1,1,0,0,0,1,0,1,0,0
0,0,1,0,-1.0373893371192475,1,0,0,0,0,0,0,0,1,0.14169497389007057,-0.7993782739493125,-1.109762475828853,1,1,0.10863820638199195,0.37976079665960183,1,0,0,0,0,0,0,0,0,0,0
1,1,1,0,0.7943687306174818,1,0,1,0,1,1,1,1,1,1.31141444781939,1.3961880343263984,1.5864004343995892,1,1,1.3390992055542257,-0.3657966176635821,1,0,1,0,0,0,0,0,0,1,0
1,0,0,0,-0.6710377235719016,1,0,0,0,0,0,0,0,1,0.16658262227154547,-0.4799621430643067,-1.109762475828853,0,1,0.34430351017066113,-2.072680615037188,1,0,0,0,1,0,0,1,0,0,0
1,0,1,0,-0.9966836022806536,1,0,0,1,1,0,0,0,1,-0.3378070515930122,-0.8132878712417841,-0.031297311737476054,1,0,-0.3046402109051705,-0.37449293721660143,0,0,0,0,0,0,1,0,0,0,0
1,0,0,0,-1.0373893371192475,1,0,0,0,1,1,1,0,0,-0.02090432886889884,-0.8132439923859719,0.5079352703082123,0,1,-0.040731704105097605,0.23131541486710988,0,0,0,0,0,0,0,0,0,0,0
1,0,1,1,1.6084834273893616,1,0,0,0,0,0,0,0,1,-1.497571466169742,-0.3881895161330628,-1.109762475828853,1,1,-1.4985753340232295,0.061679912988499064,0,1,0,1,1,0,0,0,0,1,0
1,1,1,0,-1.0373893371192475,0,0,1,0,0,0,0,0,0,-1.1657361544167435,-0.9121908122425126,-0.5705298937831644,1,1,-1.106646729891131,-0.6483609216809878,0,0,0,0,0,0,0,0,0,0,0
1,0,0,0,-0.4675090493789317,1,0,0,0,0,0,0,0,1,-1.4793205240233267,-0.8234458263623115,-1.109762475828853,0,0,-1.4826712988546742,0.08836801017804559,0,1,1,0,0,0,1,1,0,0,0
1,1,0,0,0.1023712383613841,1,0,0,0,1,1,1,1,1,0.2677923923562099,0.07543447437878162,1.0471678523539008,0,0,0.18757736793687782,0.924060529898737,0,0,1,0,0,1,0,0,1,0,0
0,0,1,1,1.1200146093262338,0,0,0,1,0,0,1,1,1,-0.5037247074695115,0.33791778984744075,0.5079352703082123,1,0,-0.45597769181125536,-0.5385388290400619,0,0,0,0,0,1,0,0,0,1,0
1,1,0,0,-0.9966836022806536,1,1,0,0,1,0,1,1,1,1.1836578527944854,-0.6493784053552617,0.5079352703082123,0,0,1.2403752575962759,-0.6992172098876772,1,0,0,0,0,1,0,0,0,0,1
1,0,0,0,-1.2409180113122174,1,0,0,0,0,0,0,0,1,0.1616050925952503,-0.9445734078319259,-1.109762475828853,0,0,0.27750656246272826,-1.3534764851953274,1,0,0,0,0,1,0,0,0,0,0
0,0,1,1,-0.8338606629262776,0,0,0,0,0,1,0,0,0,-1.1508035653878583,-0.8470745902171882,-0.5705298937831644,1,1,-1.1316401919702603,-0.18446910357945256,0,0,1,0,1,0,0,0,0,0,0
1,0,0,0,-1.2002122764736234,0,0,0,1,0,0,0,0,1,-1.1723728606518034,-0.9740599989377332,-0.5705298937831644,0,0,-1.2724032128367195,1.2026247031389703,0,0,0,0,0,1,0,0,0,0,1
0,0,1,1,1.6084834273893616,1,0,1,1,1,0,1,0,1,0.18981109409425545,1.189913533153184,1.0471678523539008,1,1,0.15422977386518386,0.4075179449525971,0,0,0,1,1,0,0,0,0,1,0
0,0,0,0,0.7943687306174818,1,1,1,1,0,1,1,1,1,1.5370624598114289,1.58714881482115,1.5864004343995892,0,1,1.6160225839061422,-0.9697282564091049,1,0,1,0,1,0,0,0,0,1,1
1,0,0,0,0.5501343215859179,1,0,0,0,0,0,0,0,0,-1.5174815848749215,-0.6104359208219226,-1.109762475828853,0,1,-1.4954493315796806,-0.20559448299315877,0,1,0,1,1,0,0,0,1,0,0
0,0,1,0,-0.8338606629262776,1,1,1,0,1,0,1,1,0,0.4619160497317138,-0.6242138815469574,1.0471678523539008,1,0,0.26882089124374,2.23051733910025,0,0,1,0,0,1,0,0,0,0,0
0,0,0,0,0.18378270803857208,1,1,0,0,0,1,1,1,0,1.1737027934418955,0.545004049853181,0.5079352703082123,0,1,1.0183037718351187,1.768297203226105,1,0,0,0,1,0,0,0,1,0,0
1,0,0,0,0.387311382231542,1,0,0,0,0,0,0,0,0,-1.497571466169742,-0.6359953543325367,-1.109762475828853,0,1,-1.4791261269285565,-0.16453893657953347,0,1,1,0,0,0,0,0,1,0,0
1,0,0,0,1.0386031396490458,1,1,0,0,0,1,0,0,0,0.5216464058472539,1.100488425007894,-0.5705298937831644,0,1,0.5938418459391782,-0.8571418625481418,1,0,0,0,0,0,0,0,0,1,0
1,0,0,0,-0.8338606629262776,1,0,0,0,0,0,0,0,0,-1.4892755833759168,-0.8917652048619273,-1.109762475828853,0,1,-1.412476894717545,-0.8435391088525984,0,1,1,0,1,0,0,0,0,0,0
1,0,1,1,1.4456604880349857,1,0,0,0,0,0,0,0,0,-1.4925939364934466,-0.40440275335567555,-1.109762475828853,1,1,-1.4783128227807998,-0.11626993171563671,0,1,0,1,0,0,0,0,0,1,0
1,0,0,0,-1.2816237461508113,1,0,0,0,0,0,0,0,0,-0.618207890024296,-0.9886058396394818,-1.109762475828853,0,0,-0.616703969701675,0.0031493650749470433,0,0,0,0,0,0,1,0,0,0,1
0,0,1,1,0.46872285190873,1,0,1,0,0,1,0,0,0,-0.2880317548300625,0.05274910592386749,-0.031297311737476054,1,1,-0.32917441207568915,0.48815841341464045,0,0,0,0,0,0,0,0,1,0,0
0,1,1,0,1.5677776925507676,1,0,1,1,1,1,1,1,1,1.4856279864897142,2.4593727106563232,2.1256330164452777,1,1,1.534942427857414,-0.6231941250808023,1,0,0,1,0,0,0,0,0,1,0
1,0,0,0,-0.1418631706701798,0,0,0,1,0,1,0,0,0,-1.016410264127894,-0.5680489461073246,-0.031297311737476054,0,0,-1.0022964279554756,-0.13022397603746438,0,0,0,0,0,1,0,0,1,0,0
1,0,0,0,0.06166550352279012,1,1,0,0,0,0,0,0,0,-1.2885152197653527,-0.5787553869255047,-1.109762475828853,0,1,-1.1946295555163677,-1.0489855767909004,0,1,0,1,0,0,0,0,1,0,0
1,0,1,0,-1.0780950719578415,1,0,0,1,1,0,0,1,1,0.8650959535116071,-0.7759250255176846,0.5079352703082123,1,0,0.7796210795985216,0.9652953581744308,1,0,0,0,0,1,0,0,0,0,1
0,1,1,0,1.2014260790034217,1,1,0,1,1,0,1,0,1,1.095721495179941,1.595968464839405,0.5079352703082123,1,1,1.0195377306889142,0.8495274693273007,1,0,1,0,1,0,0,0,0,1,0
0,1,0,0,-0.4268033145403377,1,0,0,0,0,0,0,0,1,-1.4892755833759168,-0.8259469211436076,-1.109762475828853,0,0,-1.5215177888087388,0.42474424568763064,0,1,1,0,0,0,1,1,0,0,0
0,1,1,0,1.3642490183577978,1,1,0,1,1,0,1,1,0,1.3163919774956847,1.9833748828054352,1.0471678523539008,1,1,1.270154701775664,0.49384382155568046,1,0,1,0,1,0,0,0,0,1,0
1,0,0,1,-1.2816237461508113,0,0,0,1,0,1,0,0,0,-1.0396387359506039,-0.994178454327633,-0.031297311737476054,1,0,-1.036925015344151,0.0031493650749470433,0,0,0,0,0,0,1,0,0,0,0
1,0,1,1,0.7129572609402939,1,1,1,0,1,0,1,1,0,1.3611897445823398,1.334998969896267,1.0471678523539008,1,1,1.386327622346588,-0.3378351748795083,1,0,0,0,1,0,0,0,0,1,1
1,0,1,0,1.3642490183577978,1,1,1,1,1,1,0,0,0,1.050923728093286,1.8099656446355683,1.0471678523539008,1,0,1.072026143868355,-0.280537923193481,1,0,0,1,0,0,1,0,0,1,0
1,0,1,0,1.6084834273893616,1,1,1,1,1,1,1,1,0,1.6664782313950985,2.654721376732297,2.1256330164452777,1,1,1.6883766643598017,-0.31034987100996736,1,0,0,1,0,0,0,0,0,1,0
1,0,0,1,-0.22327464034736777,1,0,0,0,0,0,0,0,0,-1.5191407614336867,-0.773138718173609,-1.109762475828853,1,0,-1.4901730577205574,-0.2862071335905279,0,1,0,0,0,0,1,0,1,0,0
1,0,0,1,-1.0373893371192475,1,0,0,0,0,0,0,0,0,-1.5091857020810966,-0.948917414557335,-1.109762475828853,1,0,-1.5022879168458583,-0.02983849754560657,0,1,1,0,0,0,1,0,0,0,0
1,0,0,0,-0.7524491932490895,1,1,0,1,0,0,0,0,1,-0.3129194032115374,-0.6721295920938943,-0.5705298937831644,0,1,-0.33462645678024905,0.2629287832118093,0,0,0,0,1,0,0,1,0,0,0
1,0,0,0,-0.2639803751859618,0,0,0,0,1,1,0,0,0,-0.9682941439237093,-0.5602604492006568,-0.031297311737476054,0,0,-0.8474310308009507,-1.3734595173597002,0,0,0,0,0,1,0,0,1,0,0
0,0,0,0,-0.8745663977648716,1,1,0,0,0,0,0,0,0,0.34245533750063456,-0.6189922977053041,-1.109762475828853,0,0,0.5243901868085135,-2.127566670552635,1,0,0,0,0,1,0,0,0,0,0
0,0,1,0,0.020959768684196134,0,0,1,0,1,1,1,1,0,-0.1785261019515731,-0.12419238013888224,1.5864004343995892,1,1,-0.12699755430729312,-0.5933811506467346,0,0,0,1,0,0,0,0,1,0,0
1,0,1,1,0.590840056424512,1,1,1,1,1,1,1,1,1,0.8485041879239571,0.8859208200861713,2.1256330164452777,1,0,0.8914523965700538,-0.5278733383506031,0,0,0,1,0,0,1,0,1,0,0
0,0,0,0,-1.2816237461508113,1,0,0,0,0,0,0,0,1,-1.5207999379924515,-1.000540888420404,-1.109762475828853,0,0,-1.5167049493454032,0.0031493650749470433,0,1,0,0,0,0,1,0,0,0,1
1,0,0,0,-0.7117434584104956,1,1,0,0,0,0,0,0,0,-0.44399435135397186,-0.6730291086380447,-1.109762475828853,0,0,-0.4600861521656339,0.20199287031550667,0,0,0,0,0,1,0,1,0,0,1
1,1,1,1,1.3642490183577978,1,1,0,1,1,1,1,1,1,1.4441485725205894,2.096099663387011,1.5864004343995892,1,0,1.398948291164297,0.47751649561217796,1,0,1,0,0,1,0,0,0,1,0
1,0,1,1,0.14307697319997809,1,1,0,0,0,0,0,0,0,-1.3216987509406526,-0.600431541696738,-1.109762475828853,1,1,-1.2930374264733635,-0.28923611171695185,0,1,0,1,1,0,0,0,1,0,0
1,0,1,1,0.5094285867473239,1,1,0,1,1,0,0,1,1,1.0293544328293414,0.9466052776744619,0.5079352703082123,1,1,1.1282611649727647,-1.1847802210718792,1,0,0,0,0,0,0,0,1,0,0
0,0,0,0,-0.3453918448631497,1,1,0,1,1,0,1,1,1,1.3014593884668002,0.08570212663883954,1.0471678523539008,0,0,1.2906280696489936,0.08252640950565336,1,0,0,0,0,1,0,1,0,0,0
0,1,0,0,-1.2002122764736234,1,0,0,0,1,0,0,0,0,0.29599839385521454,-0.9227436770653498,-0.5705298937831644,0,0,0.01748789708158978,3.229545595268546,1,0,0,0,0,1,0,0,0,0,0
0,0,1,1,1.1607203441648277,1,1,1,1,1,1,1,1,0,1.664819054836333,2.0661742837230808,2.1256330164452777,1,1,1.6527446191859898,0.08485291006273911,1,0,0,1,1,0,0,0,0,1,0
0,0,1,1,0.06166550352279012,1,1,0,0,0,0,0,0,1,-1.3051069853530026,-0.6064868237988233,-1.109762475828853,1,1,-1.256134812775758,-0.5260309311297677,0,1,1,0,1,0,0,0,1,0,0
0,0,1,0,1.4456604880349857,1,1,1,1,1,1,0,0,0,0.1981069768880804,1.1461224350525956,1.0471678523539008,1,1,0.2411337936325118,-0.5070709953833977,0,0,0,1,1,0,0,0,0,1,0
1,0,0,0,-0.6710377235719016,1,0,0,0,0,1,0,0,1,0.3192268656779245,-0.4953197425985813,-0.5705298937831644,0,1,0.2719229166790929,0.5395457562279081,1,0,0,0,1,0,0,1,0,0,0
1,1,1,0,-0.019745966154397852,1,0,0,0,0,0,0,1,1,0.5100321699358986,0.08061217936462285,-0.5705298937831644,1,1,0.4188038210430541,1.0440710613594477,1,0,0,0,1,0,0,0,1,0,1
0,0,1,1,-0.2639803751859618,0,0,1,1,0,1,0,0,0,-0.8654251972802797,-0.5590976595216332,0.5079352703082123,1,1,-0.8440585723789259,-0.2196244379427041,0,0,0,0,1,0,0,0,1,0,0
0,0,1,1,0.14307697319997809,1,0,0,0,0,0,0,0,0,-1.5174815848749215,-0.7004972723764901,-1.109762475828853,1,1,-1.50264243403847,-0.12192961402798556,0,1,0,0,0,0,0,0,1,0,0
0,0,0,0,-1.2002122764736234,1,0,0,0,0,0,0,0,0,-1.4826388771408567,-0.9776800045422408,-1.109762475828853,0,0,-1.3633959589404054,-1.3374407186436674,0,1,1,0,0,0,1,0,0,0,0
1,1,0,0,-0.9966836022806536,1,0,1,0,0,1,1,1,0,1.1737027934418955,-0.6436960935275802,1.0471678523539008,0,1,1.2939368967800364,-1.437664259591532,1,0,0,0,1,0,0,0,0,0,1
0,0,1,0,0.18378270803857208,1,1,1,0,1,1,0,0,0,0.10519308959724047,0.07894478284375868,0.5079352703082123,1,1,0.06844681582499708,0.42389320746277265,0,0,1,0,1,0,0,0,1,0,0
1,0,0,0,-1.2816237461508113,1,0,0,0,0,0,0,0,0,-1.4760021709057967,-0.999948523866939,-1.109762475828853,0,0,-1.472035783076321,0.0031493650749470433,0,1,0,1,0,0,1,0,0,0,0
1,0,1,1,1.4456604880349857,0,0,1,1,1,1,0,1,1,-0.28305422515376755,0.7236129324367946,1.5864004343995892,1,0,-0.22740585996769733,-0.6378096567986792,0,0,0,1,0,0,1,0,0,1,0
1,0,0,0,-0.30468611002455576,1,1,0,0,0,0,0,1,1,0.659358060224748,-0.11227927078586633,-0.5705298937831644,0,0,0.5558781889973858,1.1815857774231937,1,0,0,0,0,1,0,0,1,0,1
0,0,1,0,-0.6303319887333076,1,1,0,1,0,0,1,1,1,0.34743286717692967,-0.42860194233611115,0.5079352703082123,1,1,0.4254792581318771,-0.9193788518380852,0,0,0,0,0,0,0,1,0,0,0
1,0,1,0,1.4049547531963917,1,1,0,1,1,0,1,1,0,1.2998002119080347,2.080522669573675,1.0471678523539008,1,0,1.3284666067753532,-0.37682650025957026,1,0,1,0,0,1,0,0,0,1,1
0,1,0,0,-1.1188008067964355,0,0,0,1,0,0,0,0,0,-1.2105339215033981,-0.951418509338631,-0.5705298937831644,0,0,-1.2814473403282374,0.8652321748920838,0,0,0,0,0,1,0,0,0,0,1
1,1,1,0,0.9978974048104517,1,1,0,1,1,0,1,0,1,0.20474368312314,0.8077067596009014,0.5079352703082123,1,1,0.2546205081396802,-0.5869668440260745,0,0,1,0,1,0,0,0,0,1,0
1,0,0,0,-0.9966836022806536,1,0,0,0,0,0,0,0,0,0.19147027065302033,-0.7660961618157488,-1.109762475828853,0,1,0.14019023652443863,0.5900584208656343,1,0,0,0,0,0,0,0,0,0,0
1,1,0,0,0.9164859351332638,0,0,1,1,0,0,1,0,1,-0.6663240102284806,0.07885702513213433,0.5079352703082123,0,0,-0.6572822224269217,-0.08291896739868053,0,0,0,0,0,1,0,0,0,1,0
0,0,0,0,0.9571916699718578,0,0,1,1,1,1,0,0,0,-0.6596873039934208,0.11442083776793299,1.0471678523539008,0,1,-0.636025156699016,-0.25319381737227226,0,0,0,1,0,0,0,0,0,1,0
0,1,1,0,-0.5489205190561197,1,1,0,0,0,0,1,1,1,0.9961709016540415,-0.23654419044605407,-0.031297311737476054,1,0,0.9167632567404402,0.8903492492382626,1,0,0,0,0,1,0,1,0,0,0
0,0,1,1,0.7536629957788878,1,0,1,1,0,0,0,0,1,0.47187110908430413,0.7543720103611562,-0.031297311737476054,1,1,0.45850265047895455,0.13973636487965965,1,0,0,0,0,0,0,0,0,1,0
0,0,1,1,1.4049547531963917,0,0,1,0,0,1,0,0,0,-0.9699533204824742,0.10810228253097426,-0.031297311737476054,1,1,-0.8914847780169572,-0.8803017020217704,0,0,0,1,1,0,0,0,0,1,0
1,0,0,0,0.8350744654560759,1,0,0,1,0,1,0,0,1,0.5199872292884885,0.8989747796903048,-0.031297311737476054,0,0,0.5658583607930191,-0.5509014973664956,1,0,0,0,0,0,1,0,0,1,0
0,0,0,0,-1.2816237461508113,1,0,0,0,0,0,0,0,0,-1.4992306427285067,-1.0002556758576244,-1.109762475828853,0,0,-1.495197572993623,0.0031493650749470433,0,1,0,0,0,0,1,0,0,0,0
1,0,0,0,-0.6710377235719016,1,0,0,0,0,0,0,0,1,-1.5008898192872717,-0.8586805475795186,-1.109762475828853,0,0,-1.4406019253314115,-0.6511099102327017,0,1,0,0,0,0,1,1,0,0,1
0,0,0,0,-0.2639803751859618,1,0,0,1,1,0,0,0,1,-0.3378070515930122,-0.3915901274585093,-0.031297311737476054,0,1,-0.3582336657344218,0.24886664946650597,0,0,0,0,1,0,0,0,1,0,0
1,0,0,0,0.5094285867473239,1,0,1,0,1,0,1,1,1,0.36568380932334454,0.42758423169969856,1.0471678523539008,0,0,0.25851757120513086,1.2342686158009084,0,0,0,0,0,1,0,0,1,0,0
1,0,1,0,0.590840056424512,1,1,0,0,0,0,0,0,0,-1.3117436915880627,-0.509053824467804,-1.109762475828853,1,0,-1.346687555271592,0.45024018399606847,0,1,0,0,0,1,0,0,1,0,0
1,1,1,0,0.020959768684196134,1,1,0,0,0,0,1,1,1,0.9812383126251565,0.35375805679564987,-0.031297311737476054,1,0,0.9651660676589849,0.15417713005238054,1,0,0,0,0,1,0,0,1,0,1
0,0,0,0,-0.7117434584104956,1,0,1,1,1,1,1,1,0,0.6477438243133932,-0.4438279053029492,2.1256330164452777,0,0,0.6921577491012814,-0.5382181137090236,0,0,0,0,0,0,1,1,0,0,0
0,0,1,1,0.387311382231542,1,0,0,0,0,0,0,0,0,-1.4909347599346818,-0.6431695472578336,-1.109762475828853,1,0,-1.492006918260117,0.06225261893677244,0,1,0,1,0,0,1,0,1,0,0
1,0,0,1,-1.2816237461508113,1,0,0,0,0,0,0,0,0,-1.4892755833759168,-1.0001240392901878,-1.109762475828853,1,0,-1.4852710916004936,0.0031493650749470433,0,1,0,0,0,0,1,0,0,0,0
0,1,0,0,0.9571916699718578,1,1,0,1,1,0,1,1,1,1.32136950717198,1.4090884179351888,1.0471678523539008,0,1,1.107342681068712,2.445282069702816,1,0,1,0,0,0,0,0,0,1,1
0,1,0,0,0.8350744654560759,1,0,1,1,0,1,0,1,1,1.0559012577695812,1.2756528174102488,1.0471678523539008,0,0,1.1017947099711256,-0.5690551953495,1,0,1,0,0,0,1,0,0,1,0
0,0,0,0,-0.7117434584104956,1,0,1,0,1,1,1,1,0,1.3329837430833347,-0.3144291595127325,1.5864004343995892,0,0,1.342673163064359,-0.1572083004416354,1,0,0,0,0,1,0,1,0,0,1
1,0,0,0,-0.6710377235719016,0,0,1,1,1,1,1,0,0,-0.33448869847548224,-0.6069256123569454,1.5864004343995892,0,0,-0.254077196308918,-0.9241188357746793,0,0,0,1,0,0,1,1,0,0,0
1,0,0,0,-0.5082147842175256,1,0,0,0,0,0,0,0,1,-1.5008898192872717,-0.8264295885575419,-1.109762475828853,0,0,-1.4606203294742224,-0.41827057990262645,0,1,1,0,0,0,1,1,0,0,0
1,1,1,0,-0.7117434584104956,1,1,1,0,1,0,1,0,1,1.0476053749757561,-0.39801837983499855,0.5079352703082123,1,0,0.9224521174218827,1.4207111282415212,1,0,0,0,0,1,0,1,0,0,0
1,1,0,1,0.22448844287716607,1,1,1,0,0,0,0,0,1,0.5150096996121938,0.3788128834644236,-0.5705298937831644,1,0,0.6051675228341823,-1.0658454725213726,1,0,0,0,0,0,1,0,1,0,0
0,0,0,0,-1.2816237461508113,1,0,0,0,0,0,0,1,1,-0.2880317548300625,-0.9842398934861666,-0.5705298937831644,0,0,-0.28747567016288444,0.0031493650749470433,0,0,0,0,0,1,0,0,0,0,1
0,0,1,0,0.9978974048104517,1,0,0,0,0,0,0,0,1,-1.5042081724048018,-0.5112258278305085,-1.109762475828853,1,1,-1.4902633570964532,-0.11197055901169266,0,1,0,1,0,0,0,0,0,1,0
1,1,1,0,1.6084834273893616,1,1,1,1,1,0,1,1,1,1.4806504568134191,2.4665907824374327,1.5864004343995892,1,1,1.4913406042994215,-0.1737785925450149,1,0,0,1,0,0,0,0,0,1,0
0,0,0,0,0.8757802002946699,1,1,0,0,0,1,1,1,1,1.1670660872068355,1.37848291600617,0.5079352703082123,0,0,1.1851975014573066,-0.24985939607343471,1,0,0,0,0,1,0,0,0,1,1
1,0,1,1,-0.10115743583158582,1,1,1,0,0,0,0,0,1,-0.3477621109456021,-0.31181836759190573,-0.5705298937831644,1,1,-0.3964463770119044,0.5778712382863715,0,0,0,0,0,0,0,0,1,0,0
0,0,0,0,-1.1188008067964355,1,1,0,0,0,0,0,0,0,0.3540695734119893,-0.8323093552363785,-1.109762475828853,0,0,0.514914909115072,-1.8826567814000432,1,0,0,0,0,1,0,0,0,0,0
0,1,1,0,1.3235432835192036,1,1,1,1,1,0,1,1,1,1.4756729271371243,2.162400614519265,1.5864004343995892,1,1,1.5304448606649905,-0.6863392558261867,1,0,0,0,1,0,0,0,0,1,0
0,0,0,0,-0.30468611002455576,1,1,0,0,0,0,0,0,0,-1.3333129868520075,-0.7052361888042091,-1.109762475828853,0,1,-1.232675228416662,-1.1260251724266075,0,1,0,1,1,0,0,0,1,0,1
1,0,1,1,0.46872285190873,1,0,0,0,0,0,0,0,0,-1.4909347599346818,-0.6311906196210995,-1.109762475828853,1,1,-1.5013264232477144,0.17065023569181115,0,1,1,0,0,0,0,0,1,0,0
0,1,1,0,1.5677776925507676,1,1,1,0,0,0,0,0,1,0.5233055824060188,1.4816421060206835,-0.5705298937831644,1,1,0.4965066454987055,0.29423240636757864,1,0,0,1,1,0,0,0,0,1,0
0,0,1,1,-0.3453918448631497,1,1,1,1,0,0,1,1,0,0.44698346070282924,-0.20488559597754222,1.0471678523539008,1,0,0.3775985831767828,0.7921090794165226,0,0,1,0,0,1,0,1,0,0,0
1,0,1,0,0.7536629957788878,1,1,0,1,0,0,0,1,1,0.8435266582476619,1.0158899910019468,-0.031297311737476054,1,1,0.845181272067523,-0.04741046358204867,1,0,1,0,1,0,0,0,0,1,0
1,0,0,0,1.2014260790034217,1,1,1,1,1,0,0,0,0,0.8551408941590172,1.4423485906408464,0.5079352703082123,0,1,0.8326957341440435,0.23251255504286092,1,0,0,0,0,0,0,0,0,1,0
0,1,1,0,0.590840056424512,1,1,1,0,0,0,0,0,0,0.5116913464946635,0.6698174552110213,-0.5705298937831644,1,0,0.5447295535830882,-0.4013613758536889,1,0,0,0,0,1,0,0,1,0,1
1,0,0,1,-0.8338606629262776,1,0,0,0,0,0,0,0,0,-1.5125040551986266,-0.9157669389912079,-1.109762475828853,1,1,-1.5633042647742608,0.6413728738309386,0,1,0,1,0,0,0,0,0,0,0
1,0,0,1,-1.2816237461508113,0,0,0,0,0,0,0,0,1,-1.3349721634107725,-0.9980836724949199,-1.109762475828853,1,0,-1.3314106300069886,0.0031493650749470433,0,0,0,0,0,1,0,0,0,0,0
1,0,0,0,1.4456604880349857,1,1,0,1,1,1,1,1,0,1.4441485725205894,2.1400662769108485,1.5864004343995892,0,0,1.3433625020499933,1.1240494470358433,1,0,1,0,0,1,0,0,0,1,1
1,1,1,0,0.7943687306174818,1,1,0,1,1,0,1,1,1,1.3329837430833347,1.3501810540072927,1.0471678523539008,1,1,1.2723817969600195,0.6603690895921346,1,0,1,0,0,0,0,0,0,1,0
0,0,1,1,-0.2639803751859618,1,1,0,1,0,1,0,0,1,-0.16193433636392318,-0.2997736216714532,-0.031297311737476054,1,0,-0.09193671297643238,-0.8087538306405418,0,0,0,0,0,1,0,0,1,0,1
1,0,0,0,-0.7931549280876836,1,0,0,0,0,0,0,0,1,0.1732193285066055,-0.6000805108502403,-1.109762475828853,0,0,0.222847283509535,-0.5830195784133504,1,0,0,0,0,1,0,1,0,0,0
0,0,1,0,1.0386031396490458,1,1,1,0,0,1,0,1,1,0.1151481489498308,0.7340561001201015,0.5079352703082123,1,0,0.11742778781260751,-0.030359857443342003,0,0,1,0,0,1,0,0,0,1,0
1,0,1,1,0.1023712383613841,1,0,0,0,0,0,0,0,0,-1.4892755833759168,-0.6812563941028347,-1.109762475828853,1,1,-1.442729028487082,-0.4916685742333585,0,1,1,0,0,0,0,0,1,0,0
1,1,0,0,0.7536629957788878,1,0,0,0,1,0,1,1,1,0.9646465470375066,1.1436652191271115,0.5079352703082123,0,1,1.0341088133537495,-0.8401432994651875,1,0,1,0,0,0,0,0,0,1,0
1,0,1,1,1.3235432835192036,1,0,0,0,0,0,0,0,1,-1.4959122896109767,-0.45295470731188947,-1.109762475828853,1,1,-1.5036987134687645,0.1405142083974583,0,1,0,1,1,0,0,0,0,1,0
0,0,0,0,-0.38609757970174374,1,0,0,1,1,0,0,0,0,-0.3029643438589475,-0.42627636297806387,-0.031297311737476054,0,1,-0.23841871139394102,-0.7406313200254353,0,0,1,0,0,0,0,1,0,0,0
1,0,1,0,-1.1595065416350294,1,0,0,0,1,1,0,0,1,0.5199872292884885,-0.8688823815558582,-0.031297311737476054,1,0,0.49133951580638957,0.3158468128322793,1,0,0,0,0,0,1,0,0,0,1
0,0,1,0,0.06166550352279012,1,1,0,0,1,0,1,1,1,1.1786803231181906,0.4893876001112008,0.5079352703082123,1,0,1.174393351865475,0.010506952081000697,1,0,0,0,0,1,0,0,1,0,0
1,0,1,0,-0.7931549280876836,1,1,0,0,1,0,1,1,1,0.3441145140593994,-0.5747624110465932,0.5079352703082123,1,0,0.36970830309506425,-0.309178026531193,0,0,1,0,0,0,1,1,0,0,1
1,1,0,0,1.4456604880349857,1,1,0,1,1,0,0,1,1,1.0276952562705766,1.844608001299311,0.5079352703082123,0,0,1.0157156272429508,0.10502364669725112,1,0,0,0,0,1,0,0,0,1,0
1,0,1,1,1.4863662228735797,0,0,1,0,1,1,0,0,0,-0.8571293144864547,0.21069104741992875,0.5079352703082123,1,0,-0.8158090457609652,-0.4519875220955901,0,0,0,1,0,0,1,0,0,1,0
0,0,1,1,0.14307697319997809,1,0,0,0,0,0,0,0,0,-1.4826388771408567,-0.693893504576752,-1.109762475828853,1,1,-1.4888096983934147,0.12127951200549444,0,1,0,1,0,0,0,0,1,0,0
0,0,1,0,-1.1595065416350294,1,0,0,0,0,0,0,0,0,-1.4743429943470319,-0.974235514360982,-1.109762475828853,1,1,-1.4947839696022425,0.28698243303929505,0,1,1,0,0,0,0,0,0,0,0
1,0,1,1,-0.6303319887333076,1,1,1,0,0,1,0,0,1,-0.09390809745455836,-0.5277242776159007,-0.031297311737476054,1,0,-0.01420547651673486,-0.9239065976879691,0,0,1,0,0,0,1,1,0,0,0
1,0,1,0,-0.7524491932490895,1,1,0,0,0,0,1,0,1,0.7024966507526377,-0.4667765468927366,-0.5705298937831644,1,0,0.7714671841684507,-0.825670683266464,1,0,0,0,0,1,0,1,0,0,1
1,0,1,1,1.5270719577121736,1,1,1,0,1,0,1,0,0,0.13339909109624562,1.123020217467465,0.5079352703082123,1,1,0.14796598028238994,-0.17388549765535555,0,0,0,1,1,0,0,0,0,1,0
1,0,1,0,0.387311382231542,1,1,0,0,1,1,1,1,1,1.3678264508173998,0.9711993763572074,1.0471678523539008,1,1,1.4064862577344763,-0.49533389230230757,1,0,0,0,0,0,0,0,1,0,1
1,0,1,0,0.428017117070136,1,1,1,0,1,0,1,1,1,0.5067138168183688,0.5626433498896906,1.0471678523539008,1,0,0.6073312203797878,-1.1872266077830163,0,0,1,0,0,1,0,0,1,0,0
1,0,1,0,-0.9966836022806536,1,0,1,0,0,0,0,0,1,0.3341594547068096,-0.7201549997803617,-0.5705298937831644,1,0,0.5732329872997071,-2.791884744879054,1,0,0,0,0,0,1,0,0,0,0
1,0,1,1,1.2828375486806096,1,1,0,1,1,1,1,1,1,1.4690362209020642,1.9490177387044718,1.5864004343995892,1,1,1.336512195880255,1.492370960019245,1,0,0,1,1,0,0,0,0,1,0
0,0,0,0,0.7943687306174818,1,0,1,0,1,1,0,0,0,-0.23161975183205266,0.32598274106651887,0.5079352703082123,0,1,-0.21286798148696023,-0.21037303416289926,0,0,1,0,1,0,0,0,0,1,0
1,0,0,0,0.9164859351332638,1,1,0,0,1,0,1,1,1,0.427073341997649,0.888114762876782,0.5079352703082123,0,1,0.45225775535177376,-0.30718645160841584,0,0,0,1,0,0,0,0,0,1,0
1,1,1,0,-1.1595065416350294,1,0,0,0,0,0,0,0,1,0.17487850506537042,-0.8859073776109969,-1.109762475828853,1,0,0.17038328409520737,0.046445934764422714,1,0,0,0,0,1,0,0,0,0,0
0,0,0,0,-1.0780950719578415,1,0,0,0,0,1,0,0,1,-0.5070430605870415,-0.8916116288665846,-0.5705298937831644,0,1,-0.6743327089006756,1.9627200376875604,0,0,0,0,0,0,0,0,0,0,1
1,1,0,0,-1.2816237461508113,1,1,0,0,0,0,0,0,1,0.3242043953542197,-0.9761442445888133,-1.109762475828853,0,0,0.32300293551457115,0.0031493650749470433,1,0,0,0,0,1,0,0,0,0,1
0,0,0,0,-1.0780950719578415,0,0,1,0,0,0,0,0,0,-1.1773503903280982,-0.9380793371717184,-0.5705298937831644,0,1,-1.2583406975297864,0.9813311247260893,0,0,0,0,0,0,0,0,0,0,0
0,0,0,0,-1.2816237461508113,1,0,0,0,0,0,0,0,0,0.17156015194784016,-0.9781626719561751,-1.109762475828853,0,0,0.1707968874865874,0.0031493650749470433,1,0,0,0,0,1,0,0,0,0,0
0,0,0,0,-1.2816237461508113,1,0,0,0,0,0,0,0,1,-1.5108448786398618,-1.0004092518529673,-1.109762475828853,0,0,-1.506778467952274,0.0031493650749470433,0,1,0,0,0,0,1,0,0,0,0
0,0,1,0,-0.7931549280876836,1,1,1,1,0,1,1,0,1,0.37397969211716947,-0.5782727195115703,1.0471678523539008,1,0,0.3493462899809528,0.2740304677475724,0,0,0,0,0,1,0,1,0,0,0
0,0,0,0,-0.7931549280876836,1,0,0,1,1,0,0,0,1,0.4751894622018339,-0.5211424492440687,-0.031297311737476054,0,0,0.6807380534131177,-2.4066562914880687,1,0,0,0,0,1,0,1,0,0,1
1,0,1,1,-0.3453918448631497,1,1,0,0,0,0,0,0,1,-1.3548822821159523,-0.7511773508395962,-1.109762475828853,1,1,-1.3388554910518358,-0.14117253388997414,0,1,0,1,0,0,0,1,0,0,0
0,0,0,0,1.4049547531963917,1,1,0,0,0,0,0,0,1,-1.2885152197653527,-0.23685134243673958,-1.109762475828853,0,0,-1.2797287256392778,-0.05917471865716775,0,1,0,1,0,0,1,0,0,1,0
1,0,1,1,1.0793088744876398,1,0,0,1,1,1,1,1,0,0.3922306342635843,0.9840120022543737,1.5864004343995892,1,1,0.3984890595549784,-0.08588990818476616,0,0,1,0,1,0,0,0,0,1,0
1,0,1,1,1.5677776925507676,1,0,1,1,1,1,1,1,0,0.680927355488693,1.6369293767401056,2.1256330164452777,1,1,0.6614353668615446,0.2039804019444476,0,0,0,1,0,0,0,0,0,1,0
0,1,0,0,1.2828375486806096,1,1,1,0,1,1,1,1,1,1.4607403381082393,2.1114353234933794,1.5864004343995892,0,1,1.5278813150295696,-0.8297082602017937,1,0,0,0,0,0,0,0,0,1,0
1,1,0,0,-1.0780950719578415,1,0,1,0,0,0,1,0,1,0.6709722961361032,-0.787947832010231,-0.031297311737476054,0,1,0.6285179739475525,0.4713937483833632,1,0,0,0,0,0,0,0,0,0,1
0,0,0,0,0.18378270803857208,1,0,0,1,1,0,0,0,0,0.5017362871420736,0.3158247859459915,-0.031297311737476054,0,0,0.5512225797962476,-0.5923409928163528,1,0,1,0,0,1,0,0,1,0,0
1,0,0,0,-0.1418631706701798,1,1,0,0,0,0,0,1,1,0.6626764133422782,0.09515802006637136,-0.5705298937831644,0,0,0.7222300434980147,-0.7148106104654891,1,0,0,0,0,1,0,0,1,0,0
1,0,1,1,1.6084834273893616,1,1,0,0,0,0,0,0,0,-1.3333129868520075,-0.23244151742761218,-1.109762475828853,1,1,-1.3354547520560414,0.06943053348846782,0,1,0,1,0,0,0,0,0,1,0
1,0,0,0,-0.3453918448631497,1,0,0,0,0,1,1,1,1,1.0310136093881064,-0.07761497469421802,0.5079352703082123,0,0,0.7774841287430557,2.9144427825284733,1,0,0,0,0,1,0,1,0,0,1
1,1,1,0,-0.4675090493789317,1,0,0,0,1,0,1,0,0,0.7174292397815226,-0.1939817003082073,-0.031297311737476054,1,1,0.7776515396395672,-0.7244162716117111,1,0,0,0,0,0,0,1,0,0,0
0,0,0,0,-1.1188008067964355,1,0,0,0,0,0,0,0,1,-0.6928708351687206,-0.9202206428561476,-1.109762475828853,0,1,-0.810932122293906,1.3963367630829986,0,0,0,0,1,0,0,0,0,0,0
0,0,0,0,1.2421318138420157,1,1,0,1,0,0,1,1,0,1.079129729592291,1.7348231040571536,0.5079352703082123,0,1,1.135451298849587,-0.6911229658187426,1,0,0,1,0,0,0,0,0,1,0
1,0,1,0,1.1607203441648277,1,1,0,0,0,0,1,1,1,1.0476053749757561,1.4806328923370025,-0.031297311737476054,1,1,0.9288980019695161,1.345737347577046,1,0,1,0,0,0,0,0,0,1,0
0,0,0,0,0.8350744654560759,1,0,0,0,0,0,0,0,0,-1.5340733504625714,-0.5676320969771086,-1.109762475828853,0,0,-1.5208253755840606,-0.10286823114582631,0,1,0,1,0,0,1,0,0,1,0
0,1,0,0,-1.2816237461508113,0,0,0,0,0,0,0,0,1,-1.2984702791179428,-0.9976010050809855,-1.109762475828853,0,0,-1.2950135315655145,0.0031493650749470433,0,0,0,0,0,0,1,0,0,0,1
1,0,0,0,-0.2639803751859618,1,0,0,1,1,1,0,0,1,0.6726314726948681,-0.05034426580692749,0.5079352703082123,0,0,0.6314874341933601,0.45609809413409313,1,0,1,0,0,1,0,0,1,0,0
1,0,1,1,-0.9966836022806536,1,0,0,0,0,0,0,0,0,-1.4859572302583868,-0.9363022435113237,-1.109762475828853,1,0,-1.4641773186400937,-0.2037120234414425,0,1,0,1,0,0,1,0,0,0,0
1,1,0,0,1.1200146093262338,1,1,1,1,0,0,0,1,1,0.22631297838708508,0.9105807370526351,0.5079352703082123,0,0,0.26374735630947377,-0.4429656603921793,0,0,1,0,0,1,0,0,0,1,0
0,0,1,1,-0.5082147842175256,1,1,0,0,1,1,0,1,1,1.0144218438004564,-0.1681151148069076,0.5079352703082123,1,1,1.0214963428777737,-0.11615673806938981,1,0,0,0,0,0,0,1,0,0,0
0,0,0,0,1.0793088744876398,1,1,1,1,1,0,0,1,1,1.145496791942891,1.458693464430896,1.0471678523539008,0,1,1.0051821426672574,1.5937886899380644,1,0,0,0,0,0,0,0,0,1,0
1,0,0,0,-1.1595065416350294,1,0,0,0,0,0,0,0,1,-1.4842980536996218,-0.9844812271931339,-1.109762475828853,0,0,-1.6879367533768848,2.4181358077546506,0,1,0,0,0,1,0,0,0,0,0
1,0,0,0,-1.2409180113122174,1,0,0,0,0,0,0,0,0,-1.4992306427285067,-0.9916773595463367,-1.109762475828853,0,0,-1.4985064001246662,0.04163520479892694,0,1,0,0,0,0,1,0,0,0,0
0,0,1,1,0.14307697319997809,1,0,1,0,0,0,0,0,0,-0.46058611694162177,-0.21252051688886736,-0.5705298937831644,1,1,-0.4804905861403998,0.24689301666014943,0,0,0,0,1,0,0,0,1,0,0
1,0,0,0,-0.30468611002455576,1,0,0,0,0,0,0,0,1,-1.4859572302583868,-0.7735775067317312,-1.109762475828853,0,0,-1.4388151586806481,-0.4987059849257445,0,1,0,0,0,0,1,0,1,0,0
1,0,1,0,1.5677776925507676,1,1,1,0,1,1,1,1,0,0.6062644103442684,1.679140836031455,1.5864004343995892,1,0,0.7062676443272279,-1.183407017400982,0,0,0,1,0,1,0,0,0,1,0
1,0,1,0,1.1607203441648277,1,1,1,0,1,1,1,0,0,1.1438376153841259,1.5990838636020719,1.0471678523539008,1,1,1.0753271632851045,0.7586705629350372,1,0,0,0,0,0,0,0,0,1,0
0,0,1,1,0.18378270803857208,1,0,1,1,0,0,1,1,0,0.3374778078243394,0.1577292684545875,1.0471678523539008,1,1,0.22901435944088674,1.2502986036979518,0,0,1,0,0,0,0,0,1,0,0
0,1,0,0,0.8757802002946699,1,1,1,1,0,1,1,1,0,0.5813767619627935,0.8998523568065491,1.5864004343995892,0,1,0.5168144209865968,0.7315295168880376,0,0,1,0,0,0,0,0,0,1,1
0,0,1,1,1.5677776925507676,1,1,1,1,1,1,1,1,0,1.6167029346321486,2.5745766465912894,2.1256330164452777,1,1,1.6572991269074662,-0.5261664446499232,1,0,0,1,1,0,0,0,0,1,0
1,0,0,0,-1.2816237461508113,1,1,0,1,0,0,0,0,1,0.47187110908430413,-0.9741916355051697,-0.5705298937831644,0,0,0.4702457428459901,0.0031493650749470433,1,0,0,0,0,1,0,0,0,0,1
1,0,0,0,1.6084834273893616,1,1,1,1,1,1,1,1,0,0.7207475928990529,1.7224492667181095,2.1256330164452777,0,1,0.7119739471416402,0.07798294231601739,0,0,0,1,0,0,0,0,0,1,0
0,1,1,0,-0.10115743583158582,1,1,0,1,0,0,1,0,1,0.8335715988950722,0.143863550017928,-0.031297311737476054,1,0,0.7489592815175217,0.956315328905505,1,0,0,0,0,1,0,0,1,0,0
1,0,1,0,-0.10115743583158582,1,1,0,0,0,0,0,0,0,-0.49874717779321653,-0.3762105884963286,-1.109762475828853,1,0,-0.5583031708387636,0.7093645240099656,0,0,0,0,0,1,0,0,1,0,0
1,0,0,0,0.7536629957788878,1,1,0,1,1,1,0,0,1,0.7439760647217625,0.9537794705997589,0.5079352703082123,0,0,0.7533450994402379,-0.13381494688392187,1,0,0,0,0,1,0,0,0,1,0
0,0,0,1,-0.4268033145403377,1,1,0,0,0,0,0,1,1,0.6576988836659831,-0.21175263691215362,-0.5705298937831644,1,0,0.5837234733174459,0.8384670227204084,1,0,0,0,0,1,0,1,0,0,0
1,0,1,0,1.5677776925507676,1,0,0,1,1,1,1,1,1,1.3379612727596297,2.1906147188065175,1.5864004343995892,1,0,1.2494978338061589,0.9842672509961109,1,0,0,1,0,1,0,0,0,1,0
0,0,1,1,0.428017117070136,0,0,1,0,1,1,1,1,1,-0.1503201004525682,0.14972137726885862,1.5864004343995892,1,1,-0.11680174977559045,-0.38484160051447414,0,0,1,0,1,0,0,0,1,0,0
0,0,0,0,-1.2816237461508113,1,0,0,0,0,0,0,0,1,0.1732193285066055,-0.9781407325282689,-1.109762475828853,0,0,0.17245130105210932,0.0031493650749470433,1,0,0,0,0,0,1,0,0,0,1
0,1,1,0,1.5677776925507676,1,0,1,1,1,1,1,0,1,1.1438376153841259,2.1364243318784344,1.5864004343995892,1,0,1.1919428830056202,-0.5977175832916879,1,0,0,1,0,1,0,0,0,1,0
0,0,0,0,0.346605647392948,1,0,1,0,1,1,1,1,1,0.4950995809070136,0.4481853545035326,1.5864004343995892,0,1,0.5312572870183949,-0.43709109420667475,0,0,1,0,0,0,0,0,1,0,0
1,0,1,0,-0.5896262538947137,1,1,0,0,0,0,0,0,1,0.27276992203250505,-0.43588583240093853,-1.109762475828853,1,0,0.25195506406189516,0.2329953523153817,1,0,0,0,0,1,0,1,0,0,0
1,0,1,1,1.3642490183577978,1,1,0,0,0,0,0,0,1,-1.3150620447055927,-0.27511370470498947,-1.109762475828853,1,1,-1.3102792567382815,-0.011720163909316487,0,1,0,1,1,0,0,0,0,1,0
0,0,0,0,-1.2816237461508113,1,0,0,0,0,0,1,0,0,0.435369224791474,-0.9746743029191041,-0.5705298937831644,0,0,0.4338486444045155,0.0031493650749470433,1,0,0,0,0,1,0,0,0,0,1
0,0,1,0,0.18378270803857208,1,1,0,0,1,0,1,1,1,1.1471559685016557,0.6418008057749233,0.5079352703082123,1,0,1.2155814110535272,-0.8341776883791989,1,0,0,0,0,1,0,0,1,0,1
0,0,0,0,-1.0780950719578415,1,0,1,1,0,0,0,0,0,-0.2880317548300625,-0.8381891219152151,-0.031297311737476054,0,0,-0.002916536893175904,-3.3066328511872807,0,0,0,0,0,1,0,0,0,0,1
0,0,1,1,-1.2816237461508113,1,0,0,0,0,0,0,0,0,-1.472683817788267,-0.9999046450111266,-1.109762475828853,1,0,-1.4687269559452782,0.0031493650749470433,0,1,0,0,0,0,1,0,0,0,1
0,0,1,0,0.020959768684196134,1,1,0,0,1,1,0,1,1,0.9978300782128064,0.31102005123455423,0.5079352703082123,1,1,0.8675055335488032,1.4825217193133653,1,0,0,0,1,0,0,0,1,0,0
1,0,1,0,0.5501343215859179,1,1,0,1,1,0,1,0,1,0.9862158423014517,0.8833539070211568,0.5079352703082123,1,0,0.9533345039782853,0.34952192259076337,1,0,1,0,0,1,0,0,1,0,0
1,0,0,0,1.1607203441648277,1,1,1,0,1,1,1,1,1,1.5486766957227835,2.008210315195148,1.5864004343995892,0,1,1.5810895267252039,-0.4287122298605316,1,0,0,1,1,0,0,0,0,1,1
0,0,1,1,0.9164859351332638,1,0,0,0,0,0,0,0,0,-1.5191407614336867,-0.5709668900188368,-1.109762475828853,1,1,-1.5482290478302505,0.38905737612539354,0,1,1,0,1,0,0,0,0,1,0
0,0,1,0,0.18378270803857208,1,1,0,0,1,0,0,0,1,0.46523440284924406,0.23708417919097502,-0.5705298937831644,1,1,0.39074446394065643,0.8508779968328729,1,0,0,0,1,0,0,0,1,0,1
0,0,1,1,-0.019745966154397852,0,0,1,1,0,0,0,0,1,-0.9882042626288892,-0.54773303586627,-0.031297311737476054,1,0,-1.0618963200987421,0.8901277024635336,0,0,0,0,0,1,0,0,1,0,0
1,0,1,1,-0.9966836022806536,1,0,0,0,0,0,0,0,0,-1.5008898192872717,-0.9517695401851288,-1.109762475828853,1,0,-1.6099725141016812,1.3188840106384907,0,1,0,1,0,0,1,0,0,0,0
1,0,1,1,1.5270719577121736,1,0,1,1,1,1,1,0,1,1.2002496183821352,2.060316456472151,1.5864004343995892,1,1,1.1576782137997055,0.45508308297652833,1,0,0,1,1,0,0,0,0,1,0
1,1,1,0,-0.10115743583158582,1,0,0,1,0,0,0,0,1,-0.4821554122055666,-0.3386722273489802,-0.5705298937831644,1,1,-0.46394645048518424,-0.19569414016561257,0,0,0,0,0,0,0,0,1,0,1
0,0,0,0,1.1200146093262338,1,1,0,0,1,0,0,0,1,0.473530285643069,1.0819057295714214,-0.5705298937831644,0,1,0.479069281862105,-0.08023662099367561,1,0,1,0,0,0,0,0,0,1,0
0,0,0,0,-1.2816237461508113,1,0,0,0,0,0,0,0,0,-1.477661347464562,-0.999970463294845,-1.109762475828853,0,0,-1.4736901966418428,0.0031493650749470433,0,1,0,0,0,0,1,0,0,0,0
1,1,1,0,0.020959768684196134,1,1,1,0,1,1,1,1,1,1.4922646927247742,0.6122703358133037,1.5864004343995892,1,1,1.555891978039001,-0.7898921807525014,1,0,0,0,0,0,0,0,1,0,0
0,0,1,0,1.1607203441648277,1,1,0,0,1,1,1,1,1,1.3744631570524595,1.953493381997318,1.0471678523539008,1,0,1.5134484212758472,-1.6624673049464609,1,0,0,0,0,1,0,0,0,1,0
0,0,0,0,-1.0780950719578415,1,0,1,1,1,1,0,1,1,1.102358201415001,-0.7599311825741328,1.5864004343995892,0,1,0.9806323278093911,1.37901813520721,1,0,0,0,0,0,0,0,0,0,1
0,0,1,1,1.6084834273893616,1,1,0,0,0,0,0,0,0,-1.3183803978231226,-0.22465302052094435,-1.109762475828853,1,1,-1.3272975740593724,0.1477385268157308,0,1,0,1,0,0,0,0,0,1,0
1,0,1,1,-1.1595065416350294,1,0,0,0,0,0,0,0,0,-1.5290958207862766,-0.9719757532866531,-1.109762475828853,1,0,-1.4521828202900626,-0.8435391088525984,0,1,0,0,0,0,1,0,0,0,0
0,0,0,0,1.0386031396490458,1,1,1,1,1,0,1,1,1,1.4209201006978793,1.7698164915673935,1.5864004343995892,0,0,1.4640633814035184,-0.5492551447563081,1,0,1,0,0,1,0,0,0,1,0
1,0,0,0,-1.2816237461508113,1,0,0,0,0,0,0,0,0,-1.4710246412295018,-0.9998827055832207,-1.109762475828853,0,0,-1.4670725423797564,0.0031493650749470433,0,1,0,0,0,0,1,0,0,0,1
1,0,0,0,-0.9966836022806536,1,1,0,1,0,0,1,1,0,1.1919537355883103,-0.6493125870715435,0.5079352703082123,0,0,1.2409956626833463,-0.6102187055259739,1,0,0,0,0,1,0,0,0,0,1
1,0,0,0,-1.1595065416350294,1,0,0,0,0,0,0,0,0,-1.4992306427285067,-0.9745646057795735,-1.109762475828853,0,0,-1.5009880204729484,0.07049958459191118,0,1,0,0,0,0,1,0,0,0,0
0,1,1,0,1.6084834273893616,1,1,0,1,1,1,1,1,1,1.522129870782544,2.4497193623776363,1.5864004343995892,1,1,1.4736705483010035,0.512819478641812,1,0,0,1,1,0,0,0,0,1,0
0,0,1,1,-0.3453918448631497,0,0,1,1,1,1,0,1,1,-0.4124699967374369,-0.478799353385283,1.5864004343995892,1,0,-0.4830411403872453,0.8346038607784161,0,0,0,1,0,0,1,1,0,0,0
0,0,1,1,-1.0373893371192475,1,0,0,0,0,0,0,0,1,0.13505826765501053,-0.7864998297684279,-1.109762475828853,1,0,0.24737260109072823,-1.3108671626437753,1,0,0,0,0,1,0,0,0,0,1
1,1,1,0,-0.9152721326034655,1,0,1,0,0,0,0,0,0,0.3441145140593994,-0.6927965331814466,-0.5705298937831644,1,0,0.2351535751853763,1.2558634480904731,1,0,0,0,0,1,0,0,0,0,0
0,1,0,0,-1.2409180113122174,1,1,0,0,0,0,0,0,1,0.3490920437356946,-0.9394176422739908,-1.109762475828853,0,0,0.4719001564115115,-1.4400696245742786,1,0,0,0,0,0,1,0,0,0,1
0,0,0,1,-0.6303319887333076,1,1,0,1,1,1,0,0,1,0.9215079565096169,-0.3257937831680957,0.5079352703082123,1,1,0.8815134915456434,0.43441715727601127,1,0,0,0,1,0,0,1,0,0,0
1,0,1,0,1.0793088744876398,1,1,1,0,0,1,0,1,1,0.13837662077254032,0.788751093890025,0.5079352703082123,1,0,0.14892497933223464,-0.12731110856566194,0,0,1,0,0,0,1,0,0,1,0
0,0,1,0,1.6084834273893616,1,1,1,1,1,1,1,1,1,1.6167029346321486,2.581575324093337,2.1256330164452777,1,1,1.6117681250896783,0.003416627850809591,1,0,0,1,0,0,0,0,0,1,0
0,1,1,0,1.4456604880349857,1,1,1,1,0,0,0,1,1,1.0492645515345211,1.8791406608235222,0.5079352703082123,1,1,1.0540104353625235,-0.09023539307882349,1,0,1,0,1,0,0,0,0,1,1
0,0,1,1,-0.1825689055087738,1,0,0,0,0,0,0,0,0,-1.4942531130522119,-0.770659562820219,-1.109762475828853,1,0,-1.5070148127473486,0.19832755224655627,0,1,1,0,0,0,1,0,1,0,0
1,0,1,1,0.18378270803857208,1,0,1,0,1,1,0,0,1,-0.20507292689181286,-0.04222667748166806,0.5079352703082123,1,0,-0.1785079442392078,-0.30213695814094166,0,0,1,0,0,0,1,0,1,0,0
1,0,1,1,0.9164859351332638,1,0,0,0,0,0,0,0,0,-1.5075265255223318,-0.5585711132518866,-1.109762475828853,1,0,-1.5312337084753473,0.32608054748615584,0,1,1,0,0,0,1,0,0,1,0
1,0,0,0,0.5094285867473239,1,1,1,0,1,1,1,1,1,1.4441485725205894,1.169531804628411,1.5864004343995892,0,1,1.501827748067533,-0.7191015604117316,1,0,0,0,1,0,0,0,1,0,0
1,1,1,0,1.4049547531963917,1,1,1,1,0,0,0,0,0,0.6278337056082129,1.4433797437524336,-0.031297311737476054,1,1,0.6113647507110008,0.1705914886501648,1,0,0,0,0,0,0,0,0,1,0
1,0,0,0,1.3235432835192036,1,1,0,1,1,0,1,1,0,1.3329837430833347,1.9010581493017231,1.0471678523539008,0,1,1.2272544853958705,1.185256734443017,1,0,0,1,1,0,0,0,0,1,0
0,0,1,1,1.5270719577121736,1,0,1,0,0,1,1,1,0,0.3457736906181643,1.3771007320480855,1.0471678523539008,1,1,0.4216768874581786,-0.8943953970592905,0,0,0,1,1,0,0,0,0,1,0
0,0,1,1,1.4863662228735797,1,1,0,0,0,0,0,0,1,-1.3051069853530026,-0.27465297671896116,-1.109762475828853,1,1,-1.3462284210720947,0.5218715526590171,0,1,0,1,0,0,0,0,0,1,0
0,0,1,1,1.3235432835192036,1,1,0,0,0,0,0,0,1,-1.3150620447055927,-0.24167801657608304,-1.109762475828853,1,1,-1.2585909806076474,-0.6129201154296764,0,1,0,1,0,0,0,0,0,1,0
1,0,1,1,1.5677776925507676,1,1,0,1,0,1,0,0,1,0.659358060224748,1.6906809751100669,-0.031297311737476054,1,0,0.7185242856717954,-0.7101938050202162,1,0,0,1,0,1,0,0,0,1,0
1,0,1,1,1.5270719577121736,0,0,0,1,1,1,1,1,0,-0.15197927701133307,0.8070924556195301,1.5864004343995892,1,0,-0.19237052462490228,0.4748758005488668,0,0,1,0,0,1,0,0,0,1,0
1,0,1,1,0.9571916699718578,1,0,1,1,1,0,0,0,1,-0.17023021915774814,0.5081677503988279,0.5079352703082123,1,1,-0.10581515204874055,-0.7435446502840439,0,0,0,1,0,0,0,0,0,1,0
0,0,1,0,0.46872285190873,1,1,1,1,1,1,0,0,1,1.0011484313303363,0.7728011298022858,1.0471678523539008,1,1,0.9048677065701655,1.0864382854874048,1,0,0,0,1,0,0,0,1,0,0
1,0,0,0,-0.8338606629262776,1,0,0,1,0,0,0,0,1,-0.5269531792922214,-0.7486981954862063,-0.5705298937831644,0,1,-0.5134409896537043,-0.13956895723480844,0,0,0,0,0,0,0,0,0,0,0
0,0,1,1,-1.2816237461508113,1,0,0,0,0,0,0,0,1,-0.6381180087294758,-0.9888691127743552,-1.109762475828853,1,0,-0.6365569324879334,0.0031493650749470433,0,0,0,0,0,1,0,0,0,0,1
0,0,1,1,0.020959768684196134,1,1,0,0,0,0,0,1,0,0.704155827311403,0.19585999415540062,-0.5705298937831644,1,1,0.6043535091420557,1.1373153993649467,1,0,0,0,1,0,0,0,1,0,1
0,0,0,0,-0.6710377235719016,1,1,0,1,1,0,0,1,1,1.0177401969179862,-0.32632032943784217,0.5079352703082123,0,1,1.068419647629879,-0.6234482129310962,1,0,0,0,1,0,0,1,0,0,1
1,1,0,0,0.428017117070136,1,1,0,0,0,0,1,0,1,0.6610172367835129,0.590725817609507,-0.5705298937831644,0,0,0.6565788800046157,0.029552441164652176,1,0,0,0,0,1,0,0,1,0,0
1,0,1,0,0.020959768684196134,1,1,1,1,1,0,1,0,1,0.2594965095623849,0.0649913066954748,1.0471678523539008,1,1,0.3053057237379311,-0.5414835788977274,0,0,0,0,0,0,0,0,1,0,0
0,0,0,0,-0.06045170099299184,1,1,0,0,1,0,0,1,1,0.8285940692187774,0.2227138539124752,-0.031297311737476054,0,0,0.8472919312463066,-0.24514637507975684,1,0,0,0,0,1,0,0,1,0,1
1,1,0,0,-1.2002122764736234,1,1,0,0,1,0,1,0,0,0.866755130070372,-0.8820679777274283,-0.031297311737476054,0,0,1.039915480573914,-2.043014446916626,1,0,0,0,0,1,0,0,0,0,1
1,0,1,0,0.6722515261016999,1,1,1,0,1,1,1,1,0,0.6444254711958629,0.7722745835325391,1.5864004343995892,1,0,0.5924697654416644,0.5827932368361015,0,0,1,0,0,1,0,0,0,1,1
1,1,0,0,-1.2409180113122174,1,0,0,0,0,0,0,0,1,-0.6713015399047756,-0.9678072619844929,-1.109762475828853,0,0,-0.5985054204809376,-0.8242961889906085,0,0,0,0,0,1,0,0,0,0,1
1,0,0,0,-0.9966836022806536,1,1,0,1,1,0,1,0,1,0.9646465470375066,-0.6694529818893492,0.5079352703082123,0,0,1.0511517060397475,-1.038373672455243,1,0,0,0,0,1,0,0,0,0,1
1,0,0,0,-0.2639803751859618,1,0,0,1,1,0,1,0,0,0.8252757161012472,0.015781169902077886,0.5079352703082123,0,0,0.8232721452118981,-0.004251757948896822,1,0,0,0,0,1,0,0,1,0,1
1,0,0,0,-1.2816237461508113,1,0,0,0,0,0,0,0,0,-1.5058673489635668,-1.0003434335692487,-1.109762475828853,0,0,-1.5018152272557093,0.0031493650749470433,0,1,0,0,0,0,1,0,0,0,1
0,0,1,1,1.5677776925507676,0,0,1,1,0,1,1,1,0,-0.2083912800093429,0.8099665206752302,1.5864004343995892,1,0,-0.21687182363428834,0.10559758631201845,0,0,0,1,0,0,1,0,0,1,0
0,0,1,1,1.6084834273893616,0,0,0,1,1,1,1,1,1,-0.16359351292268806,0.8620726619522334,1.5864004343995892,1,0,-0.18912997487910288,0.3024836740392312,0,0,0,1,0,1,0,0,0,1,0
0,0,1,0,1.4049547531963917,1,1,1,1,1,0,0,1,0,0.3374778078243394,1.2133009633010936,1.0471678523539008,1,0,0.3524119885972005,-0.18497171715793873,0,0,1,0,0,0,1,0,0,1,0
0,0,1,1,-0.5896262538947137,1,0,0,0,1,1,0,0,1,-0.34942128750436724,-0.5889572209018442,-0.031297311737476054,1,1,-0.3893140163072115,0.4756699527971366,0,0,1,0,1,0,0,1,0,0,0
1,0,1,0,1.2014260790034217,1,1,1,1,0,0,0,1,0,1.034331962505636,1.624445842261531,0.5079352703082123,1,0,1.054173679205801,-0.2653204039673302,1,0,1,0,0,1,0,0,0,1,0
1,1,0,0,-0.06045170099299184,1,1,0,0,1,1,1,0,1,1.050923728093286,0.25388978096705256,0.5079352703082123,0,1,0.9231281143626333,1.4513342695272677,1,0,0,0,0,0,0,0,1,0,0
1,0,1,0,-0.9966836022806536,1,0,0,0,0,0,0,0,0,-1.4826388771408567,-0.939439581701897,-1.109762475828853,1,0,-1.4937499611237914,0.17874100881560312,0,1,0,0,0,0,1,0,0,0,0
0,0,0,0,1.5270719577121736,0,0,1,1,1,1,0,0,1,-0.6746198930223056,0.3329594791406608,1.0471678523539008,0,1,-0.7031352612604225,0.3541952031286717,0,0,0,1,0,0,0,0,0,1,0
1,0,1,0,1.4863662228735797,0,0,0,1,1,1,1,1,1,-0.1370466879824483,0.8618093888173599,1.5864004343995892,1,1,-0.10421939652112683,-0.3772469058200375,0,0,1,0,1,0,0,0,0,1,0
0,0,0,0,-1.2816237461508113,1,0,0,0,0,0,1,1,0,0.8518225410414869,-0.9691675065146714,-0.031297311737476054,0,0,0.8491064493504269,0.0031493650749470433,1,0,0,0,0,1,0,0,0,0,1
0,0,0,0,-0.38609757970174374,1,1,1,0,1,0,1,1,1,0.4519609903791239,-0.2002124978335416,1.0471678523539008,0,0,0.5027585659597177,-0.6059308809915069,0,0,1,0,0,1,0,1,0,0,0
1,0,1,0,1.6084834273893616,1,1,1,0,1,1,1,1,0,0.7207475928990529,1.665165420455265,1.5864004343995892,1,1,0.6519784774252958,0.7758060500890056,0,0,0,1,1,0,0,0,0,1,0
0,0,1,1,0.7129572609402939,1,0,0,0,0,0,0,0,1,0.1599459160364854,0.5521563033505716,-1.109762475828853,1,1,0.20567192544778193,-0.5371918246497217,1,0,0,0,0,0,0,0,0,1,0
1,0,0,0,0.46872285190873,1,1,0,0,1,0,0,1,1,0.8451858348064274,0.7738761617696849,-0.031297311737476054,0,0,0.9067101216772232,-0.7438257968404692,1,0,0,0,0,0,1,0,1,0,0
0,0,1,0,1.6084834273893616,1,0,0,0,0,0,0,0,0,-1.4892755833759168,-0.3842404191099636,-1.109762475828853,1,1,-1.4944393001094256,0.10978721264347326,0,1,0,1,0,0,0,0,0,1,0
0,0,0,0,-0.9966836022806536,0,0,0,1,0,0,0,0,1,-1.1839870965631583,-0.9093386866147188,-0.5705298937831644,0,0,-1.210018034636844,0.3423058276425156,0,0,0,0,0,0,1,0,0,0,0
1,0,0,0,0.26519417771576004,0,0,0,0,1,1,0,0,0,-0.9749308501587693,-0.4344817090149477,-0.031297311737476054,0,0,-1.037985536860511,0.7659584447322807,0,0,1,0,0,0,1,0,1,0,0
0,0,0,0,-0.5896262538947137,1,0,0,0,1,0,0,0,1,-0.4954288246756865,-0.6172152040449095,-0.5705298937831644,0,0,-0.5076964981067541,0.1592308261777506,0,0,0,0,0,0,1,1,0,0,0
1,1,1,1,-0.019745966154397852,1,0,0,1,0,0,1,1,1,0.9629873704787417,0.24664976975803737,0.5079352703082123,1,0,0.8100726292889026,1.7464376363220775,1,0,0,0,0,0,1,0,1,0,0
1,0,1,0,1.5677776925507676,1,1,0,0,1,0,1,1,1,1.118949967002651,2.046297162040149,0.5079352703082123,1,1,1.0962199122005138,0.22701770037077004,1,0,1,0,1,0,0,0,0,1,0
0,0,1,0,-1.2409180113122174,1,0,0,0,0,0,0,0,1,0.19147027065302033,-0.9468551083341611,-1.109762475828853,1,0,0.1914770570556069,-0.0064720948560445125,1,0,0,0,0,1,0,0,0,0,1
1,0,1,1,1.2421318138420157,1,0,0,0,0,0,0,0,0,-1.5008898192872717,-0.44909336800041477,-1.109762475828853,1,0,-1.4786009162728353,-0.20913363975176402,0,1,0,1,0,0,1,0,0,1,0
1,0,0,0,0.428017117070136,1,0,0,1,0,0,0,1,1,-0.16359351292268806,0.10935282992162249,-0.031297311737476054,0,0,-0.18759526048628034,0.28463300677707287,0,0,0,1,0,1,0,0,1,0,0
0,0,1,0,0.387311382231542,1,1,0,0,1,1,0,0,1,0.695859944517578,0.6276498747754845,-0.031297311737476054,1,1,0.7896657333891882,-1.114314481196309,1,0,0,0,1,0,0,0,1,0,0
0,0,0,0,-0.3453918448631497,1,1,0,0,0,0,0,0,0,-1.3200395743818876,-0.7662716772389977,-1.109762475828853,0,1,-1.3862820132634535,0.8145591525888439,0,1,0,1,1,0,0,1,0,0,0
1,0,1,1,1.2421318138420157,0,0,1,1,1,0,1,1,0,-0.1967770440979879,0.6179307082130792,1.5864004343995892,1,0,-0.2014199042229774,0.0605726814885047,0,0,0,1,0,1,0,0,0,1,0
1,0,1,1,-1.0373893371192475,1,0,0,0,0,0,0,0,0,-1.4826388771408567,-0.9455826215156069,-1.109762475828853,1,0,-1.4663635079945332,-0.1397980396141186,0,1,0,0,0,0,1,0,0,0,0
1,0,0,1,-0.5082147842175256,1,0,0,0,0,0,0,0,1,-1.5108448786398618,-0.8445954348637982,-1.109762475828853,1,0,-1.529113051086815,0.26292878321180657,0,1,0,0,0,1,0,1,0,0,1
1,0,1,1,0.46872285190873,1,0,0,0,0,0,0,0,1,-1.4743429943470319,-0.6293477076769864,-1.109762475828853,1,1,-1.4981679973499005,0.3263429509388191,0,1,1,0,0,0,0,0,1,0,0
1,0,1,0,-0.1825689055087738,1,0,1,1,0,1,0,0,0,-0.13372833486491825,-0.22539896106975188,0.5079352703082123,1,0,-0.03854551475065824,-1.102631279851533,0,0,0,0,0,0,1,0,1,0,0
1,1,1,0,-0.9966836022806536,1,0,1,0,0,0,1,0,0,-0.13372833486491825,-0.7667324052250258,-0.031297311737476054,1,1,0.13419298734942325,-3.1117982875846346,0,0,0,0,0,0,0,0,0,0,0
0,0,1,1,1.5270719577121736,1,1,0,1,1,1,1,1,1,1.5022197520773641,2.365274504367033,1.5864004343995892,1,0,1.4861974789532726,0.13620041097784483,1,0,0,1,0,1,0,0,0,1,0
1,1,1,0,1.6084834273893616,1,0,1,1,1,1,1,0,0,0.31424933600162985,1.3433140130726815,1.5864004343995892,1,1,0.31489171345027794,-0.017964394218068433,0,0,0,1,0,0,0,0,0,1,0
1,0,0,0,-1.2816237461508113,1,1,1,1,0,0,0,0,0,-0.1254324520710933,-0.9820898295513681,-0.031297311737476054,0,0,-0.12534314074177164,0.0031493650749470433,0,0,0,0,0,1,0,0,0,0,0
1,0,1,0,1.4049547531963917,1,1,0,0,0,0,0,0,0,-1.3051069853530026,-0.2257280524883435,-1.109762475828853,1,1,-1.2672095065688385,-0.39721825115809206,0,1,0,1,1,0,0,0,0,1,0
1,0,1,1,0.1023712383613841,1,0,0,1,0,1,1,0,1,0.8219573629837174,0.3801073097108838,0.5079352703082123,1,0,0.8440014017768177,-0.2838450397238703,1,0,1,0,0,1,0,0,1,0,0
1,1,1,0,0.5094285867473239,1,1,1,0,1,1,0,1,0,0.33913698438310474,0.5182160083798247,1.0471678523539008,1,1,0.4103927365200097,-0.8401181453215734,0,0,0,1,1,0,0,0,1,0,0
0,0,0,1,-0.8745663977648716,1,0,0,0,0,0,0,0,0,-1.5008898192872717,-0.9140556636145317,-1.109762475828853,1,1,-1.4983559988914368,0.020642928585847244,0,1,0,0,1,0,0,0,0,0,0
1,0,0,0,-1.1595065416350294,1,0,0,0,0,1,1,0,1,-0.12045492239479837,-0.8994878834848768,-0.031297311737476054,0,0,-0.08563721516925413,-0.4009519520268378,0,0,0,0,0,1,0,0,0,0,0
0,0,0,0,-0.6710377235719016,1,0,0,0,0,0,0,0,0,-1.4876164068171518,-0.8789745183926672,-1.109762475828853,0,0,-1.5362477095881268,0.6153147531844947,0,1,1,0,0,0,1,1,0,0,0
0,0,0,0,-0.5896262538947137,1,0,0,0,0,0,0,0,1,-1.5058673489635668,-0.8381233036314968,-1.109762475828853,0,0,-1.4331570642865645,-0.7954318091976242,0,1,0,0,0,0,1,1,0,0,0
0,1,0,0,-1.1595065416350294,1,1,0,0,0,0,1,1,1,0.9746016063900964,-0.8226779463855977,-0.031297311737476054,0,0,1.3623882580534907,-4.542990452320114,1,0,0,0,0,1,0,0,0,0,1
0,0,1,0,-0.5082147842175256,1,0,0,0,0,0,0,0,0,-1.4793205240233267,-0.8364120282548204,-1.109762475828853,1,0,-1.498258238089838,0.269663805163505,0,1,1,0,0,0,1,1,0,0,0
1,0,0,0,1.4049547531963917,1,1,1,1,1,1,1,1,1,0.7920921849259474,1.5813129269981254,2.1256330164452777,0,1,0.7666080057324042,0.2699653733105937,0,0,1,0,0,0,0,0,0,1,0
1,1,1,0,0.30589991255435406,1,0,1,1,1,1,1,0,1,1.102358201415001,0.7974829861966557,1.5864004343995892,1,1,1.2567539518949393,-1.8326251897588663,1,0,1,0,1,0,0,0,1,0,0
0,0,0,0,-1.0780950719578415,1,0,0,0,0,0,0,0,1,-1.459410405318147,-0.9608744027661631,-1.109762475828853,0,0,-1.5448299799592697,1.0422670376223893,0,1,0,0,0,0,1,0,0,0,0
0,0,1,0,1.0793088744876398,1,1,0,0,1,1,1,0,0,0.9430772517735615,1.3546128184443262,0.5079352703082123,1,0,0.8721560756361683,0.793413684152926,1,0,0,0,0,1,0,0,0,1,0
0,0,0,0,0.7129572609402939,0,0,0,1,1,1,0,0,0,-0.8372191957812748,-0.16085316416998635,0.5079352703082123,0,1,-0.8696638038699213,0.40532639019053185,0,0,0,1,1,0,0,0,0,1,0
1,0,1,0,-1.2816237461508113,1,0,0,0,0,1,1,0,1,0.659358060224748,-0.9717124801517797,-0.031297311737476054,1,0,0.6571944757499261,0.0031493650749470433,1,0,0,0,0,1,0,0,0,0,1
0,0,1,0,-0.7931549280876836,1,0,0,0,0,0,0,0,0,-0.7011667179625456,-0.7488737109094551,-1.109762475828853,1,0,-0.6402475473648663,-0.6851550761423766,0,0,1,0,0,1,0,1,0,0,0
1,0,0,1,-0.4675090493789317,1,1,0,0,0,0,0,0,0,-1.3349721634107725,-0.8039416749537827,-1.109762475828853,1,0,-1.4126344579142613,0.9478850973469167,0,1,0,0,0,0,1,1,0,0,0
0,0,0,0,0.346605647392948,1,1,0,1,1,0,1,1,1,1.3728039804936945,0.9408132687072498,1.0471678523539008,0,0,1.4373109992189093,-0.7961358184608684,1,0,0,0,0,1,0,0,1,0,1
0,0,0,1,0.06166550352279012,1,0,1,1,1,0,1,1,1,1.3412796258771595,0.6095937256087587,1.5864004343995892,1,1,1.4409972320270226,-1.2046268403805234,1,0,0,0,0,0,0,0,1,0,0
1,0,0,0,-0.1418631706701798,1,0,0,0,1,1,1,1,1,1.1239274966789456,0.22280161162409953,1.0471678523539008,0,1,1.054139633987823,0.7741932574760508,1,0,0,0,1,0,0,0,1,0,0
0,0,0,0,0.30589991255435406,1,0,1,1,0,0,1,0,0,0.0056424960713409395,0.12578546142329625,0.5079352703082123,0,0,-0.009534191155262236,0.17633564383284975,0,0,0,0,0,0,1,0,1,0,0
1,0,0,0,-1.2816237461508113,1,0,0,0,0,0,0,0,0,0.16658262227154547,-0.9782284902398936,-1.109762475828853,0,0,0.165833646790023,0.0031493650749470433,1,0,0,0,0,1,0,0,0,0,1
0,0,1,1,0.6722515261016999,1,1,0,1,0,0,1,1,1,1.1089949076500607,1.1364032684901901,0.5079352703082123,1,0,1.1528432745633241,-0.5470410579178627,1,0,0,0,0,1,0,0,0,1,0
1,0,0,0,0.1023712383613841,1,1,1,0,1,0,0,0,1,-0.17686692539280796,-0.08970359947048263,-0.031297311737476054,0,0,-0.1682160865682874,-0.09471462736602908,0,0,0,0,0,1,0,0,1,0,0
1,0,0,0,-0.9966836022806536,1,0,0,0,0,0,0,1,1,-0.3378070515930122,-0.8167104219951368,-0.5705298937831644,0,1,-0.336901275432841,0.0007440000921977871,0,0,0,0,1,0,0,0,0,0,0
1,0,0,0,-0.5896262538947137,1,0,1,0,1,1,1,0,1,0.11348897239106542,-0.4385843820333897,1.0471678523539008,0,0,0.24064990469749778,-1.4828316687120346,0,0,0,0,0,1,0,1,0,0,0
1,1,1,0,0.7129572609402939,1,1,1,0,1,0,1,1,1,1.3313245665245697,1.2566752122714666,1.0471678523539008,1,1,1.2682024937683487,0.6897367457507355,1,0,0,1,1,0,0,0,0,1,0
0,1,1,0,-0.019745966154397852,1,1,0,0,0,0,1,0,1,0.697519121076343,0.14447785399929902,-0.5705298937831644,1,1,0.5693037550815931,1.4680166395689132,1,0,0,0,1,0,0,0,1,0,1
0,0,0,0,-0.38609757970174374,1,0,0,0,1,0,0,0,0,-0.5053838840282764,-0.5344816214109815,-0.5705298937831644,0,1,-0.5931825246614335,1.038083794174132,0,0,0,0,1,0,0,1,0,0,0
1,0,0,0,-1.2002122764736234,1,0,0,0,0,0,1,0,1,0.450301813820359,-0.9027129793870745,-0.5705298937831644,0,0,0.5209810921886512,-0.837124802231937,1,0,0,0,0,1,0,0,0,0,1
1,0,1,1,0.22448844287716607,1,1,0,1,1,0,1,1,0,0.46523440284924406,0.24713243717197186,1.0471678523539008,1,1,0.34385725387996163,1.3962354845574068,0,0,1,0,1,0,0,0,1,0,0
1,0,1,0,0.7536629957788878,1,1,1,1,0,0,0,1,1,1.0442870218582263,1.1459907984851587,0.5079352703082123,1,1,1.0375473984115005,0.04352176556971126,1,0,1,0,1,0,0,0,0,1,0
1,0,0,0,-1.1188008067964355,1,0,0,0,1,1,0,0,0,-0.29135010794759253,-0.8810368246158412,-0.031297311737476054,0,0,-0.21997559668960484,-0.8204476050182113,0,0,0,0,0,1,0,0,0,0,0
0,0,1,0,1.2421318138420157,1,0,0,1,0,0,1,1,1,1.0310136093881064,1.6719666431061582,0.5079352703082123,1,0,1.0602148724175353,-0.37407295285453485,1,0,1,0,0,1,0,0,0,1,0
1,1,0,0,-1.2816237461508113,1,0,0,0,0,0,0,0,1,0.2229946252695553,-0.9774825496910857,-1.109762475828853,0,0,0.22208370801775612,0.0031493650749470433,1,0,0,0,0,1,0,0,0,0,1
1,0,1,1,-1.1595065416350294,0,0,1,0,0,0,1,0,0,-0.8753802566328698,-0.9404268559576718,-0.031297311737476054,1,1,-0.8574211434850618,-0.17965837361395542,0,0,0,0,1,0,0,0,0,0,0
0,0,0,0,0.387311382231542,1,1,1,1,0,0,0,0,1,-0.15861598324639314,0.05364862246801774,-0.031297311737476054,0,1,-0.24091574553320622,0.9625463696227169,0,0,1,0,0,0,0,0,1,0,0
0,0,1,1,1.5677776925507676,1,1,1,1,1,0,1,0,0,1.1803394996769556,2.076047026280829,1.0471678523539008,1,1,1.127816881142024,0.5714930686044166,1,0,0,1,0,0,0,0,0,1,0
1,0,0,0,-1.2816237461508113,1,0,0,0,0,0,0,0,1,-0.6381180087294758,-0.9888691127743552,-1.109762475828853,0,0,-0.6365569324879334,0.0031493650749470433,0,0,0,0,0,0,1,0,0,0,1
1,1,1,0,-0.1418631706701798,1,0,1,0,1,0,0,1,0,0.8352307754538371,0.1568078124825309,0.5079352703082123,1,1,0.8825370131226902,-0.5781195245492937,1,0,1,0,0,0,0,0,1,0,0
1,0,0,0,-0.06045170099299184,1,0,0,1,0,0,1,1,1,0.9812383126251565,0.2983171224769184,0.5079352703082123,0,0,1.0311986779168643,-0.6138655492094928,1,0,0,0,0,1,0,0,1,0,0
1,0,0,0,-0.9559778674420595,1,0,1,0,0,1,0,1,0,0.0006649663950462456,-0.7685533777412328,0.5079352703082123,0,0,-0.134718150946394,1.574654487137441,0,0,0,0,0,0,1,0,0,0,0
0,1,0,0,-0.6710377235719016,1,0,0,0,0,1,1,0,0,-0.18350363162786804,-0.5596461452192858,-0.031297311737476054,0,0,-0.031248369202732943,-1.7647938972453543,0,0,0,0,0,1,0,1,0,0,1
1,0,0,0,-1.2816237461508113,1,0,0,0,0,0,0,0,0,-1.477661347464562,-0.999970463294845,-1.109762475828853,0,0,-1.4736901966418428,0.0031493650749470433,0,1,0,0,0,0,1,0,0,0,0
0,0,1,0,-0.10115743583158582,1,1,0,1,0,1,1,0,1,0.9679649001550363,0.22163882194507586,0.5079352703082123,1,1,0.9444558178433192,0.24112014070155502,1,0,0,0,1,0,0,0,1,0,1
0,0,1,0,0.6722515261016999,1,0,0,0,0,0,0,0,0,-1.5241182911099815,-0.6058067015337341,-1.109762475828853,1,1,-1.5283196078462076,0.09975667703513948,0,1,1,0,1,0,0,0,0,1,0
0,0,1,1,-0.38609757970174374,1,1,0,1,0,1,1,0,1,0.15165003324266044,-0.28399917300696265,0.5079352703082123,1,1,0.22805398305855096,-0.8937380302317004,0,0,0,0,1,0,0,1,0,0,0
0,0,0,0,-1.2816237461508113,1,0,0,0,1,0,0,0,1,0.33084110158927976,-0.9760564868771888,-0.5705298937831644,0,0,0.3296205897766575,0.0031493650749470433,1,0,0,0,0,1,0,0,0,0,1
1,0,1,1,-0.9152721326034655,1,0,0,1,0,0,0,0,0,-0.5103614137045716,-0.8001900327818384,-0.5705298937831644,1,0,-0.5746818651374273,0.765168991609737,0,0,1,0,0,0,1,0,0,0,0
1,0,1,1,0.7129572609402939,1,1,0,0,0,0,0,0,0,-1.3266762806169474,-0.4554119232373734,-1.109762475828853,1,0,-1.3139069344837706,-0.10422612775495531,0,1,0,1,0,0,1,0,0,1,0
0,0,1,0,1.1200146093262338,1,1,1,1,0,0,0,1,1,0.9679649001550363,1.3938405155404447,0.5079352703082123,1,1,0.8711101497718639,1.0942229212497592,1,0,0,0,1,0,0,0,0,1,0
0,0,0,0,-1.2816237461508113,1,0,0,0,0,0,0,0,1,-1.480979700582092,-1.000014342150657,-1.109762475828853,0,0,-1.4769990237728858,0.0031493650749470433,0,1,0,0,0,0,1,0,0,0,1
1,0,0,0,-1.2409180113122174,1,1,0,0,0,0,0,1,0,-0.09556727401332349,-0.9570130634546883,-0.5705298937831644,0,1,-0.19151968336263403,1.1192387170703477,0,0,0,0,0,0,0,0,0,0,1
1,1,1,0,-0.019745966154397852,1,1,0,0,0,0,0,0,1,0.33084110158927976,0.0017618754700756574,-1.109762475828853,1,0,0.23299249746541362,1.1270561532642847,1,0,0,0,0,1,0,0,1,0,1
0,0,1,0,0.020959768684196134,1,0,0,0,0,0,0,0,0,-1.4892755833759168,-0.7151747496456754,-1.109762475828853,1,0,-1.4774502274725734,-0.08781716518173209,0,1,0,0,0,0,1,0,1,0,0
0,1,1,1,-0.3453918448631497,1,0,0,0,1,0,1,1,1,1.0492645515345211,-0.01574578799899744,0.5079352703082123,1,0,0.971877722691839,0.8650718172265716,1,0,0,1,0,1,0,1,0,0,0
1,1,1,1,0.346605647392948,1,1,0,1,1,1,1,1,1,1.560290931634139,0.9809404823475187,1.5864004343995892,1,0,1.511113984861322,0.5198921642957,1,0,1,0,0,1,0,0,1,0,1
0,1,1,0,0.30589991255435406,0,0,0,1,0,0,1,0,1,-0.8504926082513949,-0.2904493648113579,-0.031297311737476054,1,0,-0.7942225452821381,-0.6260941144121174,0,0,0,0,0,1,0,0,1,0,1
1,0,1,1,0.22448844287716607,1,1,0,0,0,0,0,0,0,-1.3233579274994176,-0.5859515192787076,-1.109762475828853,1,1,-1.3093372700670036,-0.11889125826030345,0,1,0,1,1,0,0,0,1,0,0
1,1,1,1,1.2828375486806096,1,1,1,0,1,1,1,1,1,1.5486766957227835,2.106038224228477,1.5864004343995892,1,1,1.5215221628870959,0.2641314657031798,1,0,0,1,0,0,0,0,0,1,0
0,1,1,0,1.4456604880349857,1,0,0,1,1,1,0,0,1,-0.1420242176587432,0.7356576783572473,0.5079352703082123,1,1,-0.21404890338723642,0.8424802519964374,0,0,1,0,0,0,0,0,0,1,0
1,0,1,0,1.5677776925507676,0,0,0,1,0,0,1,1,0,-0.5169981199396313,0.5335297290582872,0.5079352703082123,1,0,-0.5104719775155793,-0.058644800115666404,0,0,0,1,0,1,0,0,0,1,1
1,0,0,1,0.06166550352279012,1,1,1,1,0,0,1,1,1,1.2898451525554449,0.5140255776497585,1.0471678523539008,1,0,1.229037658750202,0.6642002591574108,1,0,1,0,0,1,0,0,1,0,0
1,1,0,0,-0.5489205190561197,1,1,1,0,0,0,1,0,1,0.8518225410414869,-0.28053274339779777,-0.031297311737476054,0,0,0.742179088378823,1.2468496593130158,1,0,0,0,0,1,0,1,0,0,1
1,0,0,0,-1.2816237461508113,1,0,0,0,0,0,0,0,0,-1.4842980536996218,-1.0000582210064695,-1.109762475828853,0,0,-1.480307850903929,0.0031493650749470433,0,1,0,0,0,0,1,0,0,0,0
1,0,1,0,-0.6303319887333076,1,1,0,1,1,0,1,1,1,1.24836573858632,-0.2443326873527219,1.0471678523539008,1,0,1.2428568779445583,0.022392284936935625,1,0,0,0,0,1,0,1,0,0,0
0,0,1,1,0.8757802002946699,1,1,1,1,0,0,1,1,1,1.2998002119080347,1.4683906915653953,1.0471678523539008,1,1,1.310749108707443,-0.17074961441859093,1,0,0,0,0,0,0,0,0,1,0
1,0,0,0,0.30589991255435406,0,0,1,1,1,0,1,1,0,-0.09556727401332349,0.09311765327110362,1.5864004343995892,0,1,-0.07111973613180224,-0.28116477588595434,0,0,1,0,1,0,0,0,1,0,0
0,0,0,0,0.428017117070136,1,1,1,1,1,1,1,1,0,1.6631598782775683,1.1389921209831109,2.1256330164452777,0,1,1.6180624847112157,0.46900702964078367,1,0,0,1,1,0,0,0,1,0,0
0,0,0,0,-0.7931549280876836,1,1,0,0,0,0,0,0,1,0.3341594547068096,-0.5703745254653719,-1.109762475828853,0,0,0.39516081948770376,-0.720680466656819,1,0,0,0,0,0,1,1,0,0,1
1,0,0,0,1.3642490183577978,1,1,0,0,0,0,0,0,0,-1.3100845150292975,-0.26335417134731626,-1.109762475828853,0,1,-1.2968434132364697,-0.11026723835405347,0,1,1,0,0,0,0,0,0,1,0
1,0,0,0,-1.2816237461508113,1,0,0,0,0,0,0,0,0,-0.6215262431418258,-0.9886497184952941,-1.109762475828853,0,1,-0.6200127968327178,0.0031493650749470433,0,0,0,0,1,0,0,0,0,0,1
0,0,0,0,-1.2409180113122174,1,0,0,0,0,0,0,0,1,-0.6480730680820658,-0.9734018161005501,-1.109762475828853,0,0,-0.8094431500849365,1.898576971480929,0,0,0,0,0,1,0,0,0,0,0
1,0,0,0,-0.1418631706701798,0,0,0,0,0,0,0,0,1,-1.3299946337344775,-0.6631344266523906,-1.109762475828853,0,0,-1.2495456828854907,-0.891314634027192,0,0,1,0,0,0,1,0,1,0,0
0,0,0,0,-0.30468611002455576,1,1,0,1,0,0,1,1,1,1.1720436168831305,0.038795629775583616,0.5079352703082123,0,0,1.0115698614846445,1.8273781679915664,1,0,0,0,0,1,0,0,1,0,1
0,1,0,0,-0.4675090493789317,0,0,1,0,0,0,1,0,1,-0.7642154271956153,-0.6402954822021336,-0.031297311737476054,0,0,-0.825002515760675,0.7325476607960782,0,0,0,0,0,1,0,1,0,0,1
0,1,1,0,0.22448844287716607,1,0,1,0,0,0,0,1,1,0.6145602931380933,0.37201166081353054,-0.031297311737476054,1,0,0.5916709911154541,0.24571143386160424,1,0,0,0,0,1,0,0,1,0,0
0,0,1,1,-1.0780950719578415,1,0,0,0,0,0,0,0,0,-1.5241182911099815,-0.9626295569986516,-1.109762475828853,1,1,-1.5668888274995574,0.5483654278313216,0,1,1,0,1,0,0,0,0,0,0
1,0,1,0,0.9164859351332638,1,1,0,0,1,1,1,1,1,1.3014593884668002,1.5110628788427725,1.0471678523539008,1,0,1.3063562786139404,-0.100412530909578,1,0,1,0,0,1,0,0,0,1,1
1,0,1,1,1.0793088744876398,1,1,0,0,1,0,1,1,1,1.1471559685016557,1.5631470806918695,0.5079352703082123,1,1,1.1386849051324806,0.06022582229271108,1,0,0,1,1,0,0,0,0,1,0
0,0,0,1,0.6722515261016999,1,0,0,0,0,0,0,0,0,-1.5091857020810966,-0.6046658512826165,-1.109762475828853,1,1,-1.5265639036542258,0.25252189798032415,0,1,1,0,1,0,0,0,0,1,0
1,0,1,0,-0.9152721326034655,1,0,0,0,0,0,0,0,0,-1.5042081724048018,-0.9257932575442988,-1.109762475828853,1,1,-1.5218336313985201,0.2552316152670122,0,1,1,0,0,0,0,0,0,0,0
1,0,0,0,-0.38609757970174374,1,1,0,0,1,0,0,0,1,0.5332606417586087,-0.16772020510459773,-0.5705298937831644,0,0,0.6092884133743885,-0.9021045171282173,1,0,0,0,0,1,0,1,0,0,1
0,0,0,0,-1.2816237461508113,1,0,0,0,0,0,0,0,1,-1.4826388771408567,-1.0000362815785633,-1.109762475828853,0,0,-1.4786534373384075,0.0031493650749470433,0,1,0,0,0,0,1,0,0,0,0
1,0,1,1,-0.06045170099299184,1,1,1,0,1,0,1,0,0,1.0990398482974708,0.3434684651076858,0.5079352703082123,1,1,1.141030391395683,-0.5250998221041897,1,0,1,0,0,0,0,0,1,0,0
0,1,1,1,0.9571916699718578,1,0,1,0,0,1,1,1,1,0.25451897988608974,0.7832442974855923,1.0471678523539008,1,1,0.264596228031783,-0.12570947328659174,0,0,0,1,1,0,0,0,0,1,0
0,0,1,0,1.5677776925507676,1,0,0,1,1,1,1,1,1,0.5233055824060188,1.4943889136341315,1.5864004343995892,1,1,0.5100448748165651,0.13676569594763355,0,0,0,1,1,0,0,0,0,1,0
0,0,0,0,0.5501343215859179,1,1,1,0,1,0,1,1,0,0.473530285643069,0.5679965702987807,1.0471678523539008,0,0,0.4363662302650921,0.4164538177628975,0,0,0,1,0,0,1,0,1,0,0
1,1,0,0,-0.7117434584104956,1,0,0,1,0,0,0,0,1,0.31424933600162985,-0.5375312018899304,-0.5705298937831644,0,0,0.2210910598784427,1.073055709401579,1,0,0,0,0,1,0,1,0,0,1
0,0,1,0,-1.2409180113122174,1,0,0,0,0,0,0,0,0,-1.4959122896109767,-0.9861047448581857,-1.109762475828853,1,1,-1.288395877303428,-2.363729777949782,0,1,0,0,0,0,0,0,0,0,0
0,0,1,0,1.5677776925507676,1,1,0,0,0,0,0,0,0,-1.3631781649097774,-0.27522340184452004,-1.109762475828853,1,0,-1.3694388404144704,0.11833585720657698,0,1,0,1,0,0,1,0,0,1,0
1,0,1,1,0.30589991255435406,1,0,0,0,0,0,0,0,0,-1.5042081724048018,-0.653963745787638,-1.109762475828853,1,0,-1.4795220044603061,-0.2369060602033746,0,1,0,1,0,0,1,0,1,0,0
0,0,1,0,-0.9966836022806536,1,0,0,0,0,0,0,0,0,-1.4859572302583868,-0.9403610376739534,-1.109762475828853,1,1,-1.5024356323427799,0.24128049836706872,0,1,0,0,0,0,0,0,0,0,1
0,0,0,0,-0.8338606629262776,1,0,0,0,0,0,0,0,1,-0.6596873039934208,-0.7793914551268495,-1.109762475828853,0,0,-0.7063180378340925,0.5644011943829774,0,0,0,0,0,1,0,0,0,0,0
1,1,0,0,-1.2002122764736234,1,1,0,0,0,0,1,1,1,0.9928525485365113,-0.8615984914910307,-0.031297311737476054,0,0,1.5544380994511189,-6.5651006144842,1,0,0,0,0,1,0,0,0,0,0
1,1,0,0,-0.5896262538947137,1,1,0,0,0,0,1,1,1,1.0127626672416914,-0.2399228623435945,-0.031297311737476054,0,0,1.0729118400195934,-0.7334268451978755,1,0,0,0,0,1,0,1,0,0,1
1,0,1,0,1.6084834273893616,1,1,0,1,1,1,1,1,1,1.4358526897267645,2.4314438189318497,1.5864004343995892,1,0,1.4545299024665668,-0.26518246188946476,1,0,0,1,0,1,0,0,0,1,0
0,0,1,0,1.5270719577121736,1,1,1,1,1,1,1,1,1,0.9911933719777464,2.000750909707072,2.1256330164452777,1,1,1.0935106019369765,-1.2231744278441405,0,0,0,1,1,0,0,0,0,1,0
0,0,0,0,0.590840056424512,1,0,0,0,1,1,1,1,0,0.31590851256039476,0.5313577256955827,1.0471678523539008,0,0,0.32258053205103393,-0.08815214831279346,0,0,0,1,0,0,1,0,1,0,0
0,1,0,0,-0.1418631706701798,1,1,1,1,0,0,0,0,1,-0.21170963312687294,-0.2546661578964981,-0.031297311737476054,0,1,-0.18741217382064948,-0.2755411984435246,0,0,0,0,0,0,0,0,1,0,0
1,0,1,1,1.6084834273893616,1,0,0,0,0,0,0,0,0,-1.472683817788267,-0.3803352009426767,-1.109762475828853,1,0,-1.4903492221279973,0.2546436371601182,0,1,0,1,0,1,0,0,0,1,0
0,0,0,0,0.26519417771576004,0,0,0,1,1,1,0,0,0,-0.790762252135855,-0.308154483131586,0.5079352703082123,0,1,-0.7937262212124818,0.06087812466091826,0,0,0,0,0,0,0,0,1,0,0
0,0,1,1,-1.0373893371192475,1,0,0,0,0,0,0,0,0,-1.4760021709057967,-0.9427743747436251,-1.109762475828853,1,0,-1.4361113742249958,-0.4146968947854001,0,1,0,0,0,0,1,0,0,0,0
0,0,1,0,1.5677776925507676,1,1,1,1,0,0,1,0,0,1.0193993734767515,1.9998294537350152,0.5079352703082123,1,0,1.0468671244290393,-0.35352221997263183,1,0,1,0,0,0,1,0,0,1,0
0,0,0,0,0.7536629957788878,1,0,0,0,0,0,1,1,0,0.7506127709568226,0.955051957418313,-0.031297311737476054,0,1,0.7552265893774973,-0.07872737237704487,1,0,1,0,1,0,0,0,0,1,0
0,0,1,1,0.7943687306174818,1,0,1,0,1,0,1,1,0,1.1737027934418955,1.2922829037630774,1.0471678523539008,1,0,1.1884203085098006,-0.21037303416289926,1,0,1,0,0,1,0,0,0,1,0
0,1,0,0,0.5501343215859179,1,0,0,1,0,0,1,1,0,1.0061259610066313,0.9323665889633989,0.5079352703082123,0,1,1.0336814584429626,-0.3540996254063356,1,0,1,0,1,0,0,0,1,0,1
1,0,1,1,0.22448844287716607,1,1,0,1,1,0,1,0,1,0.9862158423014517,0.5813796213215058,0.5079352703082123,1,0,1.007146482056829,-0.2763793655518517,1,0,0,0,0,1,0,0,1,0,1
1,1,1,1,-0.9152721326034655,0,0,0,0,0,0,0,1,1,-1.0081143813340692,-0.8498170187054516,-0.5705298937831644,1,1,-0.9489102136584038,-0.654958494205103,0,0,0,0,0,0,0,0,0,0,0
0,1,1,0,1.6084834273893616,1,1,1,1,1,1,1,1,1,1.6498864658074486,2.6479201540814037,2.1256330164452777,1,1,1.681253494841584,-0.41992760911296656,1,0,0,1,0,0,0,0,0,1,0
1,0,0,0,-0.5489205190561197,1,0,0,0,0,0,1,0,1,0.4569385200554191,-0.35288897663213736,-0.5705298937831644,0,1,0.4550077231635544,0.007200506098525026,1,0,0,0,0,0,0,1,0,0,0
0,1,1,0,-1.2002122764736234,1,0,0,0,0,1,1,0,1,0.6294928821669784,-0.8915896894386784,-0.031297311737476054,1,0,0.8005769847617944,-2.0109429138133006,1,0,0,0,0,0,1,0,0,0,1
0,0,0,0,1.4863662228735797,1,0,1,0,1,1,1,1,1,0.5813767619627935,1.4286803270553423,1.5864004343995892,0,1,0.5152985412462074,0.7491611133477365,0,0,0,1,1,0,0,0,0,1,0
0,0,0,0,0.8757802002946699,1,0,0,0,0,0,0,0,0,-1.4876164068171518,-0.5352714408156014,-1.109762475828853,0,0,-1.4872625153367693,0.045555058844886816,0,1,0,1,0,0,1,0,0,1,0
1,1,0,0,-0.8338606629262776,0,0,0,0,1,1,0,1,1,-0.7061442476388405,-0.7777021191780792,0.5079352703082123,0,0,-0.6957022174553292,-0.09787596420049983,0,0,0,0,0,1,0,0,0,0,1
0,0,1,1,-0.9966836022806536,1,0,0,0,0,0,0,0,0,-1.456092052200617,-0.9476010488829686,-1.109762475828853,1,1,-1.5706801919205442,1.3814235001899577,0,1,0,0,1,0,0,0,0,0,0
1,1,1,0,-0.38609757970174374,1,0,1,1,0,0,0,1,1,0.8319124223363072,-0.12076982938552965,0.5079352703082123,1,0,0.7632208059924818,0.7711928621752306,1,0,0,0,0,1,0,1,0,0,0
1,0,0,0,-1.0373893371192475,1,0,1,0,0,0,0,0,0,0.3125901594428645,-0.7747841752665671,-0.5705298937831644,0,0,0.37358072166051587,-0.7198346240255241,1,0,0,0,0,0,1,0,0,0,0
0,0,0,0,-1.0780950719578415,1,0,0,0,0,0,0,0,1,0.14335415044883548,-0.8253326171622366,-1.109762475828853,0,0,0.15866452133942952,-0.18286552692428684,1,0,0,0,0,0,1,0,0,0,1
1,0,0,0,0.5094285867473239,1,0,0,0,0,0,0,0,0,-1.5290958207862766,-0.6283604334212116,-1.109762475828853,0,1,-1.5109696489849285,-0.15977402308989835,0,1,1,0,0,0,0,0,1,0,0
0,0,1,1,1.6084834273893616,1,1,1,1,1,1,0,1,0,0.5282831120823135,1.5469119040413506,1.5864004343995892,1,1,0.5281272396730567,-0.015826292011184462,0,0,0,1,0,0,0,0,0,1,0
0,0,0,0,-1.2816237461508113,1,0,0,0,0,0,0,0,1,-1.4793205240233267,-0.9999924027227513,-1.109762475828853,0,0,-1.4753446102073642,0.0031493650749470433,0,1,0,0,0,0,1,0,0,0,0
0,0,1,1,-0.38609757970174374,1,1,0,0,0,0,0,0,0,-1.3631781649097774,-0.7343936884914247,-1.109762475828853,1,0,-1.2486180207063227,-1.2869629143680121,0,1,0,1,0,0,1,1,0,0,0
1,0,1,0,1.6084834273893616,1,0,0,0,1,0,1,1,1,0.9862158423014517,1.9517382277648292,0.5079352703082123,1,0,0.9521166717703322,0.3636868497113909,1,0,0,0,0,1,0,0,0,1,0
0,0,1,1,1.4049547531963917,1,1,1,0,0,0,1,1,1,0.3507512202944595,1.2857010753912455,0.5079352703082123,1,0,0.4338980298840835,-0.978813963404796,0,0,0,1,0,1,0,0,0,1,0
0,0,1,1,0.428017117070136,0,0,1,1,0,1,1,0,1,-0.4539494107065617,-0.06482428822495784,1.0471678523539008,1,1,-0.4930461743624588,0.46990204916925576,0,0,1,0,0,0,0,0,1,0,0
1,0,0,0,-1.2816237461508113,1,0,0,0,0,0,0,0,1,-0.6397771852882409,-0.9888910522022611,-1.109762475828853,0,0,-0.6382113460534552,0.0031493650749470433,0,0,0,0,0,1,0,0,0,0,1
1,1,1,0,1.1200146093262338,1,1,0,1,1,0,1,1,1,1.3080960947018598,1.7727563749068116,1.0471678523539008,1,0,1.3473330946072446,-0.5000529893160848,1,0,1,0,0,1,0,0,0,1,0
1,0,0,0,-1.2409180113122174,1,0,0,0,1,1,0,0,1,0.4950995809070136,-0.9420284341948176,-0.031297311737476054,0,0,0.37346254926297845,1.3982610550691985,1,0,0,0,0,1,0,0,0,0,1
0,0,0,0,-1.2816237461508113,1,0,0,0,1,0,0,0,0,0.3524103968532244,-0.9757712743144094,-0.5705298937831644,0,0,0.3511279661284375,0.0031493650749470433,1,0,0,0,0,1,0,0,0,0,0
1,0,1,0,1.6084834273893616,1,1,1,1,1,1,0,1,0,0.4619160497317138,1.5198825288610271,1.5864004343995892,1,1,0.49981838532968736,-0.4562753466300543,0,0,0,1,0,0,0,0,0,1,0
0,0,1,1,-0.019745966154397852,1,1,1,0,0,0,1,0,0,0.8186390098661871,0.2643548880782655,-0.031297311737476054,1,0,0.8517948713943998,-0.4129787769405841,1,0,0,0,0,1,0,0,1,0,0
0,0,0,0,1.1607203441648277,1,1,1,1,1,1,1,1,0,0.8202981864249524,1.3204750686224243,2.1256330164452777,0,0,0.7309108047841488,1.0122985558701159,0,0,0,1,0,1,0,0,0,1,0
0,0,1,1,1.2828375486806096,1,1,1,1,0,1,1,1,0,1.505538105194894,2.0614134278674565,1.5864004343995892,1,1,1.4689428317578639,0.37537959615530764,1,0,0,1,0,0,0,0,0,1,0
0,0,1,1,-0.7524491932490895,1,0,0,0,0,0,0,0,0,-1.5058673489635668,-0.8796985195135687,-1.109762475828853,1,0,-1.4526555098802114,-0.568640253681317,0,1,1,0,0,0,1,1,0,0,0
0,0,0,0,-0.7931549280876836,1,0,0,0,0,0,0,1,1,0.5166688761709587,-0.5649554867725636,-0.5705298937831644,0,0,0.426594677232613,1.0304252407842458,1,0,0,0,0,1,0,1,0,0,0
1,0,1,0,-0.30468611002455576,1,0,0,0,0,0,0,0,1,-1.459410405318147,-0.791655595326363,-1.109762475828853,1,1,-1.4933446298002389,0.4434273715172715,0,1,1,0,0,0,0,0,1,0,0
0,0,0,0,0.5501343215859179,1,0,0,0,1,1,0,0,0,-0.35108046406313215,0.070563921383626,-0.031297311737476054,0,1,-0.3790798299755673,0.3373905165908113,0,0,0,1,1,0,0,0,1,0,1
1,0,0,0,-1.1595065416350294,1,0,0,0,0,0,0,0,1,-0.6314813024944159,-0.9212737353956407,-1.109762475828853,0,0,-0.49634538280998136,-1.5507164137807197,0,0,0,0,0,1,0,0,0,0,0
1,0,0,0,0.590840056424512,1,0,0,0,0,0,0,0,0,-1.4760021709057967,-0.5951441395713662,-1.109762475828853,0,1,-1.4848134878483281,0.15177021422180356,0,1,0,1,0,0,0,0,1,0,0
1,0,1,1,0.8350744654560759,1,0,1,1,0,1,1,0,1,0.1582867394777205,0.6275840564917661,1.0471678523539008,1,0,0.17972447767034555,-0.254633146283783,0,0,0,1,0,0,1,0,0,1,0
1,0,1,0,-0.9559778674420595,1,0,0,0,1,0,1,1,1,0.16990097538907525,-0.7612694876764053,0.5079352703082123,1,0,-0.07368867275159854,2.827582380373654,0,0,0,0,0,0,1,0,0,0,0
0,0,1,1,1.5270719577121736,1,1,1,1,1,0,1,1,1,1.4341935131679995,2.470912849734936,1.5864004343995892,1,1,1.599997497781648,-1.9763972910134444,1,0,1,0,1,0,0,0,0,1,0
1,0,0,0,0.7129572609402939,1,0,1,1,1,1,0,0,1,0.8352307754538371,0.9873248558681958,1.0471678523539008,0,1,0.8619777868901844,-0.3389897500712278,1,0,1,0,1,0,0,0,0,1,0
1,0,0,0,-0.9559778674420595,1,0,0,0,1,0,0,0,1,0.2943392172964497,-0.6998829683951191,-0.5705298937831644,0,0,0.44065012239610385,-1.7116086048490189,1,0,0,0,0,1,0,0,0,0,0
0,0,1,0,1.5270719577121736,1,0,0,0,0,0,0,0,0,-1.497571466169742,-0.395648921621139,-1.109762475828853,1,1,-1.4880363257028653,-0.06090206817996159,0,1,0,1,0,0,0,0,0,1,0
1,0,0,0,1.4049547531963917,1,1,1,1,1,1,1,1,1,1.7726655311560575,2.415449975988298,2.1256330164452777,0,1,1.7054259723164293,0.722892009465187,1,0,1,0,0,0,0,0,0,1,1
1,0,0,0,-1.2816237461508113,1,0,0,0,0,0,0,0,1,-1.5025489958460367,-1.0002995547134366,-1.109762475828853,0,1,-1.4985064001246662,0.0031493650749470433,0,1,0,0,0,0,0,0,0,0,0
0,0,1,1,1.3642490183577978,1,1,0,0,0,0,0,0,1,0.3092718063253347,1.1232615511744324,-1.109762475828853,1,1,0.28743304385585755,0.24368586334981798,1,0,1,0,0,0,0,0,0,1,0
0,0,1,1,1.0386031396490458,1,0,0,0,0,0,0,0,0,-1.480979700582092,-0.49959793104027206,-1.109762475828853,1,1,-1.486497639588725,0.11363026704119862,0,1,0,1,1,0,0,0,0,1,0
0,0,1,1,-1.3223294809894055,0,0,1,0,1,1,1,0,1,-0.410810820178672,-1.0089217498805365,1.0471678523539008,1,1,-0.40990227401147994,0.0031493650749470433,0,0,0,1,0,0,0,0,0,0,0
0,0,0,0,-1.2409180113122174,1,0,0,0,0,0,0,0,0,0.1566275629189556,-0.9452315906691091,-1.109762475828853,0,0,0.2526903589799049,-1.122561446851448,1,0,0,0,0,1,0,0,0,0,1
0,0,0,0,0.346605647392948,1,0,0,0,0,0,0,0,1,-1.4959122896109767,-0.6533055629504548,-1.109762475828853,0,0,-1.494632651288323,0.035064451675319845,0,1,0,1,0,0,1,0,1,0,0
0,1,0,0,-1.1595065416350294,1,0,0,0,0,0,1,0,1,0.4619160497317138,-0.8804444600623764,-0.5705298937831644,0,0,0.27337052854892435,2.177599309479777,1,0,0,0,0,1,0,0,0,0,1
1,0,0,0,-0.38609757970174374,1,0,0,0,0,0,0,0,0,-1.4859572302583868,-0.8309491107061999,-1.109762475828853,0,1,-1.5651864599176437,0.9711518990019925,0,1,1,0,0,0,0,1,0,0,0
1,1,1,0,1.1607203441648277,1,1,0,1,0,0,0,1,0,-0.029200211662723803,0.7034944770468949,-0.031297311737476054,1,1,-0.031800970455151005,0.031225100611292113,0,0,1,0,0,0,0,0,0,1,0
0,0,0,1,-0.9966836022806536,1,0,0,0,0,0,0,0,0,-1.4892755833759168,-0.9371359417717559,-1.109762475828853,1,0,-1.472035783076321,-0.1507939938209698,0,1,0,0,0,0,1,0,0,0,0
1,0,0,1,-1.2816237461508113,1,0,0,1,0,0,0,0,1,0.3457736906181643,-0.975859032026034,-0.5705298937831644,1,0,0.34451031186635117,0.0031493650749470433,1,0,0,0,0,1,0,0,0,0,1
0,0,0,0,-0.4268033145403377,1,1,0,0,0,0,0,0,0,-1.2835376900890578,-0.7430597625143368,-1.109762475828853,0,0,-1.2374098592387182,-0.49366783863460395,0,1,0,1,0,0,1,1,0,0,0
1,0,0,0,-1.2409180113122174,1,0,1,0,0,0,0,0,1,-0.5684325932613462,-0.9683557476821455,-0.5705298937831644,0,0,-0.6191855900499571,0.6093013407276201,0,0,0,0,0,1,0,0,0,0,1
0,0,1,0,0.9164859351332638,1,1,0,0,1,0,0,0,1,0.42541416543888416,0.9472634605116451,-0.5705298937831644,1,0,0.5333541003089756,-1.2696823159781119,1,0,0,0,0,1,0,0,0,1,1
1,0,1,1,1.1200146093262338,1,1,0,0,0,0,0,0,0,0.3125901594428645,0.945135336004753,-1.109762475828853,1,1,0.3071757124044147,0.05253952605405271,1,0,0,0,0,0,0,0,0,1,0
0,0,1,1,0.7536629957788878,1,1,1,0,0,1,1,0,1,1.0028076078891015,1.1850429801580284,0.5079352703082123,1,0,1.0952896757963706,-1.1091668653788878,1,0,1,0,0,0,1,0,0,1,0
0,0,0,0,-1.0373893371192475,1,0,0,0,0,0,1,0,1,0.5100321699358986,-0.7778118163176098,-0.5705298937831644,0,0,0.34096513994023386,1.9494332596876143,1,0,0,0,0,0,1,0,0,0,1
0,1,0,0,-1.2409180113122174,1,0,0,0,0,0,0,0,1,0.15496838636019022,-0.9511552362037579,-1.109762475828853,0,0,0.02934452763449432,1.4559898146551642,1,0,0,0,0,1,0,0,0,0,1
0,0,0,0,0.1023712383613841,1,1,0,1,0,1,0,0,0,0.6759498258123978,0.2712438684407829,-0.031297311737476054,0,1,0.6094528271448756,0.7508742511408288,1,0,0,0,1,0,0,0,1,0,1
0,0,0,0,1.5270719577121736,1,1,1,1,1,1,1,1,0,0.8236165395424823,1.784932757394701,2.1256330164452777,0,1,0.8610182270221821,-0.46252929558520073,0,0,0,1,1,0,0,0,0,1,0
1,0,0,0,-1.2816237461508113,1,0,0,0,0,0,1,1,1,0.8070247739548323,-0.9697598710681363,-0.031297311737476054,0,0,0.8044372830813449,0.0031493650749470433,1,0,0,0,0,1,0,0,0,0,0
0,0,1,1,-0.10115743583158582,1,1,0,0,0,0,0,0,1,-1.3216987509406526,-0.6624762438152074,-1.109762475828853,1,0,-1.277862777602941,-0.4657364488955335,0,1,0,1,0,0,1,0,1,0,0
0,0,0,0,-0.9966836022806536,1,0,1,0,0,0,0,0,1,-0.5004063543519814,-0.8485225924589913,-0.5705298937831644,0,0,-0.6367637341836236,1.6027170786028389,0,0,0,0,0,1,0,0,0,0,1
1,1,0,0,-1.1188008067964355,1,0,0,0,0,0,0,0,1,0.17653768162413533,-0.8632878274398009,-1.109762475828853,0,0,0.04770851821178339,1.4925513623929496,1,0,0,0,0,0,1,0,0,0,1
0,0,0,0,-0.9559778674420595,1,0,0,1,0,1,1,0,0,0.04380355692293595,-0.7366315101378477,0.5079352703082123,0,0,0.13274537547959134,-1.035968307472491,0,0,0,0,0,0,1,0,0,0,1
1,0,0,0,-0.8745663977648716,1,0,0,1,0,0,0,0,1,0.3192268656779245,-0.6470308865693084,-0.5705298937831644,0,0,0.3321774107415545,-0.16129013192751376,1,0,0,0,0,1,0,0,0,0,1
1,0,1,1,1.2421318138420157,0,0,0,1,1,1,0,0,0,-0.8488334316926298,0.04199878624987526,0.5079352703082123,1,1,-0.8907851503897464,0.5162938947280031,0,0,0,1,0,0,0,0,0,1,0
1,0,1,1,0.26519417771576004,1,1,0,0,0,0,0,0,1,-1.3648373414685424,-0.6123446510497539,-1.109762475828853,1,0,-1.3818914541857235,0.24393256745061323,0,1,0,1,0,0,1,0,1,0,0
0,0,1,1,-0.6303319887333076,1,1,1,0,1,0,1,0,0,0.9779199595076267,-0.30370077926664635,0.5079352703082123,1,0,0.9795131656915383,-0.05118358512361184,1,0,0,0,0,1,0,1,0,0,1
0,0,0,0,-0.7524491932490895,1,1,0,1,0,0,0,0,1,-0.3543988171806622,-0.6696504367405042,-0.5705298937831644,0,0,-0.321272975858539,-0.3734620665097104,0,0,1,0,0,0,1,1,0,0,0
0,0,1,0,1.1607203441648277,1,0,1,1,0,1,0,1,0,0.9546914876849167,1.562686352705841,1.0471678523539008,1,1,1.0303325386096902,-0.9116779726261977,1,0,1,0,0,0,0,0,0,1,0
0,0,1,1,1.6084834273893616,1,1,1,1,1,1,1,1,1,1.681410820423983,2.5980957133066354,2.1256330164452777,1,1,1.6290705336290912,0.5526416322450963,1,0,0,1,0,0,0,0,0,1,0
1,1,1,0,0.30589991255435406,1,0,0,0,0,0,0,1,0,-0.3029643438589475,-0.007035835120272965,-0.5705298937831644,1,0,-0.2599296842969504,-0.49043152938509044,0,0,1,0,0,1,0,0,1,0,0
0,0,1,1,-1.2816237461508113,1,0,0,0,0,0,0,0,1,-1.4859572302583868,-1.0000801604343756,-1.109762475828853,1,1,-1.4819622644694506,0.0031493650749470433,0,1,0,0,1,0,0,0,0,0,1
0,0,0,0,0.590840056424512,0,0,1,1,0,1,0,0,0,-0.8388783723400399,-0.21969470981416417,0.5079352703082123,0,1,-0.8824309485553397,0.5345814923273401,0,0,1,0,1,0,0,0,1,0,0
1,0,1,1,0.06166550352279012,1,0,0,0,0,0,1,0,0,0.443665107585299,0.11626374971204606,-0.5705298937831644,1,0,0.3468459545470877,1.1113151618330568,1,0,0,0,0,1,0,0,1,0,1
0,0,0,0,-0.5896262538947137,0,0,1,1,0,1,0,0,1,-0.8206274301936248,-0.6965262359254848,0.5079352703082123,0,0,-0.8399578891823342,0.25223827217737027,0,0,1,0,0,0,1,1,0,0,0
0,0,0,0,-0.22327464034736777,1,0,0,0,0,0,0,0,1,-1.4826388771408567,-0.7727657478992052,-1.109762475828853,0,1,-1.4891313899200438,0.12502119086754823,0,1,0,1,0,0,0,0,1,0,0
0,0,1,1,0.5501343215859179,1,0,0,0,0,0,0,0,0,-1.4826388771408567,-0.6182463571564966,-1.109762475828853,1,1,-1.5082530539563257,0.34743030086663146,0,1,0,1,0,0,0,0,1,0,0
1,0,1,1,1.4456604880349857,1,0,1,1,0,1,0,1,0,1.0011484313303363,1.9236776994729186,1.0471678523539008,1,1,1.1033995462155937,-1.222737823780043,1,0,0,1,0,0,0,0,0,1,0
0,0,0,0,-1.2002122764736234,1,0,0,0,0,0,0,0,0,-1.4959122896109767,-0.9809489793002506,-1.109762475828853,0,0,-1.4455651660279762,-0.5356523910607633,0,1,0,0,0,0,1,0,0,0,1
1,0,0,0,-0.4268033145403377,1,1,0,0,0,0,1,1,1,0.9862158423014517,-0.08546928988460402,-0.031297311737476054,0,1,1.016578222551178,-0.3860824230425729,1,0,0,0,1,0,0,1,0,0,1
1,1,1,0,0.14307697319997809,1,1,0,1,0,0,1,1,1,1.0476053749757561,0.49879961468292044,0.5079352703082123,1,0,1.0094926533412671,0.4083197332801738,1,0,0,0,0,1,0,0,1,0,1
1,0,1,1,-0.1825689055087738,0,0,0,1,1,1,1,1,1,-0.16359351292268806,-0.2708574556912048,1.5864004343995892,1,1,-0.16097211859925376,-0.025027767580109425,0,0,1,0,1,0,0,0,1,0,0
0,0,0,0,0.7536629957788878,1,0,0,0,0,0,0,0,1,-1.4959122896109767,-0.5714714968606772,-1.109762475828853,0,1,-1.501880106219063,0.119361508555198,0,1,1,0,0,0,0,0,0,1,0
0,0,0,0,-1.1595065416350294,1,1,0,0,0,1,1,1,1,1.1919537355883103,-0.8337354180502754,0.5079352703082123,0,0,1.1539321487977745,0.4024399522112306,1,0,0,0,0,0,1,0,0,0,0
1,0,0,0,-0.2639803751859618,1,0,0,0,1,1,1,1,1,1.118949967002651,0.10428482207531178,1.0471678523539008,0,0,1.0799607730316663,0.41613202980534175,1,0,0,0,0,1,0,0,1,0,0
1,0,1,1,0.18378270803857208,1,1,0,1,1,0,1,0,1,0.9298038393034418,0.48965087324607404,0.5079352703082123,1,0,0.9054906522186076,0.25174708653524913,1,0,0,0,0,1,0,0,1,0,0
0,0,0,0,-1.2816237461508113,1,0,0,0,0,0,0,0,1,-0.6762790695810708,-0.9893737196161955,-1.109762475828853,0,1,-0.6746084444949295,0.0031493650749470433,0,0,0,0,1,0,0,0,0,0,0
0,0,0,0,-1.1188008067964355,1,0,0,0,0,0,0,0,0,-1.4959122896109767,-0.9615106461754401,-1.109762475828853,0,1,-1.433653388356221,-0.6742014140670888,0,1,0,0,1,0,0,0,0,0,1
1,0,0,0,-0.4268033145403377,1,1,1,0,0,0,1,1,1,1.2085455011759603,0.0077952181442549695,0.5079352703082123,0,1,1.3362560437799114,-1.5257880857776858,1,0,0,0,0,0,0,1,0,0,1
1,0,1,1,0.9571916699718578,1,1,0,0,0,0,0,0,1,-1.3432680462045974,-0.3807301106449865,-1.109762475828853,1,0,-1.3027833667035886,-0.4260364725612159,0,1,1,0,0,0,1,0,0,1,0
1,0,0,0,0.1023712383613841,1,0,0,0,0,0,0,0,0,-1.4710246412295018,-0.6780751770564492,-1.109762475828853,0,1,-1.4358750294299214,-0.35971712375114406,0,1,1,0,0,0,0,0,1,0,0
1,0,0,0,-0.8745663977648716,1,0,1,0,0,0,0,0,1,0.2843841579438598,-0.6615109089873387,-0.5705298937831644,0,0,0.23291259681026089,0.5891837426900847,1,0,0,0,0,1,0,0,0,0,1
0,1,0,0,1.4049547531963917,1,1,0,1,0,0,0,0,0,-0.33282952191671733,0.6257850234034654,-0.5705298937831644,0,0,-0.3088348900759614,-0.2679747595477133,0,0,0,0,0,1,0,0,0,1,0
1,0,1,1,-0.7931549280876836,1,0,0,1,1,1,0,0,0,-0.10386315680714844,-0.6797864524331255,0.5079352703082123,1,1,-0.23949767676275913,1.5810687937580983,0,0,0,0,0,0,0,1,0,0,0
1,0,0,0,0.30589991255435406,0,0,0,1,0,1,0,0,0,-0.9599982611298843,-0.40212105285344046,-0.031297311737476054,0,1,-1.0047466714947564,0.5525347271347503,0,0,1,0,1,0,0,0,1,0,0
1,1,0,0,-1.2816237461508113,1,0,0,0,0,0,0,0,0,-0.618207890024296,-0.9886058396394818,-1.109762475828853,0,0,-0.616703969701675,0.0031493650749470433,0,0,0,0,0,1,0,0,0,0,0
0,0,1,1,1.4863662228735797,0,0,1,1,1,1,0,0,0,-0.6198670665830609,0.36071285544188564,1.0471678523539008,1,1,-0.651854263716959,0.3927487715561,0,0,0,1,0,0,0,0,0,1,0
1,0,0,0,-0.7117434584104956,0,0,0,0,0,1,0,0,1,-1.1690545075342733,-0.8166226642835123,-0.5705298937831644,0,0,-1.181961937921541,0.18916425707418094,0,0,0,0,0,1,0,1,0,0,1
1,0,0,0,-0.8745663977648716,1,0,0,0,0,0,0,0,0,-1.4793205240233267,-0.9144725127447477,-1.109762475828853,0,0,-1.5012136223227925,0.30403865746242315,0,1,0,0,0,0,1,0,0,0,0
0,0,0,0,-1.2409180113122174,1,0,0,0,0,0,0,0,0,-1.4876164068171518,-0.9914579652672756,-1.109762475828853,0,0,-1.4902343322970584,0.08012104452290685,0,1,0,0,0,0,1,0,0,0,0
1,0,1,1,-1.2409180113122174,1,0,0,0,0,0,0,0,0,-1.480979700582092,-0.9912605104161207,-1.109762475828853,1,0,-1.4827894712522114,0.07049958459191118,0,1,0,0,0,0,1,0,0,0,0
0,1,1,0,0.1023712383613841,1,1,0,0,1,0,1,1,0,1.2317739729986703,0.5060176864640297,0.5079352703082123,1,1,1.1152779575633385,1.3138671065316139,1,0,0,0,0,0,0,0,1,0,0
0,0,1,1,1.4456604880349857,1,0,1,1,1,1,1,1,1,0.665994766459808,1.451694786928848,2.1256330164452777,1,1,0.5799966192293393,0.9780296433772174,0,0,0,1,1,0,0,0,0,1,0
1,0,1,0,1.5270719577121736,1,1,1,0,1,1,0,1,0,0.4104815764099991,1.4036255003865683,1.0471678523539008,1,1,0.45025097318268636,-0.47627423834376714,0,0,0,1,1,0,0,0,0,1,0
1,0,0,0,0.7943687306174818,0,0,0,1,0,0,0,0,0,-1.1557810950641534,-0.29659240462506775,-0.5705298937831644,0,0,-1.1157005535793698,-0.42759599491266753,0,0,1,0,0,0,1,0,0,1,0
1,1,1,0,-0.6710377235719016,1,1,0,0,0,0,1,0,1,0.667653943018573,-0.39850104724893287,-0.5705298937831644,1,1,0.7282308582195083,-0.7268789071892896,1,0,0,0,1,0,0,1,0,0,0
1,0,0,0,-1.0780950719578415,1,0,0,0,0,0,0,0,0,-1.5191407614336867,-0.9543364532501433,-1.109762475828853,0,0,-1.462660772871699,-0.6062097638880602,0,1,1,0,0,0,1,0,0,0,0
0,1,0,0,-0.6710377235719016,1,1,0,0,0,0,1,0,1,0.6576988836659831,-0.41649137813194026,-0.5705298937831644,0,0,0.6434421629865283,0.14386321656574436,1,0,0,0,0,1,0,1,0,0,1
0,0,1,1,1.4456604880349857,1,1,1,0,1,1,1,1,0,1.5536542253990788,2.286950746742232,1.5864004343995892,1,1,1.5062492494200939,0.49950350386803066,1,0,0,1,1,0,0,0,0,1,0
1,0,0,0,-0.8338606629262776,1,1,0,0,0,1,1,1,1,1.1620885575305409,-0.5118840106676917,0.5079352703082123,0,0,0.9747040125329386,2.1407170464109697,1,0,0,0,0,0,1,0,0,0,1
1,0,1,0,0.7129572609402939,1,1,1,1,0,0,0,1,1,0.9779199595076267,1.1476801344339287,0.5079352703082123,1,1,1.103819961898126,-1.4970286673657611,1,0,0,0,1,0,0,0,0,1,0
1,0,1,1,1.1607203441648277,1,0,0,0,0,0,0,0,0,-1.472683817788267,-0.43588583240093853,-1.109762475828853,1,1,-1.4403035884589404,-0.32745030730808866,0,1,0,1,1,0,0,0,0,1,0
1,0,0,0,-1.1595065416350294,1,0,0,1,0,0,0,0,0,-0.5203164730571613,-0.9174562749399783,-0.5705298937831644,0,0,-0.4243783927097936,-1.0985077970239607,0,0,0,0,0,0,1,0,0,0,0
1,1,1,0,-0.7931549280876836,1,1,0,0,0,0,1,1,1,1.0061259610066313,-0.4676102451531686,-0.031297311737476054,1,0,0.9912587534033181,0.13933002871364136,1,0,0,0,0,1,0,1,0,0,1
0,0,0,0,-0.5489205190561197,1,1,1,1,0,0,0,1,1,1.0028076078891015,-0.22381932226051224,0.5079352703082123,0,0,0.9672664076879405,0.3799054802675901,1,0,0,0,0,1,0,1,0,0,1
0,0,1,0,0.5501343215859179,1,0,0,1,0,0,1,1,1,0.13837662077254032,0.38116040225037695,0.5079352703082123,1,1,0.1300839275698394,0.09183412617803033,0,0,0,0,1,0,0,0,1,0,0
0,0,1,1,-0.019745966154397852,1,0,1,1,1,1,0,1,0,0.3772980452346993,0.04599176212878662,1.5864004343995892,1,1,0.33722055209327206,0.45355395809464066,0,0,0,0,0,0,0,0,1,0,0
1,0,1,0,0.387311382231542,0,0,1,0,0,0,1,0,1,-0.82228660675239,-0.2954296149460442,-0.031297311737476054,1,1,-0.8676627512716238,0.5552378992106034,0,0,0,0,0,0,0,0,1,0,0
1,0,0,0,-1.1595065416350294,0,0,0,0,0,1,0,1,1,-0.82560495986992,-0.9376405486135964,-0.031297311737476054,0,0,-0.8048935127797523,-0.2133334833724368,0,0,0,0,0,1,0,0,0,0,0
0,0,1,1,1.5270719577121736,1,1,1,1,1,1,1,1,1,0.7987288911610074,1.7524624040936632,2.1256330164452777,1,1,0.826039197351155,-0.3443227878615526,0,0,0,1,0,0,0,0,0,1,0
1,1,0,0,0.590840056424512,1,1,0,1,0,1,0,0,0,-0.17686692539280796,0.1995019391878144,-0.031297311737476054,0,1,-0.20985903373788367,0.389645457622145,0,0,0,1,0,0,0,0,1,0,0
1,0,1,0,1.2828375486806096,1,1,1,1,1,0,0,0,0,0.8136614801898924,1.4889479355134168,0.5079352703082123,1,1,0.7944332510523315,0.19648057556337784,1,0,1,0,0,0,0,0,0,1,0
0,0,0,0,-1.2816237461508113,1,0,0,0,0,0,0,0,1,-1.5158224083161567,-1.0004750701366856,-1.109762475828853,0,1,-1.5117417086488385,0.0031493650749470433,0,1,0,0,0,0,0,0,0,0,0
1,0,1,1,1.3235432835192036,1,1,1,0,1,1,1,1,0,1.4507852787556494,2.035371326942908,1.5864004343995892,1,1,1.3830747907516083,0.7391170385658191,1,0,0,1,0,0,0,0,0,1,1
0,0,1,1,1.1607203441648277,0,0,0,1,1,1,1,0,0,-0.45063105758903166,0.41468384809090786,1.0471678523539008,1,1,-0.3888288422014756,-0.7037913465761825,0,0,0,1,1,0,0,0,0,1,0
0,0,0,1,-1.2409180113122174,1,0,1,0,0,0,0,1,1,-0.12377327551232817,-0.9536563309850541,-0.031297311737476054,1,1,-0.06495704560023463,-0.6799742900256859,0,0,0,0,1,0,0,0,0,0,0
1,1,1,0,-0.4675090493789317,1,0,0,0,0,0,0,0,1,0.13837662077254032,-0.3618183237899227,-1.109762475828853,1,0,0.17497231219957074,-0.43027449657844374,1,0,0,0,0,1,0,1,0,0,1
0,0,0,0,-1.2409180113122174,1,0,0,0,1,0,0,1,1,0.7058150038701679,-0.9305102345441116,-0.031297311737476054,0,0,0.8077461102123878,-1.2091545862303992,1,0,0,0,0,0,1,0,0,0,1
1,0,1,1,0.26519417771576004,1,0,0,1,0,0,1,0,1,0.7091333569876977,0.4241616809463459,-0.031297311737476054,1,0,0.6222396865707012,0.9870053190443692,1,0,0,0,0,0,1,0,1,0,1
0,0,1,0,0.18378270803857208,1,1,1,0,1,1,0,1,1,1.1372009091490658,0.6385537704448194,1.0471678523539008,1,0,1.2089637567914409,-0.872663528103176,1,0,1,0,0,1,0,0,1,0,1
0,0,1,1,-0.9966836022806536,1,0,0,0,1,0,1,1,1,0.9712832532725666,-0.6678514036522035,0.5079352703082123,1,0,1.0662482298251315,-1.1369936367479379,1,0,0,0,0,1,0,0,0,0,1
1,1,1,0,0.8757802002946699,1,1,0,1,1,1,1,1,1,1.510515634871189,1.6579254092462499,1.5864004343995892,1,0,1.575424641902642,-0.8054096194964321,1,0,0,1,0,1,0,0,0,1,0
0,1,1,0,0.9571916699718578,1,1,1,1,1,1,0,0,0,1.0193993734767515,1.3920195430242381,1.0471678523539008,1,0,1.084358149747716,-0.7895902085252334,1,0,1,0,0,1,0,0,0,1,0
1,0,1,1,1.1200146093262338,1,0,0,1,1,0,1,0,0,0.8634367769528422,1.3839677729826967,0.5079352703082123,1,0,0.8587020480304521,0.026240868909335528,1,0,1,0,0,1,0,0,0,1,1
1,0,1,1,1.4456604880349857,1,1,0,1,1,1,0,1,1,0.3607062796470494,1.314002937390123,1.0471678523539008,1,1,0.4273039789762021,-0.7866593016134803,0,0,1,0,0,0,0,0,0,1,1
0,0,0,0,-1.2816237461508113,1,0,0,0,0,0,0,1,1,-0.3378070515930122,-0.9848980763233498,-0.5705298937831644,0,0,-0.33710807712853125,0.0031493650749470433,0,0,0,0,0,0,1,0,0,0,1
1,0,1,0,-0.019745966154397852,1,0,1,1,0,1,0,1,0,0.18483356441796028,-0.04281904203513289,1.0471678523539008,1,0,0.12793723605479468,0.6556046166455344,0,0,1,0,0,0,1,0,1,0,0
1,0,1,1,1.5677776925507676,1,0,1,1,1,1,1,1,0,1.472354574019594,2.4061037797002967,2.1256330164452777,1,1,1.4783661442364797,-0.11908383010473791,1,0,0,1,1,0,0,0,0,1,0
0,0,1,1,-1.2002122764736234,1,1,0,0,0,0,0,1,1,0.6576988836659831,-0.89270860026189,-0.5705298937831644,1,1,0.7724519541479286,-1.3566836385056615,1,0,0,0,0,0,0,0,0,0,1
1,0,1,0,1.5677776925507676,1,1,1,1,1,1,1,1,1,1.698002586011633,2.637652501821345,2.1256330164452777,1,1,1.7242912255113316,-0.3624661123028524,1,0,0,1,0,0,0,0,0,1,0
1,0,1,1,-1.2816237461508113,1,0,0,0,0,0,0,0,0,-1.4992306427285067,-1.0002556758576244,-1.109762475828853,1,0,-1.495197572993623,0.0031493650749470433,0,1,0,0,0,1,0,0,0,0,0
1,0,1,0,-0.5082147842175256,1,0,0,0,0,0,1,1,1,0.7987288911610074,-0.21012911924710173,-0.031297311737476054,1,0,0.8630862439790845,-0.7752267433425384,1,0,0,0,0,0,1,1,0,0,1
0,0,0,1,-0.5896262538947137,0,0,0,0,0,0,0,1,1,-0.9931817923051841,-0.7662716772389977,-0.5705298937831644,1,0,-1.1321457072263919,1.6494880643785086,0,0,0,0,0,1,0,1,0,0,1
1,0,0,0,-0.5082147842175256,1,0,1,0,1,0,0,1,0,-0.017585975751368575,-0.39523207249092307,0.5079352703082123,0,1,0.16517188136381403,-2.125117571661106,0,0,0,0,1,0,0,1,0,0,0
0,0,0,0,-1.2409180113122174,1,0,0,0,0,0,0,0,1,0.19147027065302033,-0.9423794650413152,-1.109762475828853,0,0,0.36022724073880624,-1.9692499207789944,1,0,0,0,0,1,0,0,0,0,1
0,0,1,1,0.30589991255435406,1,1,0,1,1,0,1,0,1,1.042627845299461,0.7091109705908583,0.5079352703082123,1,1,1.0901545058469184,-0.5876082746881401,1,0,0,0,1,0,0,0,1,0,0
0,0,0,0,0.1023712383613841,1,0,0,0,0,0,0,0,0,-1.466047111553207,-0.7015723043438893,-1.109762475828853,0,0,-1.486500084534881,0.2868449836117089,0,1,1,0,0,0,1,0,1,0,0
0,0,1,1,0.9571916699718578,1,1,1,1,0,0,0,1,0,0.12676238486118555,0.6652321147786451,0.5079352703082123,1,1,0.10568389644356033,0.24093687479810688,0,0,1,0,0,0,0,0,0,1,0
1,0,0,0,-0.10115743583158582,1,1,1,0,0,0,1,1,1,1.1770211465594258,0.2794711539055729,0.5079352703082123,0,1,1.0898236231338139,0.9749168181054277,1,0,0,0,0,0,0,0,1,0,0
1,0,1,1,1.6084834273893616,1,1,1,0,1,1,1,1,1,0.6178786462556232,1.6647485713250492,1.5864004343995892,1,1,0.6515418960677273,-0.41217698861299645,0,0,0,1,1,0,0,0,0,1,0
0,0,0,0,0.387311382231542,1,0,0,1,1,1,1,1,1,1.2898451525554449,0.8899357353929888,1.5864004343995892,0,1,1.2605827375751466,0.29729114010821434,1,0,0,0,0,0,0,0,1,0,0
0,0,0,0,-0.4675090493789317,1,0,1,1,0,1,1,0,0,0.2030845065643751,-0.33983501702800395,1.0471678523539008,0,1,0.2539114737544561,-0.5979627982329188,0,0,0,1,1,0,0,1,0,0,0
1,0,1,1,-1.1188008067964355,1,0,0,0,0,0,0,0,0,-1.4876164068171518,-0.9715808435843432,-1.109762475828853,1,0,-1.5855285536711003,1.1885132285735116,0,1,1,0,0,0,1,0,0,0,0
1,0,0,0,0.7536629957788878,1,1,1,1,0,0,1,0,1,0.9911933719777464,1.1137617788910883,0.5079352703082123,0,0,0.9898937998281442,-0.017980115557828594,1,0,1,0,0,1,0,0,0,1,1
1,0,1,0,0.590840056424512,1,0,0,0,0,0,0,0,0,-1.4942531130522119,-0.5951660789992723,-1.109762475828853,1,1,-1.484848688136956,-0.05949248043323341,0,1,1,0,0,0,0,0,1,0,0
1,0,1,1,0.5501343215859179,1,0,0,0,0,0,0,0,1,-1.4842980536996218,-0.6063551872313867,-1.109762475828853,1,0,-1.4887597462930067,0.10145558610902462,0,1,0,1,0,0,1,0,1,0,0
0,0,1,0,1.2014260790034217,1,0,1,1,1,0,1,0,1,0.23460886118091004,0.8709361908263004,1.0471678523539008,1,1,0.1377086161761562,1.1192387170703504,0,0,0,1,1,0,0,0,0,1,0
1,0,0,0,-0.5489205190561197,1,0,0,0,0,1,0,1,1,0.7555903006331177,-0.25159463798964316,-0.031297311737476054,0,1,0.8570302195852937,-1.2051034452068268,1,0,1,0,1,0,0,1,0,0,0
0,0,0,0,-0.019745966154397852,1,1,0,0,0,0,1,0,0,0.634470411843273,0.21172220053151572,-0.5705298937831644,0,0,0.7277655544042051,-1.1063252332178952,1,0,1,0,0,1,0,0,1,0,1
1,0,0,0,0.7943687306174818,1,1,1,0,1,1,1,1,1,1.472354574019594,1.5059509921406493,1.5864004343995892,0,0,1.4982728799446943,-0.3506243154647077,1,0,0,1,0,1,0,0,0,1,0
1,0,1,1,-1.1595065416350294,1,0,0,0,0,0,0,0,0,-1.5075265255223318,-0.9664250780264081,-1.109762475828853,1,1,-1.3475411622708238,-1.8104958319175792,0,1,0,1,1,0,0,0,0,0,0
0,0,1,1,1.2421318138420157,1,0,1,0,0,0,0,0,1,-0.47385952941174164,0.40452589297038044,-0.5705298937831644,1,1,-0.45685610663294896,-0.1819491974070489,0,0,0,1,0,0,0,0,0,1,0
1,0,0,0,-0.9152721326034655,1,1,1,0,0,0,0,0,1,-0.3461029343868372,-0.7596020911555412,-0.5705298937831644,0,1,-0.2686153555159384,-0.8897221165213768,0,0,0,0,1,0,0,0,0,0,0
1,0,0,1,-1.0780950719578415,1,0,0,0,0,0,0,0,0,-1.5058673489635668,-0.9524935413060305,-1.109762475828853,1,0,-1.439498982954397,-0.7216672830599973,0,1,0,0,0,0,1,0,0,0,0
0,1,1,0,0.9571916699718578,1,1,0,0,1,0,1,1,1,1.1853170293532507,1.4869295081460552,0.5079352703082123,1,1,1.2121615976842564,-0.35181378166496713,1,0,0,0,0,0,0,0,0,1,1
1,0,0,0,0.8757802002946699,1,0,1,1,0,1,1,0,1,0.16492344571278056,0.6950258578751379,1.0471678523539008,0,0,0.2307846978808694,-0.7715563345540433,0,0,0,0,0,0,1,0,0,1,0
1,0,0,0,-0.7117434584104956,1,1,0,0,0,0,0,0,1,0.3673429858821094,-0.5127177089281238,-1.109762475828853,0,0,0.3458338427187686,0.23791298739122085,1,0,0,0,0,0,1,1,0,0,1
0,0,1,0,-0.5082147842175256,1,0,0,0,1,1,0,0,1,0.5332606417586087,-0.27013345457030324,-0.031297311737476054,1,0,0.636845188894011,-1.2226246301337962,1,0,0,0,0,0,1,1,0,0,0
1,1,0,0,-0.4675090493789317,1,0,0,0,1,0,1,1,1,1.057560434328346,-0.1180493403251724,0.5079352703082123,0,1,1.0503146515571917,0.048965840936827744,1,0,0,0,0,0,0,1,0,0,1
1,0,1,1,-0.30468611002455576,1,0,1,0,0,1,0,0,0,-0.3527396406218973,-0.43990074770775606,-0.031297311737476054,1,0,-0.4323361219599522,0.9375855535731645,0,0,0,0,0,1,0,0,1,0,0
1,1,1,0,1.2014260790034217,1,1,0,1,0,0,0,1,1,0.8252757161012472,1.4612603774959105,-0.031297311737476054,1,1,0.8556974195227467,-0.3813986624896534,1,0,0,0,0,0,0,0,0,1,0
0,0,1,0,1.3642490183577978,1,1,0,1,1,0,1,1,1,1.336302096200865,2.0348886595289732,1.0471678523539008,1,0,1.3290117177127039,0.04017740783968389,1,0,0,0,0,1,0,0,0,1,0
1,0,1,0,1.0793088744876398,1,1,1,1,1,1,1,0,1,1.3877365695225796,1.7347792252013412,1.5864004343995892,1,0,1.358048927557483,0.2989684890550273,1,0,0,0,0,1,0,0,0,1,1
1,0,1,1,1.5677776925507676,1,1,1,0,1,0,1,1,0,1.3479163321122196,2.24052691729291,1.0471678523539008,1,0,1.3025089727013919,0.48313825346344985,1,0,0,1,0,1,0,0,0,1,0
0,0,1,1,-0.6710377235719016,1,1,1,0,1,1,1,1,1,1.5934744628094386,-0.1828803497877174,1.5864004343995892,1,0,1.744454390841126,-1.8092931494262032,1,0,0,0,0,1,0,1,0,0,0
0,0,1,0,-0.06045170099299184,1,0,1,0,0,1,0,1,1,-0.0308593882214887,-0.17050651244867324,0.5079352703082123,1,0,-0.10922595052281953,0.9125325133915546,0,0,1,0,0,1,0,0,1,0,0
1,0,0,1,-0.7524491932490895,1,0,1,1,1,1,0,1,0,0.3706613389996392,-0.5460875787733119,1.5864004343995892,1,1,0.3442739670712768,0.29454215155650326,0,0,0,1,0,0,0,1,0,0,0
0,0,1,1,-0.8745663977648716,1,0,0,0,0,0,0,0,1,-1.4909347599346818,-0.9227656164932561,-1.109762475828853,1,0,-1.5580652884834425,0.8305949191405039,0,1,1,0,0,0,1,0,0,0,0
1,1,1,0,-1.1595065416350294,0,0,0,0,1,0,0,0,1,-1.1624178012992135,-0.9570350028825945,-0.5705298937831644,1,0,-1.170518910760017,0.13303907414337682,0,0,0,0,0,1,0,0,0,0,0
1,0,0,0,-0.10115743583158582,1,1,0,0,0,1,0,1,1,0.8285940692187774,0.18596531216974665,-0.031297311737476054,0,1,0.8547866025920513,-0.33231887118574077,1,0,0,0,1,0,0,0,1,0,0
1,0,0,0,-1.0373893371192475,1,0,0,0,0,0,0,0,1,-0.6729607164635407,-0.867412439886149,-1.109762475828853,0,1,-0.6242670031440591,-0.5438993567159021,0,0,0,0,0,0,0,0,0,0,0
1,0,1,0,0.46872285190873,1,0,1,1,0,1,0,0,1,-0.168571042598983,0.13366171604158844,0.5079352703082123,1,1,-0.1905044750383367,0.2607420877729461,0,0,1,0,0,0,0,0,1,0,0
1,0,1,1,0.387311382231542,1,0,0,0,0,0,0,0,0,-1.4677062881119718,-0.6452318534810076,-1.109762475828853,1,0,-1.4957096533829513,0.3747209843147945,0,1,0,1,0,0,1,0,1,0,0
1,0,0,0,-1.2816237461508113,1,0,0,0,0,0,0,1,1,-0.3295111687991873,-0.9847883791838193,-0.5705298937831644,0,0,-0.32883600930092344,0.0031493650749470433,0,0,0,0,0,1,0,0,0,0,1
1,0,1,0,1.4863662228735797,1,0,1,1,1,1,1,1,1,0.6560397071072182,1.570672304463664,2.1256330164452777,1,0,0.6704777382904902,-0.18983759933804537,0,0,0,1,0,0,1,0,0,1,0
1,1,1,0,0.46872285190873,1,1,0,0,1,0,1,0,1,0.8053655973960674,0.7638717826445002,-0.031297311737476054,1,0,0.8895643810890903,-1.0062292495039613,1,0,0,0,0,1,0,0,1,0,0
1,0,0,0,-0.7117434584104956,1,1,0,1,0,1,0,0,1,-0.2100504565681078,-0.5965921418131693,-0.031297311737476054,0,1,-0.07582102801382619,-1.554244282422084,0,0,0,0,1,0,0,1,0,0,1
1,0,0,0,0.8757802002946699,1,0,0,0,0,0,0,0,0,-1.4909347599346818,-0.5044684840354277,-1.109762475828853,0,0,-1.4442477626332089,-0.49324669729082493,0,1,0,1,0,0,1,0,0,1,0
1,0,0,1,-0.4675090493789317,1,0,0,0,0,0,0,0,0,-1.5042081724048018,-0.8347226923060502,-1.109762475828853,1,0,-1.523165040410773,0.2707175841083277,0,1,0,1,0,0,1,1,0,0,0
0,0,1,1,-0.38609757970174374,1,1,0,0,0,0,1,0,1,0.6245153524906832,-0.19718485678249884,-0.5705298937831644,1,0,0.5126850473528474,1.279875265483478,1,0,0,0,0,1,0,1,0,0,0
0,0,0,0,-1.2409180113122174,0,0,0,1,0,0,1,1,0,-0.44897188103026675,-0.966447017454314,0.5079352703082123,0,0,-0.5472185999497694,1.1577245567943275,0,0,0,0,0,1,0,0,0,0,0
1,0,0,0,-1.0373893371192475,1,0,0,0,0,0,0,0,1,0.15330920980142534,-0.7801593351035632,-1.109762475828853,0,0,0.31567624686726126,-1.893652735606893,1,0,0,0,0,1,0,0,0,0,0
0,0,1,1,0.5501343215859179,1,0,0,0,0,0,0,0,1,-1.5158224083161567,-0.6297206779513902,-1.109762475828853,1,0,-1.5270630168860602,0.18135553597076393,0,1,0,1,0,0,1,0,1,0,0
1,1,1,0,-1.0373893371192475,1,1,1,1,0,1,0,0,0,-0.024222681986428636,-0.800497184772524,0.5079352703082123,1,0,0.09658462183319204,-1.4043327734020126,0,0,0,0,0,1,0,0,0,0,0
0,0,0,0,0.631545791263106,1,0,1,1,0,0,0,0,0,-0.3129194032115374,0.14392936830164635,-0.031297311737476054,0,1,-0.3375561474691934,0.2970047871340818,0,0,0,1,1,0,0,0,1,0,0
0,0,1,0,0.9571916699718578,1,1,0,1,0,0,1,1,1,1.1056765545325309,1.4080792042515082,0.5079352703082123,1,0,1.105983698497034,-0.040490828183498674,1,0,1,0,0,1,0,0,0,1,1
1,0,0,0,1.0386031396490458,1,0,0,0,0,0,0,0,0,-1.464387934994442,-0.4770003202969823,-1.109762475828853,0,0,-1.457117536614808,-0.035668249129410697,0,1,0,1,0,0,1,0,0,1,0
1,1,1,0,-0.6710377235719016,1,1,0,0,1,0,1,1,1,1.1222683201201809,-0.31232297443374624,0.5079352703082123,1,0,1.134389388555051,-0.17845569112257942,1,0,0,0,0,1,0,1,0,0,1
1,0,0,1,-1.2816237461508113,1,0,0,0,0,0,0,0,1,-1.456092052200617,-0.9996852507320656,-1.109762475828853,1,0,-1.4521828202900626,0.0031493650749470433,0,1,0,0,0,0,1,0,0,0,0
1,0,1,0,1.0386031396490458,1,0,1,1,1,0,0,0,0,-0.1536384535700982,0.5548329135551168,0.5079352703082123,1,1,-0.11558780557955821,-0.43744714486854247,0,0,1,0,1,0,0,0,0,1,1
0,0,1,0,-0.3453918448631497,1,0,0,0,0,0,0,0,0,-1.4859572302583868,-0.8084611971024407,-1.109762475828853,1,0,-1.5188419002008688,0.43210612033179974,0,1,1,0,0,0,1,1,0,0,0
0,0,1,0,-0.2639803751859618,1,1,0,1,0,0,0,0,0,0.4768486387605988,-0.12441177441794332,-0.5705298937831644,1,1,0.4166681958394837,0.6840526832684295,1,0,0,0,0,0,0,0,1,0,0
1,0,1,1,1.4863662228735797,1,0,0,0,0,0,0,0,0,-1.4842980536996218,-0.4049292996254221,-1.109762475828853,1,1,-1.4886038957397327,0.09964284728144598,0,1,0,1,0,0,0,0,0,1,0
0,0,1,0,-0.9966836022806536,1,1,0,0,0,0,0,1,1,0.6626764133422782,-0.6732704423450118,-0.5705298937831644,1,0,1.0151682109896538,-4.12205158033909,1,0,0,0,0,1,0,0,0,0,1
0,0,1,0,1.0386031396490458,0,0,1,1,0,0,1,0,1,-0.6497322446408307,0.10564506660549036,0.5079352703082123,1,0,-0.6995957942086689,0.6016705276789038,0,0,1,0,0,1,0,0,0,1,0
0,0,0,1,-0.4268033145403377,1,0,0,0,0,0,0,0,1,-1.472683817788267,-0.802756945846853,-1.109762475828853,1,0,-1.442030737047089,-0.30736138724352335,0,1,0,0,0,1,0,1,0,0,0
1,0,1,0,1.5270719577121736,1,0,1,1,1,1,0,1,0,1.1969312652646056,2.100114578693828,1.5864004343995892,1,1,1.2005511596262213,-0.08206928002815149,1,0,0,1,1,0,0,0,0,1,0
1,0,1,1,-0.8338606629262776,1,1,0,0,0,0,0,0,1,-1.3117436915880627,-0.8715809311883093,-1.109762475828853,1,1,-1.2856385213608923,-0.2598372063722453,0,1,0,1,0,0,0,0,0,0,0
1,0,1,1,-1.1595065416350294,1,0,0,0,0,0,0,0,0,-1.4942531130522119,-0.9752886069004751,-1.109762475828853,1,0,-1.5146369323885012,0.28698243303929366,0,1,0,1,0,0,1,0,0,0,0
1,0,1,0,-1.1188008067964355,0,0,0,0,0,0,0,0,1,-1.3266762806169474,-0.9648673786450744,-1.109762475828853,1,0,-1.4842784434611807,1.8774097596327406,0,0,0,0,0,1,0,0,0,0,1
1,0,0,0,0.22448844287716607,1,1,0,0,1,1,1,0,0,0.9978300782128064,0.5731742752846217,0.5079352703082123,0,1,0.990863569596169,0.04771191633429391,1,0,1,0,0,0,0,0,1,0,0
0,0,0,0,-1.2409180113122174,1,0,1,0,1,0,0,0,1,0.5150096996121938,-0.9487638385619923,-0.031297311737476054,0,0,0.11951006695541913,4.582964292228492,1,0,0,0,0,1,0,0,0,0,0
0,0,1,1,1.0793088744876398,1,1,1,1,0,1,0,0,0,0.018915908541461066,0.659045196109123,0.5079352703082123,1,0,-0.016852868114603445,0.4154044617792668,0,0,1,0,0,0,1,0,0,1,0
1,0,1,1,0.590840056424512,1,0,1,0,1,0,0,1,0,0.8335715988950722,0.806434272782347,0.5079352703082123,1,0,0.7639217508703808,0.7822829075721014,1,0,0,0,0,1,0,0,1,0,0
0,0,0,0,-0.4675090493789317,1,0,1,0,1,1,0,0,1,-0.1552976301288631,-0.45677216776755203,0.5079352703082123,0,0,-0.16599444549458733,0.12960283845373932,0,0,1,0,0,1,0,1,0,0,0
0,1,0,0,-0.7117434584104956,1,1,0,0,0,0,0,0,1,0.31590851256039476,-0.5062016988400101,-1.109762475828853,0,0,0.3785912313160958,-0.739627341597857,1,0,0,0,0,0,1,1,0,0,1
0,0,1,1,-1.1188008067964355,0,0,0,1,0,0,0,0,1,-1.1425076825940335,-0.9355563029625162,-0.5705298937831644,1,0,-1.04221913875382,-1.128334322810045,0,0,0,0,0,1,0,0,0,0,0
0,0,0,0,-0.7117434584104956,1,0,0,0,1,0,0,1,1,-0.18184445506910288,-0.6172371434728156,-0.031297311737476054,0,0,-0.1796079056908788,-0.019942138759438708,0,0,0,0,0,1,0,1,0,0,1
1,0,1,1,1.6084834273893616,1,1,0,1,1,0,1,1,1,1.31141444781939,2.264002105152444,1.0471678523539008,1,1,1.2791620645212816,0.33134805383221405,1,0,1,0,1,0,0,0,0,1,0
0,0,1,0,0.5094285867473239,1,0,0,0,1,0,0,0,1,-0.4871329418818615,-0.034131028584314604,-0.5705298937831644,1,1,-0.5151965062704519,0.3426799955287188,0,0,0,0,1,0,0,0,1,0,0
0,0,1,1,0.631545791263106,0,0,1,1,0,1,0,0,0,-0.8471742551338649,-0.14071276935218044,0.5079352703082123,1,0,-0.7847303474499581,-0.698014527396304,0,0,0,1,0,0,1,0,1,0,0
1,1,0,0,-0.6303319887333076,1,0,0,1,1,0,1,1,1,1.2234780902048452,-0.23996674119940667,1.0471678523539008,0,0,1.2622232485056637,-0.4915068690244387,1,0,0,0,0,1,0,1,0,0,0
1,0,0,0,-0.22327464034736777,1,0,1,0,0,0,0,0,0,-0.48381458876433153,-0.3896375183748659,-0.5705298937831644,0,0,-0.41909346048659973,-0.7366339985082097,0,0,0,0,0,0,1,0,1,0,0
1,0,1,1,0.5094285867473239,1,1,0,1,1,1,1,1,1,1.4872871630484792,1.1414273974806883,1.5864004343995892,1,1,1.454732108569019,0.32899614140464334,1,0,0,1,0,0,0,0,1,0,0
0,0,1,1,-0.9152721326034655,1,1,0,1,1,0,1,1,1,1.233433149557435,-0.5399225995316961,1.0471678523539008,1,1,1.3879489476407987,-1.8383980657174634,1,0,0,0,1,0,0,0,0,0,1
1,0,0,0,-1.2816237461508113,1,0,0,0,0,1,0,0,1,-0.5186572964983965,-0.9872894739651153,-0.5705298937831644,0,0,-0.5174391557703814,0.0031493650749470433,0,0,0,0,0,1,0,0,0,0,0
1,0,0,0,-0.4268033145403377,1,0,0,1,1,1,0,1,1,0.9961709016540415,-0.06868562753643248,1.0471678523539008,0,1,1.0741066942613593,-0.9397537081625482,1,0,0,0,0,0,0,1,0,0,0
1,0,0,0,-0.5082147842175256,1,0,0,0,0,0,0,0,0,0.18649274097672516,-0.35356909889722665,-1.109762475828853,0,1,0.3222584494100862,-1.5853536695322996,1,0,0,0,1,0,0,1,0,0,0
0,0,1,1,-1.0373893371192475,0,0,0,0,0,0,0,0,1,-1.3349721634107725,-0.9435203152924327,-1.109762475828853,1,0,-1.4441470972575292,1.314416904241957,0,0,0,0,0,1,0,0,0,0,0
1,0,0,0,-1.2816237461508113,1,0,1,0,0,0,0,0,1,-0.4722003528529765,-0.9866751699837445,-0.5705298937831644,0,0,-0.47111557593577746,0.0031493650749470433,0,0,0,0,0,0,1,0,0,0,0
1,0,1,0,-0.3453918448631497,1,0,1,0,0,1,0,0,0,-0.37596811244460704,-0.43176121995459055,-0.031297311737476054,1,0,-0.33524686186731956,-0.4610860765955528,0,0,0,0,0,0,1,1,0,0,0
1,0,1,1,1.4456604880349857,1,1,0,0,0,0,0,0,1,-1.3582006352334823,-0.2786459525978726,-1.109762475828853,1,1,-1.3388554910518358,-0.17965837361395404,0,1,0,1,0,0,0,0,0,1,0
1,1,0,0,-0.5082147842175256,1,1,0,0,0,0,1,0,1,0.6444254711958629,-0.24314795824579213,-0.5705298937831644,0,0,0.7385916231735871,-1.1167885708928562,1,0,0,0,0,1,0,1,0,0,0
1,0,1,0,-0.30468611002455576,0,0,0,0,1,0,1,0,1,-0.8903128456617546,-0.5831213330788199,-0.031297311737476054,1,1,-0.8643365921889418,-0.2724092473487455,0,0,1,0,1,0,0,0,1,0,0
1,1,0,0,-1.2816237461508113,0,0,0,1,1,0,0,1,1,-0.7177584835501956,-0.9899222053138481,0.5079352703082123,0,0,-0.7159687836329685,0.0031493650749470433,0,0,0,0,0,1,0,0,0,0,1
0,1,0,0,1.2828375486806096,0,0,0,1,0,1,1,0,1,-0.6995075414037805,0.19818557351344798,0.5079352703082123,0,0,-0.7264122692653232,0.33629241518564384,0,0,0,0,0,1,0,0,0,1,0
0,0,1,0,1.2828375486806096,1,0,1,0,1,0,1,1,1,1.1305642029140057,1.7887063389945514,1.0471678523539008,1,1,1.1476246970792237,-0.23618445070855063,1,0,0,1,0,0,0,0,0,1,0
0,0,1,1,-0.5082147842175256,1,1,0,0,0,0,0,0,1,-1.3067661619117676,-0.7862804354893669,-1.109762475828853,1,1,-1.3092414882289998,0.07242387657811114,0,1,0,0,0,0,0,1,0,0,0
0,0,0,0,0.1023712383613841,1,0,0,0,1,1,1,1,1,1.1388600857078308,0.5408794374068329,1.0471678523539008,0,0,1.1903883334380172,-0.6373649674741366,1,0,1,0,0,1,0,0,1,0,0
1,0,1,1,1.6084834273893616,1,1,1,1,1,1,1,1,1,1.6382722298960932,2.5270777851745687,2.1256330164452777,1,1,1.5546908570791846,0.9174553212953136,1,0,0,1,1,0,0,0,0,1,0
1,0,0,0,0.428017117070136,1,1,0,0,0,0,1,1,0,0.9762607829488613,0.7116998230837789,-0.031297311737476054,0,0,0.8687285637321944,1.2181383749656876,1,0,1,0,0,0,1,0,1,0,0
1,0,0,1,0.8350744654560759,1,0,1,1,1,0,0,1,0,1.0293544328293414,1.2012123385248288,1.0471678523539008,1,0,0.9958810264274527,0.354968031985668,1,0,1,0,0,1,0,0,0,1,0
1,0,0,0,1.4863662228735797,1,1,0,0,0,0,0,0,0,-1.3598598117922474,-0.2572330709615126,-1.109762475828853,0,1,-1.327190676564499,-0.33457782264779923,0,1,0,1,0,0,0,0,0,1,0
1,0,0,0,-1.2816237461508113,1,0,0,0,1,0,0,0,1,-0.5070430605870415,-0.9871358979697726,-0.5705298937831644,0,0,-0.5058582608117304,0.0031493650749470433,0,0,0,0,0,0,1,0,0,0,1
1,0,0,0,-0.019745966154397852,1,0,1,1,1,0,0,1,1,0.9447364283323268,0.29836100133273075,1.0471678523539008,0,1,0.9319305284743503,0.11740420175551074,1,0,0,0,1,0,0,0,1,0,0
0,0,1,0,1.5677776925507676,1,0,0,0,0,0,0,0,0,-1.5207999379924515,-0.40670639328581676,-1.109762475828853,1,1,-1.5090853263041981,-0.08547647710632952,0,1,0,1,1,0,0,0,0,1,0
1,0,0,0,0.020959768684196134,1,0,0,0,0,0,0,0,0,-1.4793205240233267,-0.7062673419157961,-1.109762475828853,0,0,-1.4570959272422173,-0.20910587219063578,0,1,0,1,0,0,1,0,1,0,0
1,0,0,0,-0.9152721326034655,1,0,0,0,0,0,0,0,1,-1.4959122896109767,-0.9242136187350589,-1.109762475828853,0,0,-1.509921853726765,0.21289719157063516,0,1,0,0,0,0,1,0,0,0,0
0,0,1,1,0.18378270803857208,1,1,0,0,0,0,0,0,0,-1.2769009838539978,-0.6089221002964013,-1.109762475828853,1,0,-1.3334674684938532,0.7005751903432746,0,1,0,0,0,0,1,0,1,0,0
1,0,1,1,-1.0373893371192475,1,0,1,0,1,1,0,1,1,0.21303956591696496,-0.782616551029047,1.0471678523539008,1,1,0.2892056298189164,-0.8930209027834323,0,0,0,0,1,0,0,0,0,0,0
1,0,0,0,0.9978974048104517,0,0,1,0,1,0,1,1,1,-0.3709905827683121,0.3934464818777966,1.0471678523539008,0,0,-0.293425754038883,-0.8897896355384343,0,0,0,0,0,1,0,0,0,1,0
0,0,0,0,0.590840056424512,1,0,0,0,0,0,0,0,0,-1.4826388771408567,-0.5570572927263653,-1.109762475828853,0,1,-1.4237057867899148,-0.6359612286392201,0,1,0,1,1,0,0,0,1,0,0
0,0,1,0,-1.1188008067964355,1,0,0,0,0,0,0,0,1,0.13339909109624562,-0.8546875717006072,-1.109762475828853,1,0,0.17741454174867372,-0.516409471198772,1,0,0,0,0,1,0,0,0,0,0
1,0,1,0,1.1607203441648277,1,1,0,1,1,0,1,1,1,1.3479163321122196,1.747306638535728,1.0471678523539008,1,0,1.2585602460500824,0.9943174668187433,1,0,0,0,0,1,0,0,0,1,1
0,0,1,1,1.6084834273893616,1,0,1,1,1,1,1,1,1,0.6228561759319183,1.6663282101342884,2.1256330164452777,1,1,0.6531963096332488,-0.3736911488890138,0,0,0,1,0,0,0,0,0,1,0
1,0,1,1,0.1023712383613841,1,0,0,0,0,0,0,0,0,-1.5042081724048018,-0.7074959498785381,-1.109762475828853,1,0,-1.4992627034689046,-0.0072967914215611215,0,1,0,1,0,0,1,0,1,0,0
1,1,0,0,0.9571916699718578,1,1,0,0,1,0,1,1,1,1.1985904418233704,1.4456614442546687,0.5079352703082123,0,0,1.1565910277423626,0.4484855104524228,1,0,0,0,0,1,0,0,0,1,0
0,1,1,0,0.14307697319997809,1,1,0,1,0,0,1,0,1,0.896620308128142,0.4395412199085267,-0.031297311737476054,1,1,0.8853656799947748,0.10096754104005977,1,0,0,0,1,0,0,0,1,0,0
1,0,0,0,-0.5082147842175256,1,1,0,0,0,1,1,1,1,1.1156316138851208,-0.11732533920427085,0.5079352703082123,0,0,1.2129947130868939,-1.1697066005133234,1,0,0,0,0,0,1,1,0,0,0
0,0,1,1,0.22448844287716607,1,0,0,0,0,0,0,0,0,-1.4760021709057967,-0.6661181888476211,-1.109762475828853,1,0,-1.4684221955516292,-0.038881223044662905,0,1,0,0,0,0,1,0,1,0,0
0,0,0,0,0.428017117070136,1,1,0,1,1,0,1,1,1,1.3163919774956847,1.0796459684970925,1.0471678523539008,0,0,1.5139883290196847,-2.342249309266635,1,0,0,1,0,1,0,0,1,0,1
0,1,0,0,-0.9966836022806536,1,0,0,1,0,0,1,0,1,0.7356801819279375,-0.6958022348045834,-0.031297311737476054,0,0,0.8027828695158234,-0.8050532691286226,1,0,0,0,0,1,0,0,0,0,0
1,0,0,0,-0.9559778674420595,1,0,0,0,0,0,0,0,1,-1.4942531130522119,-0.9366971532136337,-1.109762475828853,0,0,-1.543543213852753,0.6231990050723919,0,1,1,0,0,1,0,0,0,0,0
1,0,1,1,1.4049547531963917,1,1,1,1,0,1,0,0,0,0.8169798333074222,1.6407248977678623,0.5079352703082123,1,0,0.8334759450672159,-0.2191494404949049,1,0,1,0,0,1,0,0,0,1,0
1,0,0,0,-1.2816237461508113,1,0,0,0,0,0,0,0,0,-0.6795974226986006,-0.9894175984720078,-1.109762475828853,0,0,-0.6779172716259725,0.0031493650749470433,0,0,0,0,0,0,1,0,0,0,0
0,0,0,0,0.8757802002946699,1,1,1,0,1,0,1,1,1,1.2948226822317401,1.4654288687980708,1.0471678523539008,0,1,1.306613074793639,-0.1803710743495825,1,0,1,0,0,0,0,0,0,1,1
1,1,0,0,-1.2816237461508113,1,0,0,0,0,0,0,0,0,-1.4892755833759168,-1.0001240392901878,-1.109762475828853,0,0,-1.4852710916004936,0.0031493650749470433,0,1,0,0,0,0,1,0,0,0,1
0,0,1,1,-0.38609757970174374,1,0,1,1,0,1,0,0,0,0.6460846477546283,-0.15905413108168565,0.5079352703082123,1,0,0.6377011680866069,0.07593780107464845,1,0,0,0,0,0,1,1,0,0,0
0,1,0,0,-0.5082147842175256,1,1,0,1,1,0,0,1,1,0.9679649001550363,-0.2268250238836488,0.5079352703082123,0,0,0.800135807810989,1.919744183329115,1,0,0,0,0,1,0,1,0,0,1
0,0,1,1,-0.7524491932490895,1,1,0,0,0,0,1,0,1,0.659358060224748,-0.48066420475730204,-0.5705298937831644,1,0,0.6966640565273692,-0.4559317230610952,1,0,0,0,0,1,0,1,0,0,0
0,1,0,0,-0.5896262538947137,1,0,0,1,0,0,0,0,1,-0.5004063543519814,-0.6290405556863009,-0.5705298937831644,0,1,-0.5572369932076499,0.6777206113480303,0,0,0,0,1,0,0,1,0,0,0
1,0,1,0,0.7943687306174818,1,0,1,0,0,0,1,0,0,0.6361295884020379,0.8992161133972717,-0.031297311737476054,1,0,0.6184112038966414,0.18484693531027566,1,0,0,0,0,1,0,0,0,1,1
0,0,0,0,-1.2816237461508113,1,0,0,0,0,0,0,0,0,-1.461069581876912,-0.9997510690157839,-1.109762475828853,0,0,-1.4571460609866271,0.0031493650749470433,0,1,0,0,0,0,1,0,0,0,1
0,0,0,0,0.22448844287716607,1,0,0,0,0,0,0,0,0,-1.5141632317573919,-0.6774169942192659,-1.109762475828853,0,0,-1.4908438530843555,-0.2206761764776695,0,1,1,0,0,0,1,0,1,0,0
0,0,0,0,-1.1188008067964355,1,1,0,0,0,0,0,0,0,0.3524103968532244,-0.8274168628133167,-1.109762475828853,0,0,0.5887017541373332,-2.7601339271067675,1,0,0,0,0,1,0,0,0,0,1
1,0,0,0,-1.2816237461508113,1,0,0,0,0,0,0,0,1,-1.5042081724048018,-1.0003214941413427,-1.109762475828853,0,0,-1.5001608136901876,0.0031493650749470433,0,1,0,0,0,0,1,0,0,0,1
1,1,0,0,-0.2639803751859618,1,1,0,0,0,0,1,1,1,0.9513731345673865,0.04596982270088044,-0.031297311737476054,0,0,0.9108288016025773,0.4398156234816366,1,0,0,0,0,1,0,0,1,0,0
0,1,1,0,1.3642490183577978,1,1,0,1,1,1,1,1,1,1.4325343366092342,2.142435735124708,1.5864004343995892,1,1,1.4518895252609867,-0.27295737900542044,1,0,1,0,1,0,0,0,0,1,0
1,0,1,1,0.7536629957788878,1,0,1,1,0,1,0,0,0,-0.14700174733503815,0.36073479486979165,0.5079352703082123,1,1,-0.12352652976786563,-0.2681380737636911,0,0,0,1,1,0,0,0,0,1,0
1,0,0,0,-0.9152721326034655,1,1,0,0,0,0,0,0,0,0.3358186312655745,-0.6639023066291043,-1.109762475828853,0,0,0.4530398417645655,-1.374643697043513,1,0,0,0,0,1,0,0,0,0,0
1,0,0,0,-1.1188008067964355,1,0,0,0,0,0,0,0,0,-1.456092052200617,-0.9589656725383319,-1.109762475828853,0,0,-1.395270993636121,-0.6588070781774974,0,1,0,0,0,0,1,0,0,0,1
1,0,1,0,-1.1595065416350294,1,0,0,0,0,0,0,0,0,0.18483356441796028,-0.8798301560810053,-1.109762475828853,1,0,0.2849514235075751,-1.170668746506422,1,0,0,0,0,1,0,0,0,0,0
0,0,1,0,1.0793088744876398,1,1,1,1,0,0,1,0,1,0.9895341954189815,1.4472630224918142,0.5079352703082123,1,0,0.9905728296564654,-0.04512101017207757,1,0,0,0,0,1,0,0,0,1,0
0,1,1,0,-1.1188008067964355,1,1,0,0,0,0,0,0,1,0.3125901594428645,-0.8620153406212469,-1.109762475828853,1,0,0.0668997155718339,2.847252920677016,1,0,0,0,0,1,0,0,0,0,1
0,0,0,0,-1.1188008067964355,1,0,1,0,0,1,1,0,1,-0.019245152310133944,-0.8541829648587668,0.5079352703082123,0,0,0.18502484415007303,-2.3752755298669794,0,0,0,0,0,1,0,0,0,0,0
0,0,1,0,-1.2002122764736234,1,0,0,0,0,0,0,0,1,-0.6248445962593558,-0.9518134190409411,-1.109762475828853,1,0,-0.7132114276904324,1.0486813442430534,0,0,0,0,0,0,1,0,0,0,0
0,0,0,0,0.631545791263106,0,0,1,1,0,0,1,0,1,-0.6679831867872458,-0.08546928988460402,0.5079352703082123,0,0,-0.6979425691586395,0.37076931327170465,0,0,0,0,0,1,0,0,1,0,0
0,0,1,0,1.6084834273893616,1,1,0,0,0,0,0,0,0,-1.3299946337344775,-0.1875753873596242,-1.109762475828853,1,1,-1.2884648112019914,-0.43863600342323145,0,1,0,1,1,0,0,0,0,1,0
0,0,0,0,-0.8338606629262776,1,1,1,0,0,0,0,0,1,0.4934404043482487,-0.5696066454886581,-0.5705298937831644,0,0,0.611973838292337,-1.3951694782296387,1,0,0,0,0,1,0,0,0,0,0
1,1,0,0,-1.2409180113122174,1,0,0,1,1,1,0,1,1,1.0011484313303363,-0.9298301122790222,1.0471678523539008,0,1,0.8333895204779722,1.9178198913429176,1,0,0,0,1,0,0,0,0,0,1
0,0,1,0,1.6084834273893616,1,1,0,1,1,1,1,1,0,1.4673770443432994,2.409065602467621,1.5864004343995892,1,1,1.4310923769550115,0.3730410468665254,1,0,1,0,1,0,0,0,0,1,0
1,0,1,0,-0.5896262538947137,1,0,0,0,0,0,0,0,1,-0.6829157758161306,-0.6719101978148333,-1.109762475828853,1,1,-0.7368327769314903,0.6499252826584895,0,0,0,0,0,0,0,1,0,0,0
0,0,1,1,0.5094285867473239,1,0,1,0,1,1,1,1,1,0.5332606417586087,0.5415814990998283,1.5864004343995892,1,0,0.44954719090402,0.955887708464126,0,0,0,1,0,0,1,0,1,0,0
0,0,0,0,-0.06045170099299184,1,1,0,0,0,0,0,0,1,0.3690021624408743,-0.03138860009605128,-1.109762475828853,0,0,0.22918167589563906,1.6139679793285941,1,0,0,0,0,1,0,0,1,0,0
1,0,0,0,-0.9152721326034655,1,0,0,0,0,0,0,0,0,-1.4909347599346818,-0.921734463381669,-1.109762475828853,0,1,-1.4912269804363714,0.053180956716121185,0,1,0,0,1,0,0,0,0,0,0
1,1,1,0,0.346605647392948,1,1,1,0,1,0,0,0,1,0.6245153524906832,0.42747453456016804,-0.031297311737476054,1,1,0.49316542346102027,1.5069131513631153,1,0,0,0,0,0,0,0,1,0,1
0,0,0,0,-1.2409180113122174,1,1,0,0,0,0,0,0,1,-0.5153389433808665,-0.9621688290126234,-1.109762475828853,0,0,-0.3859132773114173,-1.4881769242292529,0,0,0,0,0,1,0,0,0,0,1
0,0,0,0,-1.2409180113122174,1,0,0,0,0,0,0,0,0,0.13339909109624562,-0.9563768200454112,-1.109762475828853,0,0,-0.16753068666257137,3.495739320026074,1,0,0,0,0,1,0,0,0,0,1
1,0,1,1,0.9571916699718578,1,0,0,1,1,1,0,0,1,0.6942007679588127,1.094542840045339,0.5079352703082123,1,0,0.6837832651958083,0.09798947010903714,1,0,1,0,0,0,1,0,0,1,0
1,0,1,1,1.5677776925507676,1,1,0,1,0,0,1,1,0,1.1819986762357204,2.112510355460778,0.5079352703082123,1,1,1.1665441395349372,0.14028904747165902,1,0,1,0,0,0,0,0,0,1,0
1,0,1,1,-0.30468611002455576,1,0,0,0,0,0,0,0,0,-1.5042081724048018,-0.828513834208622,-1.109762475828853,1,0,-1.6045212214032878,1.216992749969257,0,1,1,0,0,1,0,0,1,0,0
1,0,0,0,-0.8745663977648716,1,0,0,0,0,0,0,0,0,-1.5058673489635668,-0.9110060831355828,-1.109762475828853,0,1,-1.4774502274725736,-0.2802463638016275,0,1,0,1,1,0,0,0,0,0,0
1,0,0,0,-0.8338606629262776,1,1,0,0,1,0,1,0,1,0.8169798333074222,-0.5605895406192484,-0.031297311737476054,0,0,0.6686375029114501,1.698129889585205,1,0,0,0,0,1,0,0,0,0,0
1,0,1,0,1.6084834273893616,1,1,0,1,1,0,1,1,0,0.5714217026102036,1.5291629068653103,1.0471678523539008,1,1,0.5095380650271271,0.7007052100720728,0,0,0,1,0,0,0,0,0,1,0
0,0,0,0,1.5677776925507676,1,1,1,1,1,1,1,1,1,1.6001111690444987,2.4984468317570996,2.1256330164452777,0,1,1.5764425765925392,0.22186818660488877,1,0,0,1,1,0,0,0,0,1,0
1,1,1,0,-0.22327464034736777,0,0,1,0,0,0,0,0,0,-1.1342117998002084,-0.6556530817364082,-0.5705298937831644,1,1,-1.1620477005587817,0.3616378350964579,0,0,0,0,1,0,0,0,1,0,1
1,0,0,0,-0.7524491932490895,0,0,0,0,1,0,1,1,1,-0.4705411762942116,-0.6961752050789871,0.5079352703082123,0,0,-0.4641434044810796,-0.0587028773385908,0,0,0,0,0,1,0,1,0,0,1
1,0,0,1,-0.6303319887333076,1,0,0,1,1,1,1,1,0,0.5282831120823135,-0.3744554342638401,1.5864004343995892,1,0,0.6656611804675955,-1.61551977625713,0,0,1,0,0,1,0,1,0,0,0
0,0,1,0,0.020959768684196134,1,0,1,0,1,1,1,1,1,1.28818597599668,0.46586853339585454,1.5864004343995892,1,0,1.2213495015927782,0.7343803198305514,1,0,1,0,0,1,0,0,1,0,1
1,1,1,0,-0.9152721326034655,1,1,0,0,0,0,0,1,0,0.6842457086062228,-0.6351835955000108,-0.5705298937831644,1,0,0.6696025774913377,0.1474712640398696,1,0,0,0,0,1,0,0,0,0,1
1,0,1,0,0.5094285867473239,1,1,1,0,1,0,0,0,1,0.651062177430923,0.6207170155571547,-0.031297311737476054,1,0,0.5821576293670481,0.7797080866165759,1,0,0,0,0,0,1,0,1,0,0
1,0,0,0,0.9978974048104517,1,0,0,0,0,0,0,0,0,-1.466047111553207,-0.5180051110534956,-1.109762475828853,0,0,-1.4992320201095442,0.43493347917117225,0,1,0,1,0,0,1,0,0,1,0
1,0,1,1,0.387311382231542,0,0,0,1,1,0,0,1,1,-0.6580281274346557,-0.10982205486038234,0.5079352703082123,1,1,-0.5344165902165666,-1.4157868923674828,0,0,1,0,1,0,0,0,1,0,0
0,0,0,0,-1.2816237461508113,1,0,0,0,0,0,0,0,1,-0.6480730680820658,-0.9890007493417917,-1.109762475828853,0,0,-0.6464834138810629,0.0031493650749470433,0,0,0,0,0,0,1,0,0,0,0
1,0,1,0,-0.9966836022806536,1,0,0,1,0,0,0,0,1,-0.5103614137045716,-0.8362803916873838,-0.5705298937831644,1,1,-0.5213683879884949,0.14506589905712036,0,0,0,0,0,0,0,0,0,0,0
0,1,0,0,-0.3453918448631497,1,0,0,0,0,0,0,0,1,-1.480979700582092,-0.807100952572262,-1.109762475828853,0,0,-1.5145679984899378,0.44012400360762965,0,1,0,0,0,0,1,1,0,0,0
1,0,1,1,-0.3453918448631497,1,1,1,0,0,1,1,1,0,0.5332606417586087,-0.16475838233727336,1.0471678523539008,1,1,0.503678683649238,0.3262700610908585,0,0,0,0,0,0,0,1,0,0,0
1,0,0,0,-0.019745966154397852,1,0,0,0,0,0,0,0,0,-1.497571466169742,-0.7422699431097171,-1.109762475828853,0,0,-1.5203239790199816,0.31464413034090466,0,1,1,0,0,0,1,0,1,0,0
0,0,0,0,-1.2002122764736234,1,1,0,0,0,0,0,0,1,0.3607062796470494,-0.9008481280150554,-1.109762475828853,0,0,0.5678561432117621,-2.4214585375357562,1,0,0,0,0,1,0,0,0,0,1
1,1,0,0,0.7129572609402939,1,1,0,0,0,0,1,1,1,1.0210585500355165,1.1045910980263356,-0.031297311737476054,0,0,1.0388345970444397,-0.24085085877508217,1,0,0,0,0,1,0,0,0,1,1
1,0,1,1,-0.8338606629262776,1,0,1,0,0,0,0,0,1,-0.5219756496159262,-0.758307664909081,-0.5705298937831644,1,0,-0.5738270847952411,0.6205263773137842,0,0,0,0,0,1,0,0,0,0,0
0,0,1,1,-0.9152721326034655,1,0,0,0,0,0,1,1,1,0.7937513614847123,-0.6010897245339212,-0.031297311737476054,1,0,0.9266984455733884,-1.5728457716220123,1,0,0,0,0,1,0,0,0,0,0
1,0,0,0,-1.2409180113122174,1,0,0,0,0,0,0,0,0,-1.5125040551986266,-0.9885839002115757,-1.109762475828853,0,0,-1.3818702437553962,-1.468934004367263,0,1,0,0,0,0,1,0,0,0,0
1,1,0,0,-0.9152721326034655,1,1,0,0,0,0,1,1,1,1.0094443141241611,-0.6147360486915195,-0.031297311737476054,0,0,0.8237939217979474,2.1256434258524033,1,0,0,0,0,1,0,0,0,0,1
1,0,0,0,-0.9559778674420595,1,1,0,0,0,0,1,1,1,1.0144218438004564,-0.6451221563414771,-0.031297311737476054,0,0,0.8994741512340834,1.3031155068626947,1,0,0,0,0,1,0,0,0,0,1
0,1,0,0,-0.9966836022806536,1,1,0,1,1,0,1,1,1,1.3462571555534548,-0.6449247014903221,1.0471678523539008,0,0,1.2823560018213853,0.6982998450893262,1,0,0,0,0,1,0,0,0,0,1
1,0,0,1,0.6722515261016999,1,1,0,0,0,0,0,0,0,0.34079616094186965,0.6050742034601009,-1.109762475828853,1,1,0.33515781068983164,0.05420200960675572,1,0,0,0,1,0,0,0,0,1,1
1,0,0,0,-1.0373893371192475,1,0,0,0,1,0,0,0,0,0.32254521879545484,-0.7699794405551297,-0.5705298937831644,0,0,0.42534023178183283,-1.2064055976786827,1,0,0,0,0,0,1,0,0,0,1
1,0,0,0,-1.2002122764736234,1,0,0,0,0,0,0,0,1,-1.4826388771408567,-0.9819581929839316,-1.109762475828853,0,0,-1.4709328406993067,-0.08665092761433847,0,1,0,0,0,1,0,0,0,0,0
0,0,1,1,0.020959768684196134,1,0,0,0,1,0,1,1,1,0.9580098408024466,0.3620730999720642,0.5079352703082123,1,0,0.9841667567902782,-0.3362257670365103,1,0,1,0,0,1,0,0,1,0,1
0,0,1,0,0.631545791263106,1,1,0,1,0,1,1,1,1,1.3329837430833347,1.2216818247612264,1.0471678523539008,1,1,1.3555982690449961,-0.3075436118634297,1,0,0,0,1,0,0,0,1,0,0
1,0,0,0,-1.2002122764736234,1,0,0,1,0,0,0,0,0,0.31590851256039476,-0.9119055996797333,-0.5705298937831644,0,1,0.28991466420413997,0.2917931630047922,1,0,0,0,1,0,0,0,0,0,0
0,0,0,0,0.30589991255435406,0,0,1,0,0,1,1,1,1,-0.3444437578280723,-0.027702776207825533,1.0471678523539008,0,1,-0.2988911237649834,-0.518333763184972,0,0,1,0,0,0,0,0,1,0,0
1,0,0,0,-1.1188008067964355,1,0,0,0,0,0,0,0,1,0.1599459160364854,-0.8664909839140926,-1.109762475828853,0,0,-0.0006003579014459458,1.8620154237431492,1,0,0,0,0,1,0,0,0,0,1
1,0,0,0,-1.1188008067964355,1,1,0,0,0,0,1,1,1,0.9928525485365113,-0.805850405181614,-0.031297311737476054,0,1,0.9139594611188723,0.884475094754071,1,0,0,0,0,0,0,0,0,0,1
1,0,0,0,-1.2002122764736234,1,1,0,1,1,0,1,1,0,1.4275568069329394,-0.8713176580534361,1.0471678523539008,0,0,1.3101363629424354,1.3180822223109045,1,0,0,0,0,0,1,0,0,0,0
0,0,1,1,0.590840056424512,1,0,0,1,0,1,0,1,0,-0.037496094456548765,0.31062514153224424,0.5079352703082123,1,1,-0.03156957183646458,-0.0676809569702488,0,0,0,1,0,0,0,0,1,0,0
0,0,0,0,0.22448844287716607,1,1,0,0,0,0,0,0,1,-1.3499047524396575,-0.6076934923336592,-1.109762475828853,0,0,-1.352482634367842,0.07505711824343436,0,1,1,0,0,1,0,0,1,0,0
1,0,1,1,1.4049547531963917,0,0,1,0,0,0,1,1,0,-0.4655636466179167,0.43102872188095726,0.5079352703082123,1,1,-0.5280323411376759,0.7421349293271755,0,0,0,1,1,0,0,0,0,1,0
0,0,0,0,-0.5489205190561197,1,0,0,0,0,0,0,0,0,-1.4826388771408567,-0.8405805195569807,-1.109762475828853,0,1,-1.480569074098485,0.02543064070461911,0,1,1,0,1,0,0,1,0,0,0
0,0,1,1,0.9164859351332638,1,0,0,0,0,0,0,0,0,-1.5108448786398618,-0.5337137414342679,-1.109762475828853,1,1,-1.4971527890256031,-0.10880944139481179,0,1,0,1,1,0,0,0,0,1,0
1,0,1,1,1.5270719577121736,1,0,0,1,1,1,1,1,1,1.3678264508173998,2.2710666009382106,1.5864004343995892,1,0,1.3847110239482787,-0.24206041373783768,1,0,1,0,0,1,0,0,0,1,0
1,0,1,0,1.0386031396490458,1,0,0,0,1,0,0,0,0,-0.48547376532309666,0.25415305410192596,-0.5705298937831644,1,1,-0.506514321363575,0.26093813632953133,0,0,1,0,1,0,0,0,0,1,0
1,0,0,0,-0.9966836022806536,1,0,0,0,1,0,1,1,1,0.9878750188602166,-0.6840865803027224,0.5079352703082123,0,0,0.9132149750143873,0.8354056491060037,1,0,0,0,0,1,0,0,0,0,1
0,0,1,1,-1.1595065416350294,1,0,0,0,0,0,0,1,0,0.5282831120823135,-0.8760785139090611,-0.5705298937831644,1,0,0.35567760343362187,1.989980840825379,1,0,0,0,0,1,0,0,0,0,1
1,0,0,0,-1.2409180113122174,1,0,0,1,0,0,0,0,0,-0.5203164730571613,-0.9663592597426898,-0.5705298937831644,0,0,-0.5439097728187262,0.2917931630047922,0,0,0,0,0,0,1,0,0,0,0
1,0,1,1,-0.7931549280876836,1,0,1,0,0,0,0,0,1,-0.4970880012344514,-0.7511554114116902,-0.5705298937831644,1,0,-0.6534828558890388,1.8356674257782726,0,0,0,0,0,0,1,1,0,0,0
1,0,0,1,-1.2002122764736234,1,0,0,0,0,0,0,0,0,0.1566275629189556,-0.9123443882378554,-1.109762475828853,1,0,0.27888524043399593,-1.4272410113329475,1,0,0,0,0,1,0,0,0,0,1
0,0,0,0,-0.9152721326034655,0,0,0,0,0,1,0,0,1,-1.1723728606518034,-0.8777020315741131,-0.5705298937831644,0,0,-1.1591861778361943,-0.11423244608318986,0,0,0,1,0,0,1,0,0,0,0
0,0,1,0,0.631545791263106,1,0,0,0,1,1,1,1,1,1.1654069106480704,1.1121821400818486,1.0471678523539008,1,1,1.1835737251800356,-0.2502157464412496,1,0,0,0,1,0,0,0,1,0,0
1,1,0,0,-0.9559778674420595,1,1,0,0,0,0,0,0,1,0.3026351000902746,-0.7112256526225762,-1.109762475828853,0,0,0.3456132542433659,-0.5099951645781147,1,0,0,0,0,1,0,0,0,0,0
1,0,1,0,0.387311382231542,1,1,0,1,1,1,0,1,1,1.145496791942891,0.806807243056751,1.0471678523539008,1,0,1.1113309994855944,0.35914338252175493,1,0,0,0,0,1,0,0,1,0,1
0,0,1,1,0.1023712383613841,1,1,0,0,0,0,0,0,1,-1.3117436915880627,-0.5921603773761358,-1.109762475828853,1,1,-1.2507697859275664,-0.6654046507016084,0,1,0,1,1,0,0,0,1,0,0
0,1,0,0,-1.2409180113122174,1,0,1,1,0,0,0,0,0,-0.33448869847548224,-0.9631999821242105,-0.031297311737476054,0,0,-0.42479199610117385,1.0615099574843792,0,0,0,0,0,0,1,0,0,0,1
1,0,0,0,1.4863662228735797,0,0,0,1,1,0,0,0,1,-0.9682941439237093,0.08464903409934639,-0.031297311737476054,0,1,-0.953556957846782,-0.1390809121658463,0,0,1,0,0,0,0,0,0,1,0
0,0,1,1,-1.2816237461508113,1,0,0,0,0,0,0,0,0,-1.5091857020810966,-1.000387312425061,-1.109762475828853,1,0,-1.5051240543867523,0.0031493650749470433,0,1,0,0,0,0,1,0,0,0,1
1,0,0,0,-1.0780950719578415,1,0,0,0,0,1,0,0,0,-0.4937696481169216,-0.8823970691460199,-0.5705298937831644,0,0,-0.5585237593141665,0.7696590062441998,0,0,0,0,0,0,1,0,0,0,0
0,0,0,0,-1.2816237461508113,1,0,0,0,0,0,0,0,0,-1.4992306427285067,-1.0002556758576244,-1.109762475828853,0,0,-1.495197572993623,0.0031493650749470433,0,1,0,0,0,1,0,0,0,0,0
1,0,0,0,0.428017117070136,1,1,0,0,0,0,0,0,0,-1.2769009838539978,-0.5218445109370642,-1.109762475828853,0,1,-1.2945133600224497,0.24748969634579293,0,1,0,1,0,0,0,0,1,0,0
1,0,1,1,-0.3453918448631497,1,1,0,0,0,0,0,0,0,-1.3515639289984223,-0.7416775785562522,-1.109762475828853,1,0,-1.3090071129738843,-0.4498610400093928,0,1,0,1,0,0,1,1,0,0,0
1,0,0,0,-0.9559778674420595,1,0,0,0,0,0,0,0,0,-1.477661347464562,-0.929149990013933,-1.109762475828853,0,0,-1.480307850903929,0.08012104452290411,0,1,0,0,0,0,1,0,0,0,0
1,0,0,0,-0.38609757970174374,1,1,0,0,1,1,1,0,1,1.0608787874458763,-0.0938501513447369,0.5079352703082123,0,1,0.8514801731618272,2.400147860927145,1,0,0,0,1,0,0,1,0,0,0
0,1,1,0,1.5270719577121736,1,0,0,0,0,0,0,0,1,-1.5058673489635668,-0.3673909384780738,-1.109762475828853,1,1,-1.4575951160972689,-0.5111863929505193,0,1,0,1,1,0,0,0,0,1,0
0,0,0,0,-0.8338606629262776,1,1,1,0,0,0,0,0,1,0.46523440284924406,-0.6020111805059777,-0.5705298937831644,0,0,0.4083431019360583,0.6461836037964357,1,0,0,0,0,1,0,0,0,0,1
1,0,0,0,0.5501343215859179,1,1,0,0,0,0,0,0,0,0.2611556861211498,0.4168777908815185,-1.109762475828853,0,1,0.1886357815843855,0.8347781625887581,1,0,0,0,0,0,0,0,1,0,0
1,0,1,1,0.7943687306174818,1,0,0,0,0,0,0,0,0,-1.5174815848749215,-0.546109518201218,-1.109762475828853,1,0,-1.4775398897462295,-0.41390391731856047,0,1,0,1,0,0,1,0,0,1,0
1,0,1,1,1.6084834273893616,1,1,0,0,0,0,0,0,0,-1.3482455758808924,-0.28788245174634347,-1.109762475828853,1,1,-1.3935200726126102,0.5716172893312251,0,1,0,1,0,0,0,0,0,1,0
1,0,0,0,-0.5896262538947137,1,1,0,1,0,0,0,0,1,0.5216464058472539,-0.37184464234301334,-0.5705298937831644,0,0,0.5202457972706415,-0.0011268393388263738,1,0,0,0,0,1,0,1,0,0,1
0,0,1,1,-0.6710377235719016,1,0,1,1,0,1,0,1,0,0.11017061927353564,-0.519738325858078,1.0471678523539008,1,1,0.15683777302749924,-0.5464765334831309,0,0,0,1,0,0,0,1,0,0,0
0,0,1,0,1.2828375486806096,1,0,0,1,1,1,0,1,1,0.11182979583230053,0.9124455884246542,1.0471678523539008,1,0,0.11516723134592523,-0.042552569597280626,0,0,0,1,0,0,1,0,0,1,0
1,0,0,0,-1.2409180113122174,1,0,0,0,0,0,0,0,1,-0.6082528306717059,-0.9703522356216011,-1.109762475828853,0,1,-0.694461407281188,1.0230241177603991,0,0,0,0,0,0,0,0,0,0,0
1,0,1,1,1.6084834273893616,1,1,0,1,1,1,0,0,0,0.8468450113651922,1.8720981044656624,0.5079352703082123,1,1,0.86870665450862,-0.2825545423204265,1,0,0,1,0,0,0,0,0,1,0
1,0,0,1,1.2421318138420157,0,0,1,1,0,1,0,0,1,-0.807354017723505,0.12707988766975645,0.5079352703082123,1,1,-0.7889468042454195,-0.18714173133806025,0,0,1,0,0,0,0,0,0,1,0
0,0,0,0,-1.2816237461508113,1,0,0,0,0,0,0,0,1,0.1781968581829002,-0.9780749142445506,-1.109762475828853,0,0,0.17741454174867372,0.0031493650749470433,1,0,0,0,0,1,0,0,0,0,1
1,0,0,0,-1.2816237461508113,1,0,0,0,0,0,0,0,0,-1.4859572302583868,-1.0000801604343756,-1.109762475828853,0,0,-1.4819622644694506,0.0031493650749470433,0,1,0,0,0,0,1,0,0,0,1
1,0,1,1,1.0793088744876398,0,0,1,0,1,0,0,0,0,-0.9998184985402442,-0.13998876823127898,-0.031297311737476054,1,0,-1.0381027334755393,0.4786777914949634,0,0,1,0,0,0,1,0,0,1,0
0,0,1,1,0.7536629957788878,1,1,0,0,0,1,0,0,1,0.5249647589647837,0.7975268650524676,-0.5705298937831644,1,0,0.5223111109374036,0.013336793237178544,1,0,0,0,0,1,0,0,0,1,0
0,0,0,0,-1.0780950719578415,0,0,1,1,1,1,1,1,1,-0.05076950692666865,-0.855872300807537,2.1256330164452777,0,0,-0.2251594258615724,2.030070257204526,0,0,0,1,0,0,1,0,0,0,0
0,0,0,0,0.9978974048104517,1,0,0,1,1,1,1,0,0,0.1599459160364854,0.6998964108702935,1.0471678523539008,0,0,0.11199264391208463,0.5524165688548954,0,0,0,1,0,0,1,0,0,1,0
0,1,1,0,0.5501343215859179,1,1,0,0,0,1,1,1,0,1.1720436168831305,1.0770132371483598,0.5079352703082123,1,0,1.2708020809969551,-1.1878200446442841,1,0,1,0,0,1,0,0,1,0,0
1,0,0,0,-0.7524491932490895,0,0,0,0,1,1,1,1,1,-0.3295111687991873,-0.6701989224381569,1.0471678523539008,0,0,-0.32422728579697035,-0.05045591168345479,0,0,0,0,0,1,0,1,0,0,0
1,0,0,0,-0.8745663977648716,1,1,0,0,1,0,0,0,0,-0.3709905827683121,-0.7421383065422804,-0.5705298937831644,0,0,-0.31981193530716945,-0.5828850125401933,0,0,0,0,0,1,0,0,0,0,1
0,0,0,0,-1.2002122764736234,1,0,0,0,0,0,0,0,1,-1.4909347599346818,-0.981848495844401,-1.109762475828853,0,0,-1.468175484756771,-0.21493706002760252,0,1,0,0,0,0,1,0,0,0,0
0,0,1,0,0.30589991255435406,1,1,0,1,0,0,1,0,0,-0.03417774133901873,0.1472861007712807,-0.031297311737476054,1,1,0.030998941200015787,-0.7569459694736457,0,0,1,0,0,0,0,0,1,0,0
1,0,0,0,0.020959768684196134,1,0,0,1,1,0,0,0,1,0.46689357940800896,0.12174860668857271,-0.031297311737476054,0,1,0.43500172052593994,0.35535311042772466,1,0,0,0,1,0,0,0,1,0,0
1,0,0,0,-0.9559778674420595,1,1,1,0,0,0,0,0,1,0.5382381714349038,-0.6647140654616303,-0.5705298937831644,0,0,0.7353195607884442,-2.310277222777587,1,0,0,0,0,1,0,0,0,0,0
0,0,1,1,-0.4268033145403377,1,0,1,1,1,0,0,0,0,-0.1254324520710933,-0.38494248080295906,0.5079352703082123,1,0,-0.009910194238335446,-1.3394816343866065,0,0,0,0,0,0,1,1,0,0,1
0,0,0,0,-0.7117434584104956,1,0,0,0,0,0,0,0,0,-1.5042081724048018,-0.8634194640072377,-1.109762475828853,0,0,-1.4172195469387068,-0.9615623506728025,0,1,0,1,0,0,1,1,0,0,0
1,0,1,1,-1.3223294809894055,1,1,0,0,0,0,0,0,0,-1.3001294556767078,-1.0089217498805365,-1.109762475828853,1,0,-1.296667945131036,0.0031493650749470433,0,1,0,1,0,0,1,0,0,0,0
1,0,0,0,-1.2002122764736234,1,0,0,0,1,0,0,0,1,0.2877025110613896,-0.9069034101171409,-0.5705298937831644,0,1,0.41565009518377843,-1.4977983841602498,1,0,0,0,1,0,0,0,0,0,0
1,0,0,0,-0.7931549280876836,1,0,0,0,1,0,1,0,1,0.6062644103442684,-0.5435426051362036,-0.031297311737476054,0,0,0.5508029572286932,0.624843699077695,1,0,0,0,0,1,0,1,0,0,1
1,0,0,0,-0.4675090493789317,1,0,0,0,0,0,0,0,0,-1.4909347599346818,-0.825639769152922,-1.109762475828853,0,0,-1.4905494586904908,0.04530052286787734,0,1,0,0,0,0,1,1,0,0,0
1,0,0,0,-1.0780950719578415,1,0,0,1,0,0,1,0,0,-0.18184445506910288,-0.8520109614960623,-0.031297311737476054,0,0,-0.1766299612729399,-0.05457939451102143,0,0,0,0,0,1,0,0,0,0,0
0,0,0,0,-0.9966836022806536,1,0,0,1,0,0,0,0,0,0.3540695734119893,-0.7739285375782289,-0.5705298937831644,0,0,0.06636203116303893,3.3345798661819095,1,0,0,0,0,1,0,0,0,0,0
1,0,0,0,-1.2002122764736234,1,0,0,0,0,1,0,0,1,-0.4788370590880366,-0.9440907404179916,-0.5705298937831644,0,0,-0.5190935693359028,0.4842223616246889,0,0,0,0,0,0,1,0,0,0,0
1,0,1,1,1.2421318138420157,1,0,0,0,0,0,0,0,0,-1.5058673489635668,-0.4623667218836092,-1.109762475828853,1,0,-1.4944885386083995,-0.08206928002814876,0,1,0,1,0,0,1,0,0,1,0
0,0,1,0,0.7129572609402939,1,0,0,0,0,0,0,0,1,-1.4959122896109767,-0.5951002607155541,-1.109762475828853,1,1,-1.5245799579172858,0.38338946154786285,0,1,1,0,0,0,0,0,0,1,0
0,0,0,0,1.3235432835192036,1,1,1,1,1,0,1,1,1,1.5304257535763688,2.109548532693454,1.5864004343995892,0,1,1.4691297486751225,0.6618493141968979,1,0,0,0,1,0,0,0,0,1,0
1,1,0,0,0.46872285190873,1,0,0,0,1,0,0,0,0,0.29599839385521454,0.36115164400000777,-0.5705298937831644,0,0,0.19937312180014194,1.1139906480170743,1,0,0,0,0,1,0,0,1,0,0
0,0,0,0,-1.2409180113122174,1,0,0,1,0,0,0,0,1,-0.5269531792922214,-0.9689481122356104,-0.5705298937831644,0,1,-0.6415201731844983,1.3501537554142242,0,0,0,0,1,0,0,0,0,0,1
1,0,1,0,-0.9152721326034655,1,0,0,0,0,0,1,0,1,0.4984179340245439,-0.6327921978582451,-0.5705298937831644,1,0,0.6876356853555228,-2.21748358699866,1,0,0,0,0,1,0,0,0,0,1
1,1,1,0,0.590840056424512,1,1,0,0,1,0,1,1,1,1.1654069106480704,1.1284392561602736,0.5079352703082123,1,0,1.280556387065273,-1.3782466267198017,1,0,0,0,0,1,0,0,1,0,1
1,0,1,1,1.4863662228735797,1,1,0,1,1,0,1,0,0,1.0227177265942813,1.8481402491921939,0.5079352703082123,1,1,0.973714960944855,0.5358156974865478,1,0,1,0,1,0,0,0,0,1,0
0,0,1,0,-0.30468611002455576,0,0,0,0,0,0,1,0,1,-1.026365323480484,-0.6346351098023582,-0.5705298937831644,1,1,-1.0197191142627269,-0.04303364259382719,0,0,0,0,0,0,0,0,1,0,1
1,0,0,0,-0.8338606629262776,0,0,1,1,0,1,1,0,1,-0.46390447005915153,-0.7431255807980552,1.0471678523539008,0,1,-0.47842256918349785,0.18435352710868516,0,0,0,0,0,0,0,0,0,0,0
1,1,1,0,1.6084834273893616,1,1,0,0,0,0,0,0,1,-1.3250171040581826,-0.2179834344374879,-1.109762475828853,1,1,-1.3203122723382816,-0.01048103649396222,0,1,0,1,0,0,0,0,0,1,0
1,0,0,1,-0.06045170099299184,0,0,0,0,0,0,0,0,0,-1.3250171040581826,-0.6626298198105501,-1.109762475828853,1,1,-1.3063275856265004,-0.17314061043489484,0,0,0,0,1,0,0,0,1,0,0
0,0,1,0,-1.2816237461508113,1,0,0,0,0,0,0,0,1,0.14833168012513065,-0.9784698239468606,-1.109762475828853,1,0,0.14763509756928594,0.0031493650749470433,1,0,0,0,0,0,1,0,0,0,1
0,0,1,0,-0.2639803751859618,0,0,1,1,1,0,1,0,0,-0.5667734167025811,-0.48654397143613864,1.0471678523539008,1,1,-0.63362989310278,0.7965497532308289,0,0,1,0,0,0,0,0,1,0,0
0,0,1,1,-0.9966836022806536,1,0,0,1,0,0,1,0,1,0.6178786462556232,-0.7105235909295808,-0.031297311737476054,1,0,0.6640189317077023,-0.5573006759055011,1,0,0,0,0,1,0,0,0,0,1
1,1,1,0,0.1023712383613841,1,1,1,1,0,0,0,1,1,0.9828974891839214,0.46777726362368577,0.5079352703082123,1,0,1.0328881620003652,-0.6142734636397537,1,0,0,0,0,1,0,0,1,0,0
1,0,0,0,-0.1825689055087738,1,1,0,1,0,0,1,1,0,1.1703844403243657,0.17073934920290856,0.5079352703082123,0,0,1.028314890215673,1.6133694092407296,1,0,1,0,0,1,0,0,1,0,0
0,0,0,0,-0.4675090493789317,1,0,0,1,1,1,1,1,1,1.31473280093692,-0.02629865282183459,1.5864004343995892,0,0,1.379779295891057,-0.8004716215424357,1,0,1,0,0,0,1,1,0,0,0
1,0,0,1,-0.7931549280876836,1,0,0,0,0,0,1,1,0,0.04878108659923111,-0.6439593666624535,-0.031297311737476054,1,1,-0.031677880416858595,0.9342106414742948,0,0,0,0,1,0,0,1,0,0,0
0,0,1,1,1.6084834273893616,1,1,0,1,1,1,0,1,1,1.118949967002651,2.119399335823296,1.0471678523539008,1,1,1.127714289377495,-0.13930169445894314,1,0,0,1,0,0,0,0,0,1,0
0,0,0,0,-1.2816237461508113,1,0,0,0,0,0,0,0,0,-0.6812565992573657,-0.9894395378999139,-1.109762475828853,0,0,-0.6795716851914941,0.0031493650749470433,0,0,0,0,0,0,1,0,0,0,1
1,0,1,0,1.5270719577121736,1,0,0,0,0,0,0,0,0,-1.4959122896109767,-0.379786715245024,-1.109762475828853,1,1,-1.4709485970189784,-0.2404110206068072,0,1,0,1,1,0,0,0,0,1,0
0,0,0,0,-1.2002122764736234,1,1,0,0,0,1,1,0,1,-0.04413280069160859,-0.9406243108088267,-0.031297311737476054,0,0,-0.43196112155176736,4.512406919401195,0,0,0,0,0,1,0,0,0,0,1
0,0,0,0,-0.7931549280876836,1,0,1,1,0,1,0,1,0,0.0952380302446506,-0.639352086802171,1.0471678523539008,0,1,-0.004952738204587517,1.1621652306086339,0,0,0,0,0,0,0,1,0,0,0
1,1,0,0,1.4049547531963917,1,1,1,1,1,1,1,1,1,1.698002586011633,2.431114727513258,2.1256330164452777,0,1,1.723056588522137,-0.34810572434615095,1,0,0,1,1,0,0,0,0,1,0
1,0,1,0,0.631545791263106,1,1,0,1,1,0,0,1,1,0.18649274097672516,0.4919545131762152,0.5079352703082123,1,1,0.2091930689864006,-0.2702604546308258,0,0,1,0,1,0,0,0,1,0,0
0,1,0,0,0.346605647392948,1,1,0,1,1,0,1,1,1,1.309755271260625,0.80500820996845,1.0471678523539008,0,0,1.1875349023755324,1.3778447864351384,1,0,0,0,0,1,0,0,1,0,0
0,0,0,0,0.9978974048104517,1,0,1,1,1,1,1,0,1,0.3109309828840996,0.8192249592516073,1.5864004343995892,0,1,0.2698585278221158,0.4673426073597797,0,0,0,1,1,0,0,0,0,1,0
1,0,0,0,-1.2816237461508113,1,0,0,0,0,0,0,0,1,-0.6630056571109506,-0.9891982041929468,-1.109762475828853,0,0,-0.6613731359707569,0.0031493650749470433,0,0,0,0,0,0,1,0,0,0,0
1,0,0,0,0.30589991255435406,1,1,0,0,0,0,0,0,1,-1.3382905165283026,-0.5815636336974863,-1.109762475828853,0,0,-1.3430328853047775,0.09984503738144472,0,1,0,1,0,0,1,0,1,0,0
1,1,0,0,-1.2816237461508113,1,1,0,0,0,0,0,0,1,0.35904710308828447,-0.9756835166027851,-1.109762475828853,0,0,0.3577456203905238,0.0031493650749470433,1,0,0,0,0,1,0,0,0,0,1
1,0,1,1,-0.38609757970174374,1,0,0,0,0,0,0,0,0,-1.5025489958460367,-0.8172150288369772,-1.109762475828853,1,0,-1.5201576385256221,0.2549806206601156,0,1,1,0,0,0,1,1,0,0,0
0,0,1,0,0.46872285190873,1,0,1,1,1,0,0,0,1,-0.1138182161597383,0.18554846303953051,0.5079352703082123,1,0,-0.10157974589155286,-0.1385484993633402,0,0,1,0,0,0,1,0,1,0,0
1,0,1,1,-0.9559778674420595,1,1,0,0,1,0,0,0,1,0.4785078153193637,-0.7187728158222769,-0.5705298937831644,1,1,0.2823778912945419,2.265261499962173,1,0,0,0,0,0,0,0,0,0,1
1,0,1,0,-0.1418631706701798,1,1,0,1,0,0,0,0,1,0.505054640259604,-0.014955968594377523,-0.5705298937831644,1,1,0.43590239917550777,0.7874642366912191,1,0,0,0,0,0,0,0,1,0,1
1,0,0,0,-0.6303319887333076,1,0,1,1,0,0,0,0,1,-0.3129194032115374,-0.5990274183107471,-0.031297311737476054,0,1,-0.33049042286644514,0.2148214835568351,0,0,0,0,1,0,0,1,0,0,0
1,0,0,0,-0.2639803751859618,1,0,0,0,0,1,1,0,0,-0.18184445506910288,-0.3476673927904839,-0.031297311737476054,0,1,-0.2308438211892619,0.5759962871203337,0,0,1,0,1,0,0,0,1,0,0
1,0,1,0,0.46872285190873,1,0,0,1,1,1,1,0,1,0.1997661534468453,0.41733851886754664,1.0471678523539008,1,0,0.29566751137515807,-1.1221241077636759,0,0,1,0,0,1,0,0,1,0,0
0,0,1,0,0.14307697319997809,1,1,1,1,1,1,0,1,1,1.3645080976998696,0.6735690973829656,1.5864004343995892,1,1,1.3755776106452882,-0.17431311809674002,1,0,0,1,1,0,0,0,1,0,0
0,0,1,1,1.4456604880349857,1,1,0,1,0,1,0,0,1,0.6211969993731534,1.5068285692568937,-0.031297311737476054,1,1,0.6411369323198639,-0.2526682754432657,1,0,1,0,0,0,0,0,0,1,0
0,0,1,1,-1.1188008067964355,0,0,0,1,0,1,0,0,0,-1.018069440686659,-0.9371578811996618,-0.031297311737476054,1,0,-1.0663735768104348,0.5958312968242286,0,0,0,0,0,1,0,0,0,0,0
1,1,0,0,0.7536629957788878,1,1,0,0,1,0,1,1,1,1.090743965503646,1.1469780727409336,0.5079352703082123,0,0,1.0390071750869607,0.5653444747683681,1,0,0,0,0,1,0,0,0,1,1
1,0,0,1,0.9978974048104517,1,1,1,1,1,1,1,1,0,0.8169798333074222,1.1904400794229308,2.1256330164452777,1,0,0.7609581335874628,0.6243243220233814,0,0,0,1,0,0,1,0,0,1,0
1,0,0,1,1.6084834273893616,0,0,1,1,1,1,1,1,0,0.0753279115394709,1.0409667570986265,2.1256330164452777,1,1,-0.001767638583786193,0.8942034597954142,0,0,0,1,1,0,0,0,0,1,0
1,0,1,0,-0.8745663977648716,1,0,0,0,0,0,0,0,1,-0.6314813024944159,-0.779918001396596,-1.109762475828853,1,1,-0.5788028589279082,-0.5916317942956435,0,0,0,0,0,0,0,0,0,0,0
0,0,1,1,-1.2002122764736234,1,0,0,1,0,0,1,0,1,-0.20673210345057777,-0.9349419989811452,-0.031297311737476054,1,1,-0.28913008372840615,0.9652953581744335,0,0,0,0,1,0,0,0,0,0,0
0,1,0,0,-0.4268033145403377,1,0,1,1,0,0,0,0,0,0.5564891135813186,-0.20993166439594674,-0.031297311737476054,0,0,0.589965124496459,-0.4079493774311941,1,0,0,0,0,1,0,1,0,0,0
0,0,1,1,1.0793088744876398,1,0,0,0,0,0,0,0,0,-1.4710246412295018,-0.44463966413547507,-1.109762475828853,1,0,-1.4274787804387996,-0.4573761068763988,0,1,0,1,0,0,1,0,0,1,0
1,0,1,1,1.1607203441648277,1,0,0,1,1,1,1,1,0,1.293163505672975,1.8208914797328093,1.5864004343995892,1,1,1.3495258706199074,-0.6987440233336907,1,0,1,0,1,0,0,0,0,1,0
1,1,1,0,1.0793088744876398,1,0,1,1,1,0,0,0,1,0.5979685275504434,1.1425243688759938,0.5079352703082123,1,1,0.601084619061644,-0.056210150431528424,1,0,1,0,1,0,0,0,0,1,0
0,0,0,0,0.14307697319997809,1,0,0,1,0,0,1,1,1,0.9911933719777464,0.5556446723876427,0.5079352703082123,0,1,1.1285644741264438,-1.6308952465390107,1,0,0,0,1,0,0,0,1,0,0
1,0,0,0,-1.1188008067964355,1,0,0,0,0,0,0,0,0,-1.4826388771408567,-0.9607427661987263,-1.109762475828853,0,0,-1.4220724933975701,-0.6549584942051002,0,1,0,0,0,0,1,0,0,0,0
1,0,0,0,-1.2816237461508113,1,1,0,0,0,0,0,0,1,-0.49045129499939155,-0.9869165036907116,-1.109762475828853,0,0,-0.4893141251565148,0.0031493650749470433,0,0,0,0,0,1,0,0,0,0,0
1,1,0,0,-0.8338606629262776,1,1,0,0,0,0,0,0,1,0.2777474517087997,-0.6455828843275053,-1.109762475828853,0,1,0.13453765684223995,1.6564368965508938,1,0,0,0,1,0,0,0,0,0,0
1,0,0,0,-1.2816237461508113,1,0,0,0,0,0,0,0,0,-1.469365464670737,-0.9998607661553145,-1.109762475828853,0,0,-1.465418128814235,0.0031493650749470433,0,1,0,0,0,1,0,0,0,0,0
1,0,1,0,0.30589991255435406,1,1,0,1,0,1,1,0,0,0.19312944721178524,0.273108719812802,0.5079352703082123,1,1,0.26820048615666947,-0.8796195835938304,0,0,1,0,1,0,0,0,1,0,0
0,0,1,1,0.387311382231542,1,0,0,0,1,0,1,1,1,0.903257014363202,0.691559428265973,0.5079352703082123,1,0,0.9044111313978621,-0.043583440304168865,1,0,0,0,0,1,0,0,1,0,0
0,0,1,1,1.4863662228735797,1,0,0,0,0,0,0,0,0,-1.5008898192872717,-0.3959780130397306,-1.109762475828853,1,1,-1.478821276395779,-0.20657057313108573,0,1,0,1,0,0,0,0,0,1,0
1,0,1,1,-0.1825689055087738,1,1,0,1,0,0,0,1,0,-0.017585975751368575,-0.21815894986073672,-0.031297311737476054,1,0,-0.019047069157011487,0.01758155497144258,0,0,0,0,0,1,0,0,1,0,0
1,0,0,0,1.0386031396490458,1,0,1,1,0,0,1,1,0,1.135541732590301,1.5013656517082732,1.0471678523539008,0,1,1.115039167822108,0.20055518090053193,1,0,1,0,0,0,0,0,0,1,0
1,0,1,0,1.5677776925507676,1,1,1,1,1,1,1,1,1,1.702980115687928,2.7491925532959915,2.1256330164452777,1,0,1.8427565574424816,-1.6826388256514733,1,0,0,1,0,1,0,0,0,1,0
0,0,1,1,1.5270719577121736,1,1,1,0,0,1,1,1,1,0.5199872292884885,1.3869515351779274,1.0471678523539008,1,1,0.43228876875702366,1.0026816024777245,0,0,0,1,0,0,0,0,0,1,0
1,0,1,1,0.7943687306174818,1,1,0,0,0,0,0,0,0,-1.3316538102932427,-0.4696067330926244,-1.109762475828853,1,0,-1.3665987339198125,0.4509173080173997,0,1,0,1,0,0,1,0,0,1,0
1,0,1,1,-0.5896262538947137,0,0,0,0,0,0,0,0,0,-1.3067661619117676,-0.8036345229630972,-1.109762475828853,1,1,-1.2886716128976816,-0.1668297603726283,0,0,0,0,1,0,0,1,0,0,0
1,0,1,0,1.6084834273893616,1,1,1,1,1,1,0,1,1,0.5763992322864984,1.6152751613967788,1.5864004343995892,1,1,0.5997265823142398,-0.2905724255962591,0,0,0,1,0,0,0,0,0,1,0
1,0,0,0,-0.5896262538947137,1,0,1,0,0,0,0,0,0,-0.5153389433808665,-0.6250695192352956,-0.5705298937831644,0,0,-0.5406009456876832,0.31103608286678347,0,0,0,0,0,1,0,1,0,0,1
0,0,1,0,0.9978974048104517,1,0,1,1,0,1,1,0,1,0.17985603474166512,0.8009274763779142,1.0471678523539008,1,1,0.24565184512658939,-0.7712937605988153,0,0,0,1,1,0,0,0,0,1,0
0,0,0,0,-0.22327464034736777,1,0,1,1,0,0,0,0,1,-0.27309916580117743,-0.2836262027325588,-0.031297311737476054,0,0,-0.1230147068347411,-1.736553130596046,0,0,0,0,0,0,1,0,1,0,0
1,0,1,0,-0.3453918448631497,1,1,0,1,1,0,1,1,1,1.3180511540544502,0.10667621971707733,1.0471678523539008,1,0,1.3565288766756016,-0.4915540330436973,1,0,0,0,0,1,0,1,0,0,1
1,0,1,1,-0.9152721326034655,1,0,0,0,0,0,0,0,0,-1.4760021709057967,-0.9025594033917318,-1.109762475828853,1,0,-1.3466312348097869,-1.4554639604638715,0,1,1,0,0,0,1,0,0,0,0
0,0,1,1,1.6084834273893616,1,1,0,0,0,0,0,0,0,-1.3283354571757127,-0.19312606261986912,-1.109762475828853,1,0,-1.2942782366475047,-0.35177560126841884,0,1,0,1,0,0,1,0,0,1,0
1,0,0,0,-1.0373893371192475,1,1,0,0,0,0,0,0,1,-1.3233579274994176,-0.9418090399157566,-1.109762475828853,0,1,-1.4257122032417178,1.2346962362422873,0,1,0,0,0,0,0,0,0,0,0
1,0,1,1,0.8757802002946699,1,1,0,1,0,1,1,0,1,0.19147027065302033,0.6453111142399003,0.5079352703082123,1,0,0.16136060270546443,0.3438203167057303,0,0,1,0,0,1,0,0,0,1,0
0,1,1,0,0.46872285190873,1,0,1,1,0,1,0,0,1,0.6709722961361032,0.6016516527067481,0.5079352703082123,1,0,0.611547701464854,0.6687794566646824,1,0,0,0,0,1,0,0,1,0,0
1,0,1,0,0.9571916699718578,1,0,0,0,0,0,0,1,1,0.5299422886410788,0.990857103761079,-0.5705298937831644,1,0,0.5441625775055423,-0.18309460930359292,1,0,1,0,0,1,0,0,0,1,0
1,0,0,0,-1.2816237461508113,1,0,0,0,0,0,0,0,0,-1.5058673489635668,-1.0003434335692487,-1.109762475828853,0,0,-1.5018152272557093,0.0031493650749470433,0,1,0,0,0,0,1,0,0,0,0
0,0,0,0,1.6084834273893616,1,1,0,1,1,1,1,1,1,1.5486766957227835,2.5069812692125746,1.5864004343995892,0,1,1.53364304005116,0.12315035143651996,1,0,0,1,0,0,0,0,0,1,0
0,0,0,1,-0.8338606629262776,1,1,1,0,0,0,0,0,1,0.443665107585299,-0.6099532534079882,-0.5705298937831644,1,0,0.35843495937615766,0.9765203947605922,1,0,0,0,0,1,0,0,0,0,1
1,0,1,0,-0.1825689055087738,1,0,1,0,0,1,0,0,0,-0.35108046406313215,-0.38301181114722166,-0.031297311737476054,1,0,-0.46302076670447556,1.3137296571040291,0,0,1,0,0,0,1,0,1,0,0
0,0,1,1,1.6084834273893616,1,1,1,1,0,0,1,1,1,1.3014593884668002,2.195573029513298,1.0471678523539008,1,0,1.207493787981535,1.0494831325706355,1,0,1,0,0,1,0,0,0,1,0
1,1,0,0,-1.1188008067964355,1,0,0,0,1,0,0,0,0,-0.48381458876433153,-0.9048191644660608,-0.5705298937831644,0,0,-0.5786524576946789,1.1192387170703477,0,0,0,0,0,1,0,0,0,0,1
1,0,0,0,-0.10115743583158582,1,1,1,1,1,1,0,0,1,0.9978300782128064,0.24267873330703219,1.0471678523539008,0,1,0.9973419048211587,-0.027639306704235783,1,0,0,0,1,0,0,0,1,0,0
1,0,0,0,-0.4268033145403377,1,1,0,1,0,0,1,1,1,1.1853170293532507,0.05116946711462766,0.5079352703082123,0,0,1.484927662827008,-3.5244277168979754,1,0,0,0,0,1,0,1,0,0,0
1,0,1,0,1.3235432835192036,1,1,1,0,1,0,1,1,1,1.30477774158433,1.9805227571776414,1.0471678523539008,1,0,1.31944349977001,-0.21414760690505744,1,0,0,0,0,1,0,0,0,1,0
0,0,0,0,0.6722515261016999,1,1,0,0,0,0,0,1,1,0.6494030008721581,0.7052935101351956,-0.5705298937831644,0,0,0.48938967124702504,1.839473717619105,1,0,0,0,0,1,0,0,0,1,0
0,0,0,0,-0.7931549280876836,1,0,0,1,1,0,0,0,1,0.5382381714349038,-0.5910634059808305,-0.031297311737476054,0,0,0.27515220469640905,3.042050478664549,1,0,0,0,0,1,0,1,0,0,1
1,0,1,0,0.8757802002946699,1,0,1,1,1,1,1,1,0,1.4872871630484792,1.672164097957313,2.1256330164452777,1,1,1.595308241977151,-1.3060818862759773,1,0,0,1,0,0,0,0,0,1,1
1,0,1,1,0.9978974048104517,1,0,0,0,0,0,0,0,0,-1.466047111553207,-0.5160963808256642,-1.109762475828853,1,0,-1.496706862562169,0.4055627067502387,0,1,0,1,0,0,1,0,0,1,0
0,0,0,0,-1.2816237461508113,1,0,0,0,0,0,0,0,0,-0.6895524820511906,-0.9895492350394444,-1.109762475828853,0,1,-0.6878437530191019,0.0031493650749470433,0,0,0,0,0,0,0,0,0,0,0
1,0,1,1,1.5677776925507676,1,1,1,1,1,1,1,1,0,0.841867481688897,1.7498735516007426,2.1256330164452777,1,1,0.7813920011616153,0.6752964250430328,0,0,0,1,1,0,0,0,0,1,0
0,0,0,0,-1.2816237461508113,1,0,1,0,0,0,0,0,1,-0.5468632979974012,-0.9876624442395193,-0.5705298937831644,0,1,-0.5455641863842476,0.0031493650749470433,0,0,0,0,0,0,0,0,0,0,0
1,0,1,0,1.5270719577121736,1,1,1,1,1,1,1,0,0,0.48016699187812906,1.4170963091209177,1.5864004343995892,1,1,0.4647625436002609,0.16314049878463868,0,0,1,0,0,0,0,0,0,1,0
0,0,1,0,0.7943687306174818,0,0,1,1,1,1,1,1,0,0.04380355692293595,0.45228802752197445,2.1256330164452777,1,1,-0.029705310396429298,0.8535384005144158,0,0,0,1,1,0,0,0,0,1,0
0,0,1,0,0.9571916699718578,1,1,0,1,1,1,0,0,0,0.850163364482722,1.236183786607163,0.5079352703082123,1,0,0.8745135148209369,-0.3116098240961726,1,0,0,0,0,1,0,0,0,1,0
0,0,1,1,-0.8745663977648716,0,0,1,0,0,0,0,0,1,-1.1723728606518034,-0.8569034539191239,-0.5705298937831644,1,0,-1.1065607863292857,-0.7263322333295703,0,0,0,0,0,1,0,0,0,0,0
1,0,0,0,-1.1188008067964355,1,0,0,0,0,0,0,0,0,-1.4925939364934466,-0.9619494347335622,-1.109762475828853,0,0,-1.4402710426183074,-0.5587438948951519,0,1,0,0,0,0,1,0,0,0,0
1,0,0,0,-0.8338606629262776,0,0,0,1,0,1,0,0,0,-1.026365323480484,-0.8147797523393994,-0.031297311737476054,0,0,-0.9286987945996157,-1.1017149503342922,0,0,0,0,0,0,1,0,0,0,0
0,0,0,0,-1.0780950719578415,1,0,0,0,0,0,1,1,1,0.8684143066291369,-0.80914131936753,-0.031297311737476054,0,0,0.36215738989858154,5.859411309740467,1,0,0,0,0,1,0,0,0,0,1
0,1,0,0,-1.2409180113122174,1,0,0,0,0,0,0,1,1,0.4917812277894838,-0.9389788537158686,-0.5705298937831644,0,1,0.4884442920667271,0.022392284936935625,1,0,0,0,0,0,0,0,0,0,1
0,0,1,1,0.7129572609402939,1,0,0,0,1,1,1,1,0,1.26495750417397,1.2523750844018695,1.0471678523539008,1,0,1.2617171925915038,-0.004547802869847295,1,0,1,0,0,0,1,0,0,1,0
1,0,1,0,0.346605647392948,1,1,0,1,0,0,0,0,1,0.5083729933771337,0.5000721015014746,-0.5705298937831644,1,0,0.6266887036637236,-1.3931356736913758,1,0,0,0,0,1,0,0,1,0,0
1,0,0,1,1.4456604880349857,1,1,1,1,0,1,1,1,1,0.7157700632227577,1.572361640412434,1.5864004343995892,1,1,0.7138094811465243,-0.0010953966593169936,0,0,0,1,0,0,0,0,0,1,0
0,0,1,0,-0.4268033145403377,1,0,0,0,0,0,1,0,1,0.5000771105833088,-0.2601510148730247,-0.5705298937831644,1,1,0.41783091306560216,0.9399296910836273,1,0,0,0,1,0,0,1,0,0,0
1,0,1,0,0.7536629957788878,1,1,0,1,1,0,1,1,1,1.3893957460813444,1.4038887735214418,1.0471678523539008,1,1,1.4188735055233817,-0.38925527524798376,1,0,1,0,0,0,0,0,0,1,0
0,0,0,0,-0.10115743583158582,1,1,0,1,1,0,1,0,1,0.13339909109624562,-0.11436351643694646,0.5079352703082123,0,1,0.09987769264456328,0.38544203966647755,0,0,1,0,1,0,0,0,1,0,0
1,0,0,0,0.30589991255435406,1,0,0,1,0,1,0,1,1,0.8186390098661871,0.5216385591331775,0.5079352703082123,0,1,0.7367304079123751,0.9253662994608002,1,0,1,0,1,0,0,0,1,0,0
1,0,1,0,1.3235432835192036,1,1,1,1,1,0,1,0,1,1.1421784388253606,1.7763105622276012,1.0471678523539008,1,0,1.0825314771873227,0.6556323708568723,1,0,0,1,0,1,0,0,0,1,0
1,1,1,1,1.4456604880349857,1,0,0,0,0,0,0,0,0,-1.5075265255223318,-0.4852056663338662,-1.109762475828853,1,1,-1.5679187810427988,0.7527742873456923,0,1,1,0,0,0,0,0,0,1,0
1,0,0,0,-0.9152721326034655,1,0,0,1,0,0,1,0,1,-0.17520774883404305,-0.7285578006684004,-0.031297311737476054,0,0,-0.034515835994637874,-1.630574531207978,0,0,0,0,0,0,1,0,0,0,0
0,0,1,0,1.2828375486806096,1,1,1,0,1,0,1,0,1,0.9845566657426863,1.6012997458205886,0.5079352703082123,1,1,0.9268121865060177,0.6387670617662924,1,0,0,1,1,0,0,0,0,1,0
0,0,0,0,1.0386031396490458,1,0,1,1,1,0,1,1,1,1.3777815101699897,1.6878069100543671,1.5864004343995892,0,0,1.357439279542836,0.19060194648915568,1,0,1,0,0,1,0,0,0,1,1
1,0,1,1,-0.7117434584104956,1,0,0,0,0,0,0,0,1,-1.5075265255223318,-0.9037221930707554,-1.109762475828853,1,0,-1.619830061596247,1.356568062034888,0,1,1,0,0,0,1,1,0,0,0
0,0,0,0,1.5677776925507676,1,1,1,1,1,0,1,1,1,1.3877365695225796,2.1868850160624795,1.5864004343995892,0,1,1.2455365618887129,1.6076294437084517,1,0,0,1,1,0,0,0,0,1,0
0,0,0,1,-1.1595065416350294,1,0,0,0,1,1,1,1,1,1.1006990248562358,-0.8350298442967358,1.0471678523539008,1,1,1.1295295487063315,-0.3720875722338549,1,0,0,0,0,0,0,0,0,0,1
0,0,0,0,1.6084834273893616,1,1,0,1,1,1,1,1,0,0.7190884163402875,1.7776049884740612,1.5864004343995892,0,1,0.7697405541377677,-0.6131585960604455,0,0,0,1,0,0,0,0,0,1,0
1,0,0,0,-0.30468611002455576,1,1,0,0,0,0,1,1,1,0.9878750188602166,0.0275407032597509,-0.031297311737476054,0,1,0.9776212951201416,0.08627877887874559,1,0,0,0,0,0,0,0,1,0,1
0,0,0,1,0.46872285190873,1,1,0,1,0,0,1,1,1,0.4187774592038241,0.5141572142171951,0.5079352703082123,1,0,0.46159767193530904,-0.5120360803210511,0,0,1,0,0,0,1,0,1,0,0
1,0,0,0,-1.1188008067964355,1,0,0,0,1,1,1,1,0,0.33913698438310474,-0.8366314225338815,1.0471678523539008,0,1,0.44973101463352255,-1.2976720175955532,0,0,0,0,0,0,0,0,0,0,0
1,0,1,0,0.020959768684196134,1,0,0,0,0,0,0,0,1,-0.6762790695810708,-0.36714960477110664,-1.109762475828853,1,1,-0.6821786399008009,0.09120030141314145,0,0,0,0,1,0,0,0,1,0,0
1,0,0,1,-1.2816237461508113,1,0,0,1,0,0,0,0,1,-0.49874717779321653,-0.9870262008302422,-0.5705298937831644,1,0,-0.49758619298412254,0.0031493650749470433,0,0,0,0,0,1,0,0,0,0,0
1,0,0,0,-0.7524491932490895,1,0,0,0,0,0,1,1,1,0.928144662744677,-0.4220639928200914,-0.031297311737476054,0,0,1.0123025303493751,-1.009852916231222,1,0,0,0,0,1,0,1,0,0,0
0,0,1,1,-0.5082147842175256,1,0,0,0,0,0,0,0,0,-1.4793205240233267,-0.814713934055681,-1.109762475828853,1,0,-1.4164474872747967,-0.6818985820118859,0,1,0,0,0,0,1,1,0,0,0
1,0,0,0,-0.9966836022806536,1,0,1,0,1,0,0,1,1,0.05873614595182097,-0.7548631747278223,0.5079352703082123,0,0,0.24607270471781853,-2.1809220392608797,0,0,0,0,0,1,0,0,0,0,0
1,0,1,0,-1.2002122764736234,0,0,0,1,0,0,0,0,0,-1.1657361544167435,-0.9675001099938073,-0.5705298937831644,1,1,-1.1075133274730709,-0.6382812969913759,0,0,0,0,1,0,0,0,0,0,0
1,0,1,1,1.4049547531963917,1,0,0,0,0,0,0,0,1,-1.5108448786398618,-0.4454294835400949,-1.109762475828853,1,1,-1.514482602764852,0.09275818592480854,0,1,0,1,1,0,0,0,0,1,0
1,0,1,1,1.6084834273893616,1,1,1,1,1,1,1,1,1,0.7506127709568226,1.8270345195465192,2.1256330164452777,1,1,0.8215099119588798,-0.8496861526974001,0,0,0,1,0,0,0,0,0,1,0
0,1,0,0,-1.2816237461508113,1,0,0,0,0,0,0,0,1,0.20640285968190536,-0.9777019439701469,-1.109762475828853,0,0,0.20553957236254053,0.0031493650749470433,1,0,0,0,0,1,0,0,0,0,1
0,0,1,1,0.30589991255435406,1,0,1,1,0,1,0,1,1,0.21303956591696496,0.240397032804797,1.0471678523539008,1,0,0.20653222050185302,0.0685752926057126,0,0,0,0,0,0,1,0,1,0,0
1,0,1,1,1.1200146093262338,1,1,0,0,0,0,0,0,0,-1.3598598117922474,-0.3479306659253572,-1.109762475828853,1,1,-1.317954733007413,-0.44200351439908203,0,1,1,0,1,0,0,0,0,1,0
0,0,0,0,0.9571916699718578,0,0,0,0,0,0,1,1,1,-0.6663240102284806,0.1165489622748253,-0.031297311737476054,0,1,-0.6331594760587377,-0.3634969830097461,0,0,0,0,1,0,0,0,0,1,0
0,0,1,1,-0.3453918448631497,1,1,0,1,1,0,0,0,0,0.6046052337855035,-0.11684267179033654,-0.031297311737476054,1,1,0.6542303181116997,-0.5973900922846427,1,0,1,0,0,0,0,1,0,0,0
1,0,1,1,1.6084834273893616,1,0,1,1,0,1,1,0,0,0.1151481489498308,1.1215502757977562,1.0471678523539008,1,1,0.0826304312240012,0.37437736074583267,0,0,0,1,0,0,0,0,0,1,0
1,0,1,0,-0.8338606629262776,1,0,0,0,0,0,0,0,0,-1.497571466169742,-0.9201767640003354,-1.109762475828853,1,1,-1.5910156919967464,1.1368780602771718,0,1,1,0,0,0,0,0,0,0,0
1,0,1,1,0.7943687306174818,0,0,1,0,1,0,0,1,0,-0.6862341289336606,-0.010195112738752433,0.5079352703082123,1,1,-0.7003791173424768,0.1874373283686183,0,0,1,0,0,0,0,0,0,1,0
0,0,1,0,-1.1595065416350294,0,0,0,0,0,0,0,0,1,-1.3200395743818876,-0.9650648334962295,-1.109762475828853,1,0,-1.3218977520052397,0.06568885462641268,0,0,0,0,0,1,0,0,0,0,0
1,0,1,1,-1.0780950719578415,1,0,1,0,0,0,0,0,1,-0.5236348261746914,-0.8791939126717282,-0.5705298937831644,1,0,-0.5182663625531421,-0.04495793458002714,0,0,0,0,0,1,0,0,0,0,0
0,0,0,0,-1.0780950719578415,0,0,0,0,1,0,1,1,1,-0.563455063585051,-0.8750473607974741,0.5079352703082123,0,0,-0.46615233523921284,-1.1129399869204537,0,0,0,0,0,1,0,0,0,0,1
1,1,0,0,1.3642490183577978,1,1,0,1,1,1,1,1,0,1.5254482239000742,2.252176753511053,1.5864004343995892,0,1,1.5772740200297573,-0.6537339447593357,1,0,1,0,1,0,0,0,0,1,1
1,0,1,1,1.5677776925507676,1,0,0,0,0,0,0,0,0,-1.5091857020810966,-0.40407366193708394,-1.109762475828853,1,0,-1.5062891343624716,0.016700717090432114,0,1,0,1,0,0,1,0,0,1,0
0,0,1,1,-0.8338606629262776,1,0,0,0,0,0,0,0,0,-1.497571466169742,-0.9081758969356951,-1.109762475828853,1,1,-1.5156020069683889,0.2597216299014765,0,1,1,0,0,0,0,0,0,0,1
1,0,0,0,-1.2002122764736234,1,1,0,0,0,0,0,0,1,0.31424933600162985,-0.9081978363636011,-1.109762475828853,0,0,0.3831132950618544,-0.81146757574928,1,0,0,0,0,1,0,0,0,0,1
0,0,0,1,-0.7931549280876836,1,0,1,1,0,0,0,0,1,-0.2963276376238874,-0.6734459577682607,-0.031297311737476054,1,0,-0.20271879057539532,-1.07889482101078,0,0,0,0,0,1,0,1,0,0,0
0,0,1,1,0.8350744654560759,1,1,1,1,1,1,0,1,1,1.29814103534927,1.4335508800504977,1.5864004343995892,1,1,1.326451586028836,-0.3726321831733388,1,0,0,1,0,0,0,0,0,1,0
0,0,0,0,-0.8745663977648716,1,0,0,0,0,0,0,0,0,-1.4892755833759168,-0.9046217096149058,-1.109762475828853,0,1,-1.4336834686028668,-0.5968798633489127,0,1,1,0,1,0,0,0,0,0,0
0,0,0,0,-0.7931549280876836,1,1,0,0,0,0,0,1,1,0.697519121076343,-0.475508439199367,-0.5705298937831644,0,0,0.9454442238965671,-2.906972207899799,1,0,0,0,0,1,0,1,0,0,0
0,0,0,0,-0.8745663977648716,1,1,0,0,0,0,0,0,0,-1.3183803978231226,-0.9013527348568959,-1.109762475828853,0,0,-1.4112736848517113,1.1244867861236183,0,1,1,0,0,1,0,0,0,0,0
0,0,0,0,-0.8338606629262776,1,1,1,1,1,0,0,1,1,1.1537926747367158,-0.46550406007418244,1.0471678523539008,0,1,1.2661565356589868,-1.3454586019194945,1,0,0,0,0,0,0,0,0,0,1
1,0,1,1,0.020959768684196134,1,0,0,0,0,0,0,0,0,-1.4876164068171518,-0.7366315101378477,-1.109762475828853,1,1,-1.5264810295053033,0.501715925135589,0,1,1,0,1,0,0,0,1,0,0
0,0,1,1,1.2421318138420157,1,0,0,0,0,0,0,0,0,-1.5125040551986266,-0.4543588306978803,-1.109762475828853,1,0,-1.4849034441414888,-0.2705277174066829,0,1,0,1,0,1,0,0,0,1,0
1,0,0,0,-0.7931549280876836,1,0,1,0,0,0,0,0,1,0.2926800407376848,-0.5891546757529992,-0.5705298937831644,0,1,0.2862240493272069,0.06531879847522458,1,0,0,0,1,0,0,1,0,0,0
1,0,0,0,-0.5896262538947137,1,0,0,0,1,1,0,0,0,-0.3228744625641272,-0.544639576531509,-0.031297311737476054,0,1,-0.20365204950979215,-1.3759265583676445,0,0,0,0,1,0,0,1,0,0,0
0,1,0,0,-1.0780950719578415,1,0,0,0,1,0,0,0,0,0.31424933600162985,-0.8184436367997192,-0.5705298937831644,0,0,0.24524549793505804,0.7921090794165226,1,0,0,0,0,1,0,0,0,0,1
1,1,1,0,0.5501343215859179,1,0,0,0,0,0,0,1,1,0.5133505230534289,0.5729987598613728,-0.5705298937831644,1,0,0.44456636706811153,0.7829059438303596,1,0,0,0,0,1,0,0,1,0,1
1,0,0,0,-0.9152721326034655,1,0,1,0,1,0,0,0,1,0.4950995809070136,-0.6195627228308629,-0.031297311737476054,0,0,0.7873968233564729,-3.4163174944006203,1,0,0,0,0,0,1,0,0,0,0
0,0,0,0,0.06166550352279012,1,0,0,0,0,0,0,0,1,0.16824179883031035,0.051235285398346014,-1.109762475828853,0,1,0.20262001901161997,-0.40547969787671634,1,0,0,0,1,0,0,0,1,0,1
1,1,0,0,1.4049547531963917,1,1,0,0,0,0,0,0,0,-1.3216987509406526,-0.27520146241661386,-1.109762475828853,0,1,-1.3228916347815416,0.058006047069574414,0,1,0,1,1,0,0,0,0,1,0
1,0,0,0,-1.1595065416350294,1,0,0,0,1,1,1,1,1,0.31424933600162985,-0.8774168190113336,1.0471678523539008,0,0,0.330447796559418,-0.19890129347594127,0,0,0,0,0,1,0,0,0,0,1
1,0,0,0,-0.5082147842175256,1,1,0,1,0,1,1,0,1,0.12510320830242067,-0.3875093938679735,0.5079352703082123,0,0,0.1942895601169938,-0.808901853101017,0,0,1,0,0,1,0,1,0,0,0
1,0,1,0,-1.2816237461508113,1,0,0,0,0,0,0,0,0,0.16824179883031035,-0.9782065508119873,-1.109762475828853,1,0,0.16748806035554445,0.0031493650749470433,1,0,0,0,0,1,0,0,0,0,1
0,0,0,0,-1.2816237461508113,1,0,0,0,0,0,0,0,0,-1.4743429943470319,-0.9999265844390328,-1.109762475828853,0,0,-1.4703813695107997,0.0031493650749470433,0,1,0,0,0,0,1,0,0,0,0
0,0,0,0,-0.7524491932490895,1,0,0,0,1,0,0,0,0,0.3457736906181643,-0.5587466286751355,-0.5705298937831644,0,0,0.27608849369228117,0.798981550795803,1,0,0,0,0,1,0,1,0,0,1
0,0,0,1,0.5501343215859179,1,1,0,0,1,1,0,0,1,0.659358060224748,0.7281763334412649,-0.031297311737476054,1,1,0.6989504355231987,-0.48252519926788184,1,0,0,0,0,0,0,0,1,0,0
1,0,1,1,-0.7524491932490895,1,1,1,1,0,0,0,1,0,0.14169497389007057,-0.5944201384504647,0.5079352703082123,1,0,0.08394017529670551,0.6670301003135941,0,0,0,0,0,0,1,1,0,0,0
0,0,0,0,-0.9966836022806536,1,0,0,0,0,0,0,0,0,-1.5174815848749215,-0.9400977645390802,-1.109762475828853,0,0,-1.4999540119944974,-0.15319935880371907,0,1,0,0,0,0,1,0,0,0,0
1,0,0,0,-0.9966836022806536,1,0,0,0,0,0,0,0,1,-0.6563689508758908,-0.816556845999794,-1.109762475828853,0,0,-0.33545366356300976,-3.71073416828906,0,0,0,0,0,0,1,0,0,0,1
1,0,0,1,0.14307697319997809,1,0,0,1,0,0,1,1,1,0.9878750188602166,0.5323230605234514,0.5079352703082123,1,0,1.0797133180111822,-1.1011804247825698,1,0,0,0,0,1,0,0,1,0,0
1,1,1,0,-1.1188008067964355,1,1,0,0,1,0,0,0,1,0.49675875746577897,-0.8580004253144293,-0.5705298937831644,1,1,0.12745125206992244,4.278926158409058,1,0,0,0,0,0,0,0,0,0,1
1,0,1,1,-0.4268033145403377,1,0,0,0,0,1,0,0,1,-0.45892694038285664,-0.46793933657176023,-0.5705298937831644,1,0,-0.29439412689142896,-1.8984009885598523,0,0,0,0,0,1,0,1,0,0,0
0,0,1,0,0.387311382231542,0,0,0,1,0,1,0,0,0,-1.041297912509369,-0.3747406468266195,-0.031297311737476054,1,0,-1.0100604903040153,-0.32856192016506497,0,0,1,0,0,0,1,0,1,0,1
1,0,1,1,-1.0780950719578415,1,0,0,0,0,0,0,0,0,-1.5058673489635668,-0.9549946360873265,-1.109762475828853,1,0,-1.4709328406993067,-0.35605180568219363,0,1,0,0,0,0,1,0,0,0,0
0,1,0,0,-0.2639803751859618,1,0,1,0,0,0,1,0,1,0.6925415914000478,-0.04637322935592212,-0.031297311737476054,0,1,0.6430046978610297,0.5530528057464205,1,0,0,0,1,0,0,0,1,0,0
1,0,0,0,0.9978974048104517,0,0,0,1,0,0,1,0,1,-0.8504926082513949,-0.08244164883356148,-0.031297311737476054,0,0,-0.9230026777183243,0.8717815195468659,0,0,0,0,0,1,0,0,0,1,1
1,0,1,0,0.387311382231542,1,1,1,0,0,1,1,1,0,0.5150096996121938,0.4723845434839682,1.0471678523539008,1,1,0.5108970475988055,0.03063925059207437,0,0,1,0,1,0,0,0,1,0,0
0,0,0,0,-1.2816237461508113,1,0,0,0,0,0,1,0,1,0.48846287467195404,-0.9739722412261087,-0.5705298937831644,0,0,0.48678987850120564,0.0031493650749470433,1,0,0,0,0,1,0,0,0,0,1
1,1,1,0,-0.6710377235719016,1,0,0,0,1,1,0,1,1,0.8833468956580218,-0.33316543094454754,0.5079352703082123,1,0,1.0361585831022082,-1.8068877844434565,1,0,0,0,0,1,0,1,0,0,0
0,0,0,0,-0.5896262538947137,1,1,0,0,1,1,0,1,1,0.9994892547715714,-0.2720202453702284,0.5079352703082123,0,1,0.9384447818885916,0.6766515602445802,1,0,0,0,0,0,0,1,0,0,0
0,1,0,0,-0.4268033145403377,1,0,1,0,1,1,0,1,1,0.1599459160364854,-0.330817912158594,1.0471678523539008,0,0,0.17560972694992316,-0.18753047719386132,0,0,0,0,0,0,1,1,0,0,0
0,0,1,1,0.9571916699718578,1,1,0,0,0,0,0,0,1,-1.3432680462045974,-0.40082662660698026,-1.109762475828853,1,0,-1.3298448457396201,-0.11127728339009893,0,1,0,1,0,0,1,0,0,1,0
0,0,0,0,-1.1595065416350294,1,0,0,1,0,0,1,1,1,0.12344403174365576,-0.8942882390711296,0.5079352703082123,0,1,0.012386788587898242,1.28761426586276,0,0,0,0,0,0,0,0,0,0,1
1,1,0,0,-0.2639803751859618,1,0,0,0,0,0,0,0,0,-1.5141632317573919,-0.7876845588753577,-1.109762475828853,0,1,-1.5070329931162,-0.03237602543949531,0,1,1,0,1,0,0,0,1,0,0
0,1,0,0,0.06166550352279012,0,0,0,1,1,0,1,1,1,-0.2880317548300625,-0.2340430956647579,1.0471678523539008,0,0,-0.430095851355346,1.662002250824705,0,0,0,0,0,1,0,0,1,0,0
1,0,0,0,-0.2639803751859618,1,0,0,0,0,1,0,0,0,-0.5236348261746914,-0.4660086669160229,-0.5705298937831644,0,1,-0.5740710047440039,0.6041205546109322,0,0,0,0,0,0,0,0,1,0,0
0,0,0,0,-0.2639803751859618,1,0,0,0,0,0,0,0,1,0.1367174442137754,-0.21223530432608792,-1.109762475828853,0,1,0.16195213804014555,-0.29807634199543265,1,0,0,0,1,0,0,0,1,0,0
0,0,0,0,-0.019745966154397852,1,1,0,0,1,0,1,1,1,1.2085455011759603,0.4543942126009608,0.5079352703082123,0,0,1.2996239434115169,-1.0997104795153396,1,0,0,0,0,1,0,0,1,0,0
1,0,1,1,-1.1595065416350294,1,1,0,1,1,0,0,0,1,0.659358060224748,-0.8457362851149157,-0.031297311737476054,1,1,0.927691093712701,-3.143068032360364,1,0,0,0,0,0,0,0,0,0,1
1,0,0,0,-1.2816237461508113,1,0,0,0,0,1,0,0,0,0.3009759235315097,-0.9764513965794988,-0.5705298937831644,0,0,0.2998411455972692,0.0031493650749470433,1,0,0,0,0,1,0,0,0,0,0
0,1,0,0,-1.0373893371192475,1,0,0,0,1,0,1,0,1,0.6444254711958629,-0.7414143054213789,-0.031297311737476054,0,0,0.7330611549688433,-1.052462238782774,1,0,0,0,0,1,0,0,0,0,0
0,0,1,0,0.8350744654560759,1,0,0,0,0,0,0,0,0,-1.464387934994442,-0.5605676011913423,-1.109762475828853,1,1,-1.51077403278976,0.5884245880471621,0,1,1,0,0,0,0,0,0,1,1
1,0,0,0,-1.2002122764736234,0,0,0,0,0,1,0,0,0,-1.1458260357115635,-0.9728752698308034,-0.5705298937831644,0,0,-1.2426237686573314,1.164138863414989,0,0,0,0,0,1,0,0,0,0,0
1,0,0,0,1.4049547531963917,1,0,0,0,0,0,0,0,0,-1.4925939364934466,-0.43334085876383016,-1.109762475828853,0,1,-1.5008769031439209,0.14617882912376604,0,1,0,1,0,0,0,0,0,1,0
0,0,0,0,0.7129572609402939,1,1,0,0,0,0,1,1,1,1.0210585500355165,1.0664384328976162,-0.031297311737476054,0,0,0.9812940932355996,0.42841789402492036,1,0,0,0,0,1,0,0,0,1,0
1,0,0,0,-1.2816237461508113,1,0,0,0,0,0,0,0,0,-1.5025489958460367,-1.0002995547134366,-1.109762475828853,0,0,-1.4985064001246662,0.0031493650749470433,0,1,0,0,0,0,1,0,0,0,0
0,0,0,0,-0.9559778674420595,1,0,0,0,0,0,0,0,0,-1.4826388771408567,-0.9272412597861016,-1.109762475828853,0,0,-1.4643151864372204,-0.1636226070622969,0,1,0,0,0,0,1,0,0,0,0
0,0,1,0,-1.2409180113122174,1,0,0,0,0,0,0,0,1,-0.6746198930223056,-0.9735773315237988,-1.109762475828853,1,1,-0.8160608043470228,1.6676619331370552,0,0,0,0,1,0,0,0,0,0,1
0,1,0,0,-1.2816237461508113,0,0,0,0,0,0,0,0,0,-1.3167212212643575,-0.9978423387879527,-1.109762475828853,0,0,-1.3132120807862515,0.0031493650749470433,0,0,0,0,0,1,0,0,0,0,1
1,0,1,1,0.428017117070136,1,1,0,0,1,1,1,1,1,1.3064369181430948,0.944499092595476,1.0471678523539008,1,1,1.276983967075201,0.29895331923250323,1,0,1,0,1,0,0,0,1,0,0
1,0,0,0,1.5270719577121736,0,0,1,0,1,1,0,1,0,-0.5485224745561663,0.5017394980223389,1.0471678523539008,0,1,-0.5213152104096032,-0.2981397801927784,0,0,0,1,0,0,0,0,0,1,0
1,1,1,1,1.5677776925507676,1,0,0,0,0,0,0,0,0,-1.497571466169742,-0.39968577635586267,-1.109762475828853,1,1,-1.5016288144595942,0.09719574806241738,0,1,0,1,1,0,0,0,0,1,0
1,0,1,1,0.46872285190873,1,0,0,0,1,0,1,1,1,0.9298038393034418,0.8001595964012004,0.5079352703082123,1,1,0.951755291029378,-0.2863691110304368,1,0,0,0,0,0,0,0,1,0,0
1,0,0,0,-1.2409180113122174,1,0,0,0,0,0,0,0,0,0.19147027065302033,-0.9471841997527527,-1.109762475828853,0,1,0.1790689553141952,0.13784980410887807,1,0,0,0,1,0,0,0,0,0,1
0,0,0,0,-1.1595065416350294,1,1,0,1,0,0,0,0,0,0.4320508716739442,-0.8748499059463192,-0.5705298937831644,0,1,0.3788393933509238,0.6044906107621244,1,0,0,0,0,0,0,0,0,0,1
0,0,0,1,-1.2002122764736234,1,0,1,0,0,1,0,0,1,-0.32619281568165726,-0.9410630993669489,-0.031297311737476054,1,0,-0.4429905453219109,1.3693966752762128,0,0,0,0,0,0,1,0,0,0,1
0,1,0,0,-0.1825689055087738,1,1,0,1,1,1,0,0,0,-0.015926799192603674,-0.18944023873164326,0.5079352703082123,0,1,0.05829676503112161,-0.8627820287145884,0,0,0,0,0,0,0,0,1,0,0
1,0,1,0,-0.1418631706701798,1,0,0,0,1,0,0,0,1,0.3441145140593994,-0.015767727426903428,-0.5705298937831644,1,1,0.43379159566087677,-1.0545476783737266,1,0,0,0,1,0,0,0,1,0,0
1,1,0,0,-1.2816237461508113,1,0,0,0,0,0,0,0,1,0.16990097538907525,-0.9781846113840811,-1.109762475828853,0,0,0.16914247392106593,0.0031493650749470433,1,0,0,0,0,1,0,0,0,0,0
1,1,0,0,-0.9559778674420595,1,1,0,1,0,0,1,1,1,1.145496791942891,-0.6054995495430485,0.5079352703082123,0,1,1.2314598067154097,-1.0381064096793806,1,0,0,0,1,0,0,0,0,0,1
1,0,0,0,1.5677776925507676,1,1,1,0,1,1,1,1,1,1.4308751600504692,2.296099488179078,1.5864004343995892,0,0,1.3615319242713368,0.7587727534584322,1,0,0,1,0,1,0,0,0,1,1
1,0,1,0,0.346605647392948,1,1,0,0,1,0,1,1,1,0.2677923923562099,0.3079704707556053,0.5079352703082123,1,0,0.2733705285489239,-0.07382231437300728,0,0,1,0,0,1,0,0,1,0,1
1,0,1,0,0.9571916699718578,1,1,0,1,0,0,1,1,0,1.1737027934418955,1.4546346702682662,0.5079352703082123,1,1,1.1686741553905469,0.019299672816259963,1,0,1,0,1,0,0,0,0,1,1
0,1,0,0,-1.2816237461508113,0,0,0,0,0,0,0,0,1,-1.3017886322354726,-0.9976448839367978,-1.109762475828853,0,0,-1.2983223586965573,0.0031493650749470433,0,0,0,0,0,0,1,0,0,0,1
0,0,0,0,0.7943687306174818,0,0,1,1,0,1,0,0,0,-0.8571293144864547,-0.13919894882665917,0.5079352703082123,0,0,-0.8874551128283763,0.3813467515932838,0,0,0,1,0,0,1,0,0,1,0
0,0,0,0,1.4049547531963917,1,1,1,1,1,0,1,0,1,1.2616391510564402,2.0126859584879933,1.0471678523539008,0,1,1.252116655363522,0.0686327341575424,1,0,0,0,1,0,0,0,0,1,1
0,0,0,0,-0.1418631706701798,1,0,0,0,0,0,0,0,0,-1.5108448786398618,-0.765723191541345,-1.109762475828853,0,0,-1.5163056081399326,0.11396204152157646,0,1,0,1,0,0,1,0,1,0,0
0,0,0,0,0.387311382231542,1,0,1,1,0,1,0,1,1,0.09191967712712082,0.25577657176697777,1.0471678523539008,0,0,0.12199168730370157,-0.35284465237186086,0,0,1,0,0,0,1,0,1,0,0
0,0,0,0,-0.6710377235719016,1,0,1,0,0,0,0,0,1,-0.49045129499939155,-0.6744551714519416,-0.5705298937831644,0,0,-0.572345005976128,0.9689034056485533,0,0,0,0,0,1,0,1,0,0,1
1,0,0,0,-0.7524491932490895,0,0,0,1,0,0,0,0,1,-1.1225975638888535,-0.8247621920366778,-0.5705298937831644,0,0,-1.1567518264469268,0.43474056769385916,0,0,0,0,0,0,1,1,0,0,0
0,1,0,0,-0.5896262538947137,1,0,0,1,0,0,0,0,1,0.3242043953542197,-0.44086608253562476,-0.5705298937831644,0,0,0.23109107076337315,1.072200468518821,1,0,0,0,0,1,0,1,0,0,0
1,1,0,0,-0.8338606629262776,1,1,0,0,1,0,1,1,1,1.145496791942891,-0.48230966185026003,0.5079352703082123,0,0,1.1605498030598607,-0.2133334833724368,1,0,0,0,0,1,0,0,0,0,1
1,0,0,0,0.26519417771576004,1,0,0,0,0,0,0,0,0,-1.4942531130522119,-0.661774182122212,-1.109762475828853,0,0,-1.477465653240084,-0.14536650360348657,0,1,1,0,0,0,1,0,1,0,0
1,0,1,1,-0.019745966154397852,1,0,0,0,0,0,0,0,1,0.1599459160364854,0.02130990573441671,-1.109762475828853,1,1,0.27905757518040475,-1.3907596424279312,1,0,0,0,0,0,0,0,1,0,1
1,0,0,0,1.2014260790034217,0,0,1,1,1,1,0,0,1,-0.7044850710800754,0.1399583318506412,1.0471678523539008,0,1,-0.7513518866633165,0.5686429132772886,0,0,0,1,0,0,0,0,0,1,0
1,0,0,0,-1.2816237461508113,1,0,0,0,0,0,0,0,0,-1.459410405318147,-0.999729129587878,-1.109762475828853,0,1,-1.4554916474211055,0.0031493650749470433,0,1,0,0,0,0,0,0,0,0,0
1,1,0,0,0.5094285867473239,1,0,1,0,1,0,0,1,0,-0.0739979787493784,0.21595651011739433,0.5079352703082123,0,1,-0.09611516775089078,0.25972162990147785,0,0,1,0,1,0,0,0,1,0,1
1,0,0,0,-0.6710377235719016,1,1,0,1,0,0,0,0,1,0.5183280527297236,-0.46091871964180614,-0.5705298937831644,0,0,0.43405544610020597,0.9628899931916788,1,0,0,0,0,0,1,1,0,0,0
1,0,0,0,-1.2816237461508113,1,0,0,0,0,0,1,1,1,-0.07067962563184861,-0.9813658284304666,-0.031297311737476054,0,0,-0.07074749307956023,0.0031493650749470433,0,0,0,0,0,0,1,0,0,0,0
1,0,1,0,1.6084834273893616,1,1,1,1,1,1,1,1,1,0.8982794846869069,1.9670080695874792,2.1256330164452777,1,1,0.9681093362370402,-0.8422027949732925,0,0,0,1,1,0,0,0,0,1,0
1,0,1,0,-1.2002122764736234,0,0,0,0,0,0,0,1,1,-0.9882042626288892,-0.9651525912078539,-0.5705298937831644,1,0,-1.0485059103028018,0.7343803198305541,0,0,0,0,0,1,0,0,0,0,1
0,0,0,0,-0.1418631706701798,1,0,1,0,1,1,0,0,0,-0.22996057527328775,-0.24784299581769897,0.5079352703082123,0,1,-0.16967001454902167,-0.6935770437212307,0,0,1,0,1,0,0,0,1,0,0
1,0,1,1,-0.7117434584104956,1,0,0,0,0,0,0,0,0,-1.5025489958460367,-0.8629587360212093,-1.109762475828853,1,0,-1.4149033679469767,-0.9692595186175982,0,1,1,0,0,0,1,1,0,0,0
1,1,1,1,1.4456604880349857,1,1,0,0,1,1,1,1,1,1.4010099819926998,2.229250051349172,1.0471678523539008,1,1,1.4422623718124217,-0.5265968993610035,1,0,1,0,1,0,0,0,0,1,0
0,0,1,1,-1.3223294809894055,0,0,1,1,1,1,1,0,0,-0.29466846106512257,-1.0089217498805365,1.5864004343995892,1,1,-0.29409332442497077,0.0031493650749470433,0,0,0,1,1,0,0,0,0,0,0
0,1,1,1,-0.4268033145403377,1,1,0,0,0,0,1,0,0,0.6776090023711627,-0.14819411426816287,-0.5705298937831644,1,1,0.8015796596499892,-1.464560613489538,1,0,0,0,0,0,0,1,0,0,0
1,0,0,0,-1.2816237461508113,1,1,0,0,0,0,1,0,0,0.6494030008721581,-0.9718441167192164,-0.5705298937831644,0,0,0.6472679943567967,0.0031493650749470433,1,0,0,0,0,1,0,0,0,0,1
0,0,0,0,0.5094285867473239,1,1,1,0,0,1,0,1,0,0.2860433345026247,0.460625010126295,0.5079352703082123,0,0,0.3138852785312523,-0.3333879222891855,0,0,0,1,0,0,1,0,1,0,0
0,0,0,0,-0.2639803751859618,1,0,0,0,0,0,1,1,1,0.7920921849259474,-0.010962992715466165,-0.031297311737476054,0,1,0.7457056015053294,0.5130867414176745,1,0,0,0,0,0,0,0,1,0,1
1,0,1,1,1.6084834273893616,1,1,1,1,1,1,1,1,1,0.896620308128142,1.8936206832415525,2.1256330164452777,1,1,0.891248039338851,0.03254827041965774,0,0,0,1,1,0,0,0,0,1,0
1,0,1,0,1.4049547531963917,1,1,0,1,1,1,1,1,1,1.5387216363701939,2.3114790271412593,1.5864004343995892,1,1,1.5884070784805089,-0.6292821205385046,1,0,0,1,0,0,0,0,0,1,0
1,0,0,0,-0.9152721326034655,1,1,0,1,1,0,0,1,1,1.0061259610066313,-0.5606772983308729,0.5079352703082123,0,0,1.2314414243424596,-2.6542978678658273,1,0,0,0,0,1,0,0,0,0,0
1,0,0,0,-1.2816237461508113,1,0,0,0,0,0,1,1,1,0.8285940692187774,-0.9694746585053569,-0.031297311737476054,0,0,0.8259446594331253,0.0031493650749470433,1,0,0,0,0,1,0,0,0,0,1
1,0,1,0,0.7536629957788878,0,0,0,1,0,0,0,0,1,-1.1574402716229184,-0.33781658966064204,-0.5705298937831644,1,1,-1.1563996263601493,0.02654271863266058,0,0,0,0,1,0,0,0,0,1,0
1,0,0,1,-1.2816237461508113,1,1,0,0,0,0,1,1,1,0.9414180752147966,-0.9679827774077415,-0.031297311737476054,1,0,0.9384447818885912,0.0031493650749470433,1,0,0,0,0,1,0,0,0,0,1
1,0,1,0,0.9571916699718578,1,1,0,0,0,0,0,0,1,-1.3200395743818876,-0.4265835149687493,-1.109762475828853,1,1,-1.364528444416804,0.5615376646416105,0,1,0,1,1,0,0,0,0,1,1
0,0,1,1,1.6084834273893616,1,1,1,1,0,0,1,0,1,1.0276952562705766,2.0424797015844858,0.5079352703082123,1,1,1.0471535399230703,-0.2606389946998233,1,0,0,1,0,0,0,0,0,1,0
1,0,0,0,-0.9152721326034655,1,1,0,0,0,0,0,0,1,-1.3582006352334823,-0.9095142020379675,-1.109762475828853,0,0,-1.3990761448368203,0.5207839093624689,0,1,0,0,0,1,0,0,0,0,0
1,0,0,0,-0.4268033145403377,1,0,0,0,0,0,0,0,0,-1.480979700582092,-0.8004533059167118,-1.109762475828853,0,0,-1.4341346723025545,-0.4954171949856951,0,1,1,0,0,0,1,1,0,0,0
0,0,0,0,-1.1188008067964355,1,0,0,0,0,0,0,0,0,-1.472683817788267,-0.9667541694449997,-1.109762475828853,0,1,-1.5127343567881515,0.5150110334038731,0,1,0,0,1,0,0,0,0,0,0
1,1,1,0,-0.10115743583158582,1,1,0,0,0,0,0,0,0,0.43039169511517933,0.022867605115750155,-1.109762475828853,1,0,0.4448229210558084,-0.18222409626221564,1,0,0,0,0,0,1,0,1,0,0
1,0,0,0,0.46872285190873,0,0,0,1,1,0,1,1,1,-0.364353876533252,0.03337659108277533,1.0471678523539008,0,0,-0.36237548431104216,-0.010845485733773665,0,0,1,0,0,0,1,0,1,0,1
1,0,0,0,-0.5896262538947137,1,0,0,1,1,0,1,1,0,1.2068863246171952,-0.2214498640466527,1.0471678523539008,0,1,1.1503016301401023,0.6178537495551697,1,0,0,0,1,0,0,1,0,0,0
0,1,0,0,-1.2409180113122174,1,0,0,0,0,0,0,0,1,-0.6845749523748957,-0.9697379316402301,-1.109762475828853,0,0,-0.6712996173638863,-0.13155107395898122,0,0,0,0,0,1,0,0,0,0,0
0,0,0,0,0.8757802002946699,0,0,1,0,0,1,0,1,0,-0.6912116586099555,0.030875496301479063,0.5079352703082123,0,1,-0.6966672920352169,0.08653535114356971,0,0,1,0,0,0,0,0,0,1,0
0,0,0,0,-1.2816237461508113,1,0,0,0,1,0,1,1,0,0.9779199595076267,-0.9675001099938073,0.5079352703082123,0,0,0.9748418803300658,0.0031493650749470433,1,0,0,0,0,1,0,0,0,0,1
1,0,1,1,1.5270719577121736,1,0,0,0,0,0,0,0,0,-1.4793205240233267,-0.36912415328265624,-1.109762475828853,1,1,-1.4594622399783574,-0.18158266560015263,0,1,0,1,1,0,0,0,0,1,0
0,1,0,0,-0.9152721326034655,1,0,0,0,1,0,0,1,1,0.6527213539896879,-0.6291283133979254,-0.031297311737476054,0,1,0.7152643918997326,-0.7492488015288487,1,0,0,0,1,0,0,0,0,0,1
1,0,1,1,-0.1418631706701798,1,0,1,0,0,0,1,1,0,0.9862158423014517,0.1534949588687089,0.5079352703082123,1,1,0.8739226528332508,1.2731820759662644,1,0,0,0,1,0,0,0,1,0,1
1,1,0,0,-0.9559778674420595,1,1,0,0,1,0,1,1,1,1.1803394996769556,-0.6058505803895463,0.5079352703082123,0,0,1.2285186270433712,-0.5997954572673947,1,0,0,0,0,1,0,0,0,0,1
1,0,0,1,1.1200146093262338,1,1,1,0,1,1,1,1,1,0.6643355899010431,1.1783733940745722,1.5864004343995892,1,0,0.6003102226554102,0.7225138525823243,0,0,0,1,0,1,0,0,0,1,0
0,0,0,0,-0.22327464034736777,1,0,0,0,1,1,0,1,1,0.8053655973960674,0.03697465725937673,0.5079352703082123,0,0,0.7723906795714272,0.35664892994705605,1,0,0,0,0,1,0,0,1,0,0
1,0,1,1,0.387311382231542,1,0,0,0,0,0,0,0,0,-1.5125040551986266,-0.6283604334212116,-1.109762475828853,1,0,-1.465418128814235,-0.49716655133678345,0,1,0,1,0,0,1,0,1,0,0
1,0,1,1,1.2828375486806096,1,1,1,1,1,0,0,0,1,0.8916427784518468,1.60647745080643,0.5079352703082123,1,0,0.9329128365288786,-0.5097947174962164,1,0,0,0,0,1,0,0,0,1,0
1,0,1,1,1.3235432835192036,1,1,0,0,0,0,0,0,0,-1.3333129868520075,-0.25635549384526835,-1.109762475828853,1,1,-1.2756187140743231,-0.6265381817935458,0,1,0,1,1,0,0,0,0,1,0
0,0,0,0,-1.2409180113122174,1,0,0,0,0,0,0,0,1,0.1732193285066055,-0.9545997263850166,-1.109762475828853,0,0,-0.10052693725894825,3.178231142303246,1,0,0,0,0,1,0,0,0,0,0
0,0,0,0,1.4456604880349857,0,0,0,1,0,1,0,1,0,-0.6630056571109506,0.3448945279215827,0.5079352703082123,0,0,-0.6473836094975967,-0.1595665014051124,0,0,0,0,0,1,0,0,0,1,0
0,1,1,0,1.5270719577121736,1,1,1,1,1,1,1,1,1,1.5951336393682036,2.4959457369758034,2.1256330164452777,1,1,1.6269644388996498,-0.42349365815088463,1,0,0,1,1,0,0,0,0,1,0
1,1,0,0,0.7943687306174818,1,1,0,0,0,0,0,0,1,0.266133215797445,0.6715287305876977,-1.109762475828853,0,1,0.28822843499312767,-0.2658814568417173,1,0,0,0,0,0,0,0,0,1,0
1,0,1,1,1.4456604880349857,1,1,0,1,0,1,0,1,0,0.19478862377055015,1.1235687031651178,0.5079352703082123,1,1,0.21612295325962674,-0.2546491642525918,0,0,0,1,1,0,0,0,0,1,0
0,0,1,0,1.5270719577121736,1,0,0,0,0,0,0,0,0,-1.5091857020810966,-0.43696086436833775,-1.109762475828853,1,1,-1.5325400506153954,0.3220320370736333,0,1,0,1,0,0,0,0,0,1,0
0,0,0,0,1.4049547531963917,1,0,1,1,0,1,0,0,0,-0.14700174733503815,0.6891899700521135,0.5079352703082123,0,1,-0.23747287210047902,1.0572018410973654,0,0,1,0,1,0,0,0,0,1,0
1,0,1,1,-0.1825689055087738,1,0,0,0,1,0,1,0,0,0.680927355488693,-0.004139830636666935,-0.031297311737476054,1,0,0.5573387998309464,1.414754986379476,1,0,0,0,0,1,0,0,1,0,0
1,0,0,0,-0.3453918448631497,1,1,0,1,1,0,0,0,1,0.6610172367835129,-0.10993175199991287,-0.031297311737476054,0,1,0.6759444961591707,-0.19569414016561804,1,0,0,0,0,0,0,1,0,0,0
0,0,1,0,-1.2409180113122174,1,0,1,0,0,1,0,0,1,0.505054640259604,-0.9235554358978757,-0.031297311737476054,1,0,1.0699706603475554,-6.587550687656517,1,0,0,0,0,1,0,0,0,0,0
0,0,1,1,1.4456604880349857,1,1,1,1,1,1,0,1,1,0.44864263726159415,1.3312912065801352,1.5864004343995892,1,0,0.44647571264724645,0.01022396796538346,0,0,1,0,0,1,0,0,0,1,0
1,0,1,0,1.0386031396490458,1,1,1,1,1,0,1,1,1,0.7024966507526377,1.1369736936157488,1.5864004343995892,1,0,0.641277876274736,0.6885954415382316,0,0,0,1,0,1,0,0,0,1,0
0,0,1,0,-0.30468611002455576,1,1,0,0,1,1,1,1,1,1.32800621340704,0.11722908453991468,1.0471678523539008,1,1,1.2481510013542272,0.8844750947540765,1,0,0,0,0,0,0,0,1,0,1
1,0,0,0,-0.9152721326034655,0,0,0,1,0,1,0,0,0,-0.9682941439237093,-0.8378819699245296,-0.031297311737476054,0,0,-0.858910115694031,-1.2399432580095875,0,0,0,0,0,1,0,0,0,0,0
0,0,1,1,0.9571916699718578,1,1,0,1,1,1,0,1,1,1.1554518512954808,1.4519799994916271,1.0471678523539008,1,1,1.1650994403650448,-0.15079399382096706,1,0,1,0,1,0,0,0,0,1,0
1,0,1,0,-0.06045170099299184,1,1,1,1,0,1,0,0,1,0.850163364482722,0.27661902827777907,0.5079352703082123,1,1,0.9784175483587737,-1.5201450007741748,1,0,0,0,1,0,0,0,1,0,0
0,0,0,1,1.2421318138420157,1,0,0,0,0,0,0,0,0,-1.5075265255223318,-0.47574977290633425,-1.109762475828853,1,1,-1.5105074636078941,0.08500813528150737,0,1,0,1,1,0,0,0,0,1,0
1,0,0,0,-0.4268033145403377,1,0,0,1,0,1,0,0,1,-0.32453363912289235,-0.48542506061292723,-0.031297311737476054,0,1,-0.35432901833327846,0.35739402617066657,0,0,1,0,1,0,0,1,0,0,1
0,0,1,1,-1.0373893371192475,1,0,0,0,0,0,0,0,0,-1.469365464670737,-0.9501021436642647,-1.109762475828853,1,0,-1.5150505357798816,0.5804369609346359,0,1,1,0,0,0,1,0,0,0,0
0,1,0,0,0.30589991255435406,0,0,1,1,0,0,1,1,1,-0.3029643438589475,-0.08336310480561791,1.0471678523539008,0,0,-0.4038223041581881,1.1832214256114626,0,0,0,0,0,1,0,0,1,0,1
1,0,0,0,0.8757802002946699,1,1,0,1,0,0,0,0,1,0.4950995809070136,0.8814890556491377,-0.5705298937831644,0,1,0.4911710107210125,0.02916294192541339,1,0,0,0,0,0,0,0,0,1,0
0,0,0,0,0.428017117070136,1,1,0,0,0,0,0,0,1,-1.3017886322354726,-0.48755318511981954,-1.109762475828853,0,1,-1.234377350652445,-0.7406118630791668,0,1,0,1,1,0,0,0,1,0,0
0,0,1,0,-1.2002122764736234,1,1,0,1,0,0,0,1,1,0.881687719099257,-0.9023180696847647,-0.031297311737476054,1,1,0.5309075735817804,4.050576842713442,1,0,0,0,1,0,0,0,0,0,1
0,1,0,0,-0.7524491932490895,1,0,1,1,0,0,0,0,0,0.4619160497317138,-0.5509142529126554,-0.031297311737476054,0,0,0.31827603961308065,1.655291484654347,1,0,0,0,0,1,0,1,0,0,0
1,0,1,1,-1.2816237461508113,1,0,0,0,0,0,0,0,0,-1.5025489958460367,-1.0002995547134366,-1.109762475828853,1,0,-1.4985064001246662,0.0031493650749470433,0,1,1,0,0,0,1,0,0,0,0
1,1,1,1,1.4456604880349857,1,1,0,1,1,0,0,0,1,0.6543805305484532,1.4849768990624117,-0.031297311737476054,1,0,0.616904639507225,0.41404230095154826,1,0,0,0,0,1,0,0,0,1,0
1,0,1,1,1.2014260790034217,1,0,0,0,0,0,0,0,0,-1.4760021709057967,-0.4396594140007889,-1.109762475828853,1,1,-1.4563188542038665,-0.17965837361395404,0,1,0,1,0,0,0,0,0,1,0
1,0,0,0,1.2421318138420157,1,1,0,1,0,0,0,1,0,0.8468450113651922,1.5472409954599422,-0.031297311737476054,0,1,0.9109237435288038,-0.7735926223701245,1,0,1,0,1,0,0,0,0,1,0
1,0,1,1,-0.1418631706701798,1,1,0,1,1,0,1,1,0,0.5033954637008385,-0.03840921702600539,1.0471678523539008,1,1,0.374917292225765,1.4775551558798072,0,0,0,0,1,0,0,0,1,0,0
0,0,1,1,-0.1418631706701798,1,0,0,0,0,0,1,1,1,0.7589086537506474,0.14147215237616245,-0.031297311737476054,1,1,0.842659941319257,-0.9994731146307946,1,0,0,0,1,0,0,0,1,0,0
0,0,0,0,-0.38609757970174374,0,0,0,0,0,0,1,1,1,-0.6630056571109506,-0.5715153757164895,-0.031297311737476054,0,0,-0.7146020941657983,0.6222693954172238,0,0,0,0,0,1,0,1,0,0,0
0,0,0,1,-1.2409180113122174,1,1,1,0,0,0,0,0,0,0.5183280527297236,-0.9263856220977635,-0.5705298937831644,1,1,0.9632609853714146,-5.192438997662266,1,0,0,0,1,0,0,0,0,0,0
0,0,0,0,-0.9966836022806536,1,0,0,0,0,0,1,0,1,0.5000771105833088,-0.7348544164774531,-0.5705298937831644,0,1,0.4346758511872764,0.7440017797615484,1,0,0,0,0,0,0,0,0,0,0
0,0,1,0,0.14307697319997809,1,0,0,0,0,0,0,1,0,0.5133505230534289,0.28008545788694394,-0.5705298937831644,1,0,0.551357963488922,-0.4592152371645259,1,0,0,0,0,1,0,0,1,0,0
0,1,1,1,1.3642490183577978,1,1,0,1,1,0,1,1,1,1.326347036848275,2.0149676589902286,1.0471678523539008,1,0,1.3062509977506795,0.18945581646603446,1,0,1,0,0,1,0,0,0,1,0
0,0,1,1,-0.6710377235719016,1,0,0,1,1,0,1,0,1,0.8136614801898924,-0.38134441462635754,0.5079352703082123,1,1,0.8090903212343743,0.026000332411060874,1,0,0,0,1,0,0,1,0,0,1
1,0,0,1,-1.3223294809894055,1,1,1,1,0,1,0,0,1,-0.10054480368961842,-1.0089217498805365,0.5079352703082123,1,1,-0.10052693725894825,0.0031493650749470433,0,0,0,1,0,0,0,0,0,0,0
1,1,1,1,1.3235432835192036,1,1,1,1,0,0,0,0,1,0.6908824148412829,1.487105023569304,-0.031297311737476054,1,0,0.7470164060995504,-0.6759776835928107,1,0,0,0,0,1,0,0,0,1,0
0,1,0,0,0.6722515261016999,1,1,1,1,1,1,0,1,0,1.2632983276152052,1.2579476990900207,1.5864004343995892,0,1,1.3398932980937206,-0.9330775931083857,1,0,1,0,0,0,0,0,0,1,0
0,0,1,0,-0.9559778674420595,1,1,1,1,1,0,0,0,0,0.8899836018930819,-0.6290186162583948,0.5079352703082123,1,1,1.0344007686888415,-1.7094705026421295,1,0,0,0,0,0,0,0,0,0,1
1,0,1,0,-0.1418631706701798,1,1,0,1,1,0,0,0,1,0.6925415914000478,0.06183202907699554,-0.031297311737476054,1,0,0.6355730019108686,0.6394928184421198,1,0,0,0,0,1,0,0,1,0,0
0,1,1,0,-1.2816237461508113,1,0,0,1,0,0,0,0,1,0.38061639835222955,-0.9753983040400056,-0.5705298937831644,1,0,0.3792529967423043,0.0031493650749470433,1,0,0,0,0,0,1,0,0,0,1
0,1,0,0,-0.38609757970174374,1,0,0,1,0,0,1,1,1,0.9895341954189815,-0.0025163129716151275,0.5079352703082123,0,0,1.15092902852123,-1.9102661881585485,1,0,0,0,0,1,0,1,0,0,1
0,0,1,0,1.6084834273893616,1,1,1,1,0,0,0,0,1,0.634470411843273,1.6467363010141356,-0.031297311737476054,1,1,0.632676985827544,-0.00032505101124419994,1,0,0,1,0,0,0,0,0,1,0
1,0,0,0,1.3235432835192036,1,0,0,0,0,0,0,0,1,-1.5058673489635668,-0.4741920735250006,-1.109762475828853,0,1,-1.5283367493368394,0.31162817270868853,0,1,0,1,1,0,0,0,0,1,0
1,0,1,1,-0.9559778674420595,1,1,0,1,1,0,1,1,1,1.250024915145085,-0.6149993218263927,1.0471678523539008,1,1,1.1518641318408724,1.0999957972083563,1,0,0,0,1,0,0,0,0,0,0
0,1,1,0,-0.22327464034736777,1,1,1,0,0,1,1,1,1,1.3064369181430948,0.24941413767420686,1.0471678523539008,1,1,1.3657124038286592,-0.733070494830066,1,0,0,0,0,0,0,0,1,0,1
1,1,0,0,1.5677776925507676,0,0,1,1,0,0,1,1,1,-0.2813950485950024,0.7398042302315013,1.0471678523539008,0,0,-0.2913903388813018,0.1256535872949404,0,0,1,0,0,1,0,0,0,1,0
0,0,1,1,-0.3453918448631497,1,0,0,0,0,0,0,0,1,-1.5008898192872717,-0.7921382627402973,-1.109762475828853,1,0,-1.4675550796697003,-0.3376106741477872,0,1,0,1,0,0,1,1,0,0,0
1,1,1,0,1.2828375486806096,1,1,0,0,0,0,0,0,0,-1.3034478087942378,-0.24507862790152957,-1.109762475828853,1,1,-1.2486899517309105,-0.5933811506467332,0,1,0,1,1,0,0,0,0,1,0
1,0,0,0,1.6084834273893616,0,0,1,0,1,1,1,1,1,-0.12377327551232817,0.9174697174151525,1.5864004343995892,0,1,-0.1311106102549093,0.08947524167804131,0,0,0,1,1,0,0,0,0,1,0
1,0,1,1,1.0386031396490458,1,1,0,0,0,0,1,0,0,0.5830359385215584,1.1095713481610219,-0.5705298937831644,1,1,0.6056509358723837,-0.2825084625314852,1,0,0,1,0,0,0,0,0,1,0
1,0,1,0,-0.6303319887333076,0,0,0,0,1,1,1,1,0,-0.34278458126930716,-0.5987422057479678,1.0471678523539008,1,0,-0.32922528308104626,-0.14626624797108853,0,0,1,0,0,1,0,1,0,0,0
1,0,0,0,-1.1188008067964355,1,0,0,0,0,0,1,0,1,0.5033954637008385,-0.8340425700409609,-0.5705298937831644,0,0,0.4887751747798316,0.15324413999846126,1,0,0,0,0,0,1,0,0,0,0
1,0,1,1,1.1607203441648277,1,0,1,1,1,1,0,0,1,0.10353391303847558,0.8156707719308179,1.0471678523539008,1,1,0.10687143217618905,-0.04227654410745699,0,0,0,1,0,0,0,0,0,1,0
0,1,1,0,1.4863662228735797,1,0,1,1,0,0,0,1,0,0.7423168881629976,1.6481843032559387,0.5079352703082123,1,1,0.7551885082468336,-0.17449904002777006,1,0,1,0,1,0,0,0,0,1,0
1,0,0,0,0.7129572609402939,1,1,1,1,1,1,1,1,0,1.6399314064548582,1.532146669060541,2.1256330164452777,0,1,1.6836588283421228,-0.5633621956620323,1,0,1,0,1,0,0,0,0,1,0
0,0,1,1,0.5094285867473239,1,1,0,0,0,0,0,0,1,-1.3366313399695375,-0.4949687117520836,-1.109762475828853,1,1,-1.2874399939100156,-0.52752760267459,0,1,0,1,1,0,0,0,1,0,0
0,0,1,1,-0.9152721326034655,1,0,0,0,0,0,0,0,1,-1.497571466169742,-0.9225901010700072,-1.109762475828853,1,1,-1.4976791933419054,0.051256664729921235,0,1,0,0,0,0,0,0,0,0,0
1,0,1,0,-0.1418631706701798,1,1,1,1,0,0,0,0,1,0.6477438243133932,0.07361350186257473,-0.031297311737476054,1,0,0.6662081772448367,-0.23639180975878626,1,0,0,0,0,1,0,0,1,0,1
0,1,1,0,1.3642490183577978,1,1,0,0,1,1,1,1,1,1.3611897445823398,2.0517381401608628,1.0471678523539008,1,1,1.3482630755660456,0.10490359283001409,1,0,1,0,1,0,0,0,0,1,1
0,0,1,0,-0.8338606629262776,1,0,0,0,0,0,0,0,1,-1.4892755833759168,-0.8928402368293266,-1.109762475828853,1,0,-1.419232416776758,-0.7649638527494743,0,1,0,1,0,1,0,0,0,0,0
0,0,0,0,1.0386031396490458,1,1,0,0,0,0,0,0,0,-1.3465863993221274,-0.38415266139833926,-1.109762475828853,0,1,-1.3364023950753727,-0.07349053989263081,0,1,0,1,1,0,0,0,0,1,0
1,0,0,0,-0.9966836022806536,1,0,0,0,0,0,1,1,1,0.04380355692293595,-0.7691457422946976,-0.031297311737476054,0,0,0.11144480082350182,-0.7882157142493805,0,0,0,0,0,1,0,0,0,0,0
1,0,1,1,0.8757802002946699,1,1,0,0,0,0,0,0,1,-1.3565414586747175,-0.4688169136880045,-1.109762475828853,1,1,-1.39446216922631,0.4863604638315756,0,1,0,1,0,0,0,0,0,1,0
0,0,1,0,0.387311382231542,1,1,1,0,1,1,1,1,0,0.6444254711958629,0.5582554643084693,1.5864004343995892,1,1,0.665072635585743,-0.26166986540672255,0,0,0,1,1,0,0,0,1,0,0
1,0,0,1,0.22448844287716607,1,1,0,0,1,0,1,1,1,1.1388600857078308,0.6484484524304736,0.5079352703082123,1,1,1.1402396996831288,-0.0540730018830735,1,0,0,0,0,0,0,0,1,0,1
1,0,0,0,-0.8338606629262776,1,1,0,0,0,0,1,0,1,0.6477438243133932,-0.5440033331222318,-0.5705298937831644,0,0,0.7728655575393085,-1.4769518876430914,1,0,0,0,0,1,0,0,0,0,1
0,0,0,0,-0.7524491932490895,1,0,0,1,0,1,0,0,1,0.5017362871420736,-0.5208572366812894,-0.031297311737476054,0,1,0.4801722242391193,0.23406440341882095,1,0,0,0,1,0,0,1,0,0,0
0,0,1,1,1.4456604880349857,1,1,1,1,1,1,1,1,0,0.7655453599857075,1.6948494664122271,2.1256330164452777,1,1,0.8496417007980955,-1.0037081182920986,0,0,0,1,1,0,0,0,0,1,0
0,0,0,0,-0.9559778674420595,1,1,0,0,0,0,0,0,1,0.3955489873811141,-0.717763602138596,-1.109762475828853,0,0,0.29083378285165173,1.204762805345857,1,0,0,0,0,1,0,0,0,0,0
1,0,1,1,-1.0780950719578415,1,0,0,1,0,0,0,1,1,0.6178786462556232,-0.7993782739493125,-0.031297311737476054,1,1,0.4848597293414304,1.5265471874824612,1,0,0,0,1,0,0,0,0,0,1
1,0,1,0,1.4049547531963917,1,0,1,1,0,0,0,1,1,0.8518225410414869,1.6484475763908117,0.5079352703082123,1,1,0.8421677894711497,0.08385474539165261,1,0,1,0,1,0,0,0,0,1,1
0,1,1,0,0.7943687306174818,1,1,0,1,1,0,1,1,1,1.3794406867287545,1.4578817055983702,1.0471678523539008,1,0,1.4285648006743537,-0.6174348004742244,1,0,1,0,0,1,0,0,0,1,0
1,0,1,0,0.30589991255435406,1,0,0,1,1,0,0,0,1,0.5000771105833088,0.38148949366896856,-0.031297311737476054,1,0,0.472520561498582,0.3038199879185357,1,0,0,0,0,1,0,0,1,0,0
0,0,0,0,-1.2816237461508113,1,0,0,0,0,0,0,0,1,0.16658262227154547,-0.9782284902398936,-1.109762475828853,0,0,0.165833646790023,0.0031493650749470433,1,0,0,0,0,0,1,0,0,0,1
1,0,0,0,-0.9152721326034655,1,0,0,0,0,1,1,1,1,1.0011484313303363,-0.6293257682490804,0.5079352703082123,0,1,0.7137754196907636,3.3090829973647686,1,0,0,0,1,0,0,0,0,0,0
0,0,1,0,0.387311382231542,1,1,0,0,0,0,0,0,0,-1.3167212212643575,-0.5226562697695901,-1.109762475828853,1,0,-1.2756332583694046,-0.43393981464739007,0,1,0,1,0,1,0,0,1,0,0
1,1,0,0,-0.5082147842175256,1,0,0,0,0,0,0,0,0,0.21138038935820005,-0.39935668493727106,-1.109762475828853,0,1,0.14962039384791187,0.7112888159961629,1,0,0,0,1,0,0,1,0,0,1
1,0,0,0,0.5501343215859179,1,0,0,0,0,0,0,0,0,-1.4925939364934466,-0.6109185882358569,-1.109762475828853,0,0,-1.4962405728501476,0.09225245052285616,0,1,0,1,0,1,0,0,1,0,0
1,0,0,0,-1.0373893371192475,1,1,0,0,0,0,1,1,0,1.0376503156231662,-0.7282287092498089,-0.031297311737476054,0,0,0.875104376808623,1.8559676489293826,1,0,0,0,0,1,0,0,0,0,0
1,0,1,1,1.5270719577121736,1,1,0,0,0,0,0,0,0,-1.3200395743818876,-0.22342441255820228,-1.109762475828853,1,1,-1.3025056615693762,-0.15986565604162378,0,1,0,1,1,0,0,0,0,1,0
0,1,0,0,1.3642490183577978,1,1,1,0,0,0,1,1,1,1.2433882089100254,1.830851980002182,0.5079352703082123,0,1,1.0958898062073932,1.674076239757718,1,0,0,1,0,0,0,0,0,1,0
1,0,1,1,-0.6710377235719016,1,1,0,0,1,0,1,0,1,0.858459247276547,-0.3761008913567981,-0.031297311737476054,1,1,0.8338031238693527,0.25811805324630804,1,0,0,0,0,0,0,1,0,0,0
0,0,1,1,-0.4268033145403377,1,1,0,0,0,0,0,0,0,-1.3167212212643575,-0.7652185846995045,-1.109762475828853,1,1,-1.3133624820194805,0.00489872142603679,0,1,0,1,1,0,0,1,0,0,0
0,1,0,0,-1.2816237461508113,1,0,0,0,0,0,0,0,1,0.1566275629189556,-0.97836012680733,-1.109762475828853,0,0,0.15590716539689373,0.0031493650749470433,1,0,0,0,0,1,0,0,0,0,1
0,1,1,0,-1.2002122764736234,0,0,0,1,0,0,0,0,1,-1.1342117998002084,-0.972568117840118,-0.5705298937831644,1,0,-1.234903172018231,1.2090390097596344,0,0,0,0,0,1,0,0,0,0,0
0,1,0,0,-0.8745663977648716,1,1,1,0,0,0,0,0,1,-0.30960105009400735,-0.7540733553232024,-0.5705298937831644,0,0,-0.4016302061838722,1.0807528773463704,0,0,0,0,0,1,0,0,0,0,0
0,0,0,0,-1.2409180113122174,1,0,0,0,0,0,0,0,1,-1.4909347599346818,-0.9909752978533413,-1.109762475828853,0,0,-1.472035783076321,-0.17003691368295976,0,1,0,0,0,0,1,0,0,0,0
1,0,0,0,-0.6303319887333076,1,0,1,0,0,0,1,1,0,0.9596690173612115,-0.295605130369293,0.5079352703082123,0,0,1.015423671907859,-0.6805402582569231,1,0,0,0,0,1,0,1,0,0,1
0,0,0,0,-1.2816237461508113,1,0,0,0,0,0,0,0,1,0.17156015194784016,-0.9781626719561751,-1.109762475828853,0,0,0.1707968874865874,0.0031493650749470433,1,0,0,0,0,1,0,0,0,0,1
1,0,0,0,-1.2816237461508113,1,0,0,0,0,0,0,0,0,-1.4842980536996218,-1.0000582210064695,-1.109762475828853,0,0,-1.480307850903929,0.0031493650749470433,0,1,0,0,0,0,1,0,0,0,0
1,0,0,1,-1.2816237461508113,1,0,0,0,0,0,0,0,0,-0.6945300117274855,-0.9896150533231627,-1.109762475828853,1,0,-0.6928069937156666,0.0031493650749470433,0,0,0,0,0,1,0,0,0,0,0
0,0,0,0,1.2828375486806096,1,1,0,0,0,0,0,0,0,-1.3349721634107725,-0.28810184602540456,-1.109762475828853,0,0,-1.2993822173869696,-0.36938153662825957,0,1,1,0,0,0,1,0,0,1,0
0,1,0,0,-1.2409180113122174,1,1,0,0,1,0,0,0,1,0.4519609903791239,-0.9433009210133716,-0.5705298937831644,0,0,0.3254845558628536,1.4559898146551642,1,0,0,0,0,1,0,0,0,0,1
1,1,1,0,-1.2816237461508113,1,1,1,0,0,0,0,0,1,0.5100321699358986,-0.9736870286633292,-0.5705298937831644,1,0,0.5082972548529856,0.0031493650749470433,1,0,0,0,0,1,0,0,0,0,1
0,0,1,1,1.6084834273893616,0,0,1,0,1,0,1,1,1,-0.3693314062095472,0.7253680866692831,1.0471678523539008,1,1,-0.3323056821952812,-0.4183240324577995,0,0,0,1,1,0,0,0,0,1,0
1,0,1,0,1.6084834273893616,1,1,1,1,1,1,1,1,1,1.726208587510638,2.7622026340443124,2.1256330164452777,1,1,1.8009457207138309,-0.926925094921217,1,0,0,1,1,0,0,0,0,1,0
1,0,1,1,1.4049547531963917,1,0,1,0,1,1,0,1,0,0.0968972068034155,1.0216381211133465,1.0471678523539008,1,0,0.136696213845016,-0.4661481133502924,0,0,0,1,0,0,1,0,0,1,0
1,1,1,0,1.6084834273893616,1,1,0,0,1,0,1,1,1,0.2827249813850949,1.3293824763523037,0.5079352703082123,1,1,0.3003007049210251,-0.21386800892415642,0,0,0,1,1,0,0,0,0,1,0
0,1,1,0,1.3235432835192036,1,1,0,1,1,0,1,1,1,1.455762808431944,2.0987762735915556,1.0471678523539008,1,1,1.4566325631263364,-0.05872402340437454,1,0,0,0,0,0,0,0,0,1,0
0,0,0,1,1.6084834273893616,1,0,0,0,0,0,0,0,1,-1.4992306427285067,-0.32134007930315606,-1.109762475828853,1,0,-1.4285614710490047,-0.7719126849218595,0,1,0,1,0,0,1,0,0,1,0
0,0,0,0,-0.5082147842175256,1,0,1,0,1,0,1,0,1,0.8120023036311275,-0.18788253935030963,0.5079352703082123,0,1,0.9469650117510274,-1.5968994214494938,1,0,0,0,0,0,0,1,0,0,0
1,1,1,0,-1.2409180113122174,1,1,0,0,0,0,1,0,1,0.7273842991341125,-0.9403171588181413,-0.5705298937831644,1,0,0.4379846783183194,3.3417959611301544,1,0,0,0,0,0,1,0,0,0,1
1,0,1,0,1.5270719577121736,1,1,1,1,1,0,1,0,1,1.1421784388253606,2.038245391998607,1.0471678523539008,1,1,1.1339019274152098,0.0581291361092017,1,0,0,1,1,0,0,0,0,1,0
1,0,1,1,1.4456604880349857,0,0,1,1,0,0,1,0,0,-0.6679831867872458,0.30026973156056197,0.5079352703082123,1,0,-0.6968700387956975,0.35829443017490326,0,0,1,0,0,0,1,0,0,1,0
1,1,1,0,0.6722515261016999,1,1,1,1,1,0,0,0,1,0.7721820662207676,0.8161973182005644,0.5079352703082123,1,0,0.6600643768329735,1.2782873404194508,1,0,0,0,0,1,0,0,0,1,0
1,0,1,0,1.4456604880349857,0,0,1,0,1,0,1,1,1,-0.3593763468569571,0.6560614339138925,1.0471678523539008,1,1,-0.30231673303006307,-0.6516758784639375,0,0,0,1,0,0,0,0,0,1,0
1,0,0,0,-0.10115743583158582,1,0,0,0,0,0,0,0,0,-1.5008898192872717,-0.7346569616262981,-1.109762475828853,0,0,-1.4592967986218053,-0.43366491579221783,0,1,1,0,0,0,1,0,1,0,0
0,0,0,0,0.06166550352279012,1,0,1,1,0,0,0,1,0,-0.019245152310133944,-0.10806690062789381,0.5079352703082123,0,0,-0.15069459567226354,1.5295656847157117,0,0,1,0,0,1,0,0,1,0,0
0,0,1,1,1.0386031396490458,1,0,1,1,0,0,1,1,0,1.1388600857078308,1.5565213734642251,1.0471678523539008,1,1,1.1867494385759219,-0.5950400230486279,1,0,1,0,1,0,0,0,0,1,0
1,0,0,1,-0.8338606629262776,1,0,0,0,0,0,0,0,0,-1.456092052200617,-0.9054554078753377,-1.109762475828853,1,1,-1.498506400124666,0.5419511212106574,0,1,0,0,1,0,0,0,0,0,0
1,0,0,0,-0.5489205190561197,1,0,0,0,1,1,0,0,1,-0.3295111687991873,-0.5497295238057256,-0.031297311737476054,0,1,-0.326223777355363,-0.027234192601879623,0,0,0,0,1,0,0,1,0,0,1
0,0,0,0,-0.3453918448631497,1,1,0,0,0,1,0,1,1,0.8169798333074222,-0.01754482108729814,-0.031297311737476054,0,0,0.9662251430096408,-1.7631903205901898,1,0,0,0,0,1,0,1,0,0,0
1,0,1,0,-0.4268033145403377,1,0,0,0,1,0,1,1,1,0.9878750188602166,-0.16868553993246635,0.5079352703082123,1,1,0.731342283731938,2.950814816661546,1,0,0,0,1,0,0,1,0,0,1
1,1,1,0,1.0793088744876398,1,1,0,0,0,0,1,1,1,0.9596690173612115,1.4372147645108175,-0.031297311737476054,1,1,0.9777300938427557,-0.2421163253693972,1,0,0,0,0,0,0,0,0,1,1
1,0,0,0,-0.4268033145403377,1,1,0,0,0,0,0,0,0,-1.3167212212643575,-0.7603480317043488,-1.109762475828853,0,0,-1.296667945131036,-0.1892798335449497,0,1,0,1,0,0,1,1,0,0,0
1,0,1,0,0.9571916699718578,0,0,0,0,1,1,1,1,1,-0.3610355234157222,0.2898046244493492,1.0471678523539008,1,1,-0.39985762022081306,0.4636049474868393,0,0,1,0,0,0,0,0,0,1,0
0,1,0,0,-0.019745966154397852,1,0,0,0,0,0,1,1,0,0.8634367769528422,0.26266555212949516,-0.031297311737476054,0,0,0.8478139387523631,0.1528833352510575,1,0,0,0,0,1,0,0,1,0,0
1,0,0,0,-1.2816237461508113,1,0,0,0,0,0,0,0,0,-1.5174815848749215,-1.0004970095645918,-1.109762475828853,0,0,-1.5133961222143602,0.0031493650749470433,0,1,0,0,0,1,0,0,0,0,0
1,0,1,1,1.6084834273893616,1,1,1,0,1,0,1,1,1,1.3661672742586346,2.4349102485410143,1.0471678523539008,1,1,1.458160421124239,-1.1156126146790655,1,0,1,0,0,0,0,0,0,1,0
1,0,1,0,1.5270719577121736,1,1,0,1,1,1,1,0,0,0.3706613389996392,1.3009709172138957,1.0471678523539008,1,1,0.3396652435673237,0.3481474283149051,0,0,0,1,1,0,0,0,0,1,0
0,0,0,0,-0.5896262538947137,1,1,0,0,0,1,1,1,1,1.1587702044130104,-0.22921642152541447,0.5079352703082123,0,1,1.1177648300181782,0.43825316417659865,1,0,0,0,0,0,0,1,0,0,1
1,0,1,0,1.5270719577121736,1,1,1,1,1,1,1,0,0,0.47187110908430413,1.4204311021626461,1.5864004343995892,1,0,0.46835498448539375,0.025141273488652183,0,0,0,1,0,0,1,0,0,1,0
1,0,1,1,1.3642490183577978,1,0,1,1,1,1,1,0,1,0.3374778078243394,1.19072529198571,1.5864004343995892,1,0,0.3645136758858393,-0.3257296289299691,0,0,1,0,0,1,0,0,0,1,0
0,0,1,1,0.7536629957788878,0,0,1,0,0,1,0,0,0,-1.0197286172454239,-0.2270005393068977,-0.031297311737476054,1,1,-0.992547804410161,-0.28209862346748577,0,0,0,1,0,0,0,0,0,1,0
1,0,1,1,-1.0780950719578415,1,0,0,0,0,0,0,0,0,-1.4959122896109767,-0.9479959585852786,-1.109762475828853,1,1,-1.3829731861324106,-1.2636761925060391,0,1,0,0,1,0,0,0,0,0,0
1,1,0,0,-1.2409180113122174,1,1,0,0,0,0,1,1,1,0.9596690173612115,-0.9225901010700072,-0.031297311737476054,0,0,1.1063677587890295,-1.7383348824351206,1,0,0,0,0,1,0,0,0,0,1
1,0,0,0,1.4049547531963917,1,0,0,0,0,1,0,0,0,-0.4771778825292717,0.42157282845342525,-0.5705298937831644,0,1,-0.5386749119845387,0.731221034480079,0,0,0,1,0,0,0,0,0,1,0
0,0,0,0,-1.2002122764736234,1,0,1,1,0,0,0,0,0,-0.3178969328878323,-0.9364338800787605,-0.031297311737476054,0,0,-0.32663012454689483,0.11219257762622388,0,0,0,0,0,1,0,0,0,0,1
1,0,0,0,1.5677776925507676,1,0,0,0,0,0,0,0,1,-1.4942531130522119,-0.4143193747692358,-1.109762475828853,0,1,-1.517170981335691,0.3164566236729759,0,1,0,1,1,0,0,0,0,1,0
1,0,0,0,-0.6303319887333076,1,0,1,1,0,0,0,0,0,-0.29300928450635744,-0.5934109247667838,-0.031297311737476054,0,0,-0.3055769009385909,0.15596078750839495,0,0,1,0,0,0,1,1,0,0,0
1,0,0,0,0.5094285867473239,1,1,0,1,0,0,1,1,1,1.1919537355883103,1.070936015618368,0.5079352703082123,0,1,1.3366069799907798,-1.7222991158834606,1,0,0,0,1,0,0,0,1,0,1
0,0,1,1,-0.9966836022806536,1,0,0,0,0,0,0,0,1,-1.4992306427285067,-0.9452974089528274,-1.109762475828853,1,0,-1.5489660138730736,0.6285442605896114,0,1,1,0,0,0,1,0,0,0,1
0,0,1,0,1.5677776925507676,1,1,1,1,1,1,1,1,0,0.6908824148412829,1.7220104781599874,2.1256330164452777,1,1,0.7517989697783422,-0.7316049412046883,0,0,0,1,1,0,0,0,0,1,0
0,0,1,0,1.4456604880349857,1,1,0,1,1,0,0,0,0,0.7141108866639929,1.5197947711494026,-0.031297311737476054,1,1,0.6555157325731469,0.6576916244982143,1,0,1,0,1,0,0,0,0,1,0
0,0,0,0,-1.2409180113122174,1,0,0,0,0,0,1,0,1,0.5216464058472539,-0.9456703792272312,-0.5705298937831644,0,0,0.2361462233246893,3.3033101214061773,1,0,0,0,0,1,0,0,0,0,1
0,0,0,0,0.18378270803857208,1,0,0,0,0,0,0,0,0,-1.497571466169742,-0.6520550155598068,-1.109762475828853,0,0,-1.421374956867242,-0.836258004039953,0,1,0,1,0,0,1,0,1,0,0
1,0,1,0,-0.06045170099299184,1,1,0,0,1,0,1,0,0,0.7871146552496526,0.16843570927276738,-0.031297311737476054,1,1,0.7152590550817793,0.809489781227358,1,0,0,0,1,0,0,0,1,0,0
1,1,0,0,1.2828375486806096,1,1,1,1,0,0,1,1,1,1.2798900932028552,1.8645509412659613,1.0471678523539008,0,1,1.2369888798293487,0.45625999370023734,1,0,0,0,0,0,0,0,0,1,0
0,0,0,0,0.7943687306174818,1,1,0,0,1,1,1,1,1,0.5316014651998437,0.8488870657806632,1.0471678523539008,0,1,0.5454261131407483,-0.1785482051603761,0,0,0,1,0,0,0,0,0,1,0
1,1,0,0,0.8757802002946699,1,0,0,0,1,1,0,1,0,0.010620025747636104,0.5399799208626824,0.5079352703082123,0,1,0.014270981815297649,-0.0428198323731377,0,0,1,0,0,0,0,0,0,1,0
0,1,1,0,0.387311382231542,1,0,1,0,0,0,0,0,1,0.30595345320780487,0.4081020197190759,-0.5705298937831644,1,1,0.39548200600408706,-1.0515459092655333,1,0,0,0,1,0,0,0,1,0,1
1,0,0,0,-0.22327464034736777,1,0,0,0,0,0,0,0,1,-1.5108448786398618,-0.7764515717874312,-1.109762475828853,0,0,-1.4994255187721781,-0.08237472320056231,0,1,0,0,0,1,0,0,1,0,0
0,1,0,0,-1.1188008067964355,1,0,1,1,0,0,0,0,0,0.5233055824060188,-0.8444637982963615,-0.031297311737476054,0,0,0.33160588605528346,2.21223656523136,1,0,0,0,0,1,0,0,0,0,0
1,0,1,0,1.5677776925507676,1,1,0,1,1,1,1,1,0,0.6394479415195682,1.6048758725692842,1.5864004343995892,1,1,0.627391729971024,0.1188779112871924,0,0,0,1,1,0,0,0,0,1,0
1,0,0,0,-1.0373893371192475,1,1,0,0,1,0,1,0,1,0.8103431270723621,-0.7316731994310676,-0.031297311737476054,0,1,0.8379982439819254,-0.34872116954429694,1,0,0,0,1,0,0,0,0,0,1
0,0,0,0,-1.1595065416350294,0,0,1,0,0,0,0,0,1,-1.1873054496806883,-0.9606330690591959,-0.5705298937831644,0,0,-1.2383498669464008,0.6333549905551086,0,0,0,0,0,0,1,0,0,0,0
1,0,0,0,-0.9559778674420595,1,1,0,0,0,0,0,1,0,-0.1669118660402181,-0.7709228359550923,-0.5705298937831644,0,0,-0.15457111373265253,-0.13796538057964408,0,0,0,0,0,0,1,0,0,0,0
0,0,1,1,1.6084834273893616,1,0,1,1,1,1,1,1,1,1.4507852787556494,2.381312226166396,2.1256330164452777,1,1,1.402025249727445,0.5186992597107551,1,0,0,1,0,0,0,0,0,1,0
0,0,1,0,1.2014260790034217,1,1,1,1,0,1,1,1,1,0.6643355899010431,1.2510806581554095,1.5864004343995892,1,0,0.6000638395598995,0.725379599249946,0,0,0,1,0,1,0,0,0,1,0
1,0,1,1,1.5677776925507676,1,1,0,0,0,0,0,0,0,-1.3615189883510124,-0.29527603895070137,-1.109762475828853,1,1,-1.3907365023706209,0.3852974919116429,0,1,0,1,1,0,0,0,0,1,0
1,0,0,0,-0.7524491932490895,1,1,0,0,0,1,1,0,1,0.8302532457775423,-0.4918533129894164,-0.031297311737476054,0,0,0.6363961337833696,2.2270811034106095,1,0,0,0,0,1,0,1,0,0,1
0,0,1,0,-1.2409180113122174,1,0,0,0,0,0,0,0,1,0.17985603474166512,-0.9561574257663502,-1.109762475828853,1,0,-0.15925861883496356,3.938326476851833,1,0,0,0,0,1,0,0,0,0,0
0,0,0,0,0.631545791263106,1,1,0,0,1,1,1,1,1,1.2915043291142099,1.1613483980194335,1.0471678523539008,0,0,1.2608141585203236,0.31384234201331834,1,0,0,0,0,1,0,0,1,0,0
0,0,0,0,1.6084834273893616,1,1,1,1,1,1,1,1,1,1.5868377565743785,2.5858973913908403,2.1256330164452777,0,1,1.6162947844286748,-0.39560669650961694,1,0,0,1,1,0,0,0,0,1,0
1,0,1,1,-0.5489205190561197,0,0,1,1,0,0,0,0,1,-0.994840968863949,-0.7411729717144117,-0.031297311737476054,1,0,-1.0860349759206858,1.0939190856729948,0,0,0,0,0,0,1,1,0,0,0
0,0,1,0,-0.5896262538947137,1,0,0,0,0,1,0,0,1,-0.48547376532309666,-0.6101726476870493,-0.5705298937831644,1,0,-0.4781927895216197,-0.06847705885579461,0,0,0,0,0,0,1,1,0,0,0
0,0,0,0,0.8757802002946699,1,0,1,0,1,1,1,1,0,0.5199872292884885,0.8778471106167239,1.5864004343995892,0,0,0.4860852208714464,0.3769609009124839,0,0,0,1,0,1,0,0,0,1,0
0,0,0,0,0.020959768684196134,1,1,0,1,1,0,1,1,0,1.4142833944628193,0.5906819387536949,1.0471678523539008,0,0,1.506560373539813,-1.1205205311085114,1,0,0,0,0,1,0,0,1,0,0
1,0,0,0,-1.0780950719578415,1,0,1,0,1,1,1,1,0,0.45527934349665417,-0.7968552397401103,1.5864004343995892,0,1,0.5165693226805934,-0.7280815896806574,0,0,0,0,1,0,0,0,0,0,0
0,0,1,0,0.9978974048104517,0,0,1,0,1,1,0,1,1,-0.49874717779321653,0.21196353423848296,1.0471678523539008,1,1,-0.533518894635275,0.42109208067395065,0,0,0,0,0,0,0,0,0,1,0
1,0,0,0,-0.6303319887333076,1,0,0,0,0,0,0,0,1,-1.4743429943470319,-0.8484128953194607,-1.109762475828853,0,0,-1.4367091875301843,-0.388500650939667,0,1,1,0,0,0,1,1,0,0,0
0,0,0,0,-1.2816237461508113,1,0,0,1,0,0,0,0,1,0.3109309828840996,-0.9763197600120621,-0.5705298937831644,0,1,0.3097676269903985,0.0031493650749470433,1,0,0,0,1,0,0,0,0,0,1
0,0,1,1,-1.2816237461508113,1,0,0,0,0,0,0,0,0,-1.4793205240233267,-0.9999924027227513,-1.109762475828853,1,0,-1.4753446102073642,0.0031493650749470433,0,1,0,1,0,0,1,0,0,0,0
1,0,0,1,0.9978974048104517,1,0,0,0,0,0,0,0,1,-1.5042081724048018,-0.4952978031706752,-1.109762475828853,1,0,-1.4691913527355998,-0.3570645909380868,0,1,0,1,0,0,1,0,0,1,0
1,0,0,0,-1.2816237461508113,1,0,0,0,0,0,0,0,0,-1.5008898192872717,-1.0002776152855306,-1.109762475828853,0,0,-1.4968519865591445,0.0031493650749470433,0,1,0,0,0,0,1,0,0,0,1
0,0,1,1,0.26519417771576004,1,1,0,1,1,1,0,0,1,0.8169798333074222,0.5156271558869041,0.5079352703082123,1,0,0.7990922546388903,0.18077631764716154,1,0,1,0,0,1,0,0,1,0,1
1,0,0,0,0.020959768684196134,1,0,0,0,0,0,0,0,0,0.11017061927353564,-0.05624597191367008,-1.109762475828853,0,0,0.02826665212968486,0.9489680322309229,1,0,0,0,0,1,0,0,1,0,1
1,0,1,1,1.1200146093262338,1,1,1,0,1,0,1,0,1,1.0111034906829266,1.5413173499252935,0.5079352703082123,1,1,1.0564596162291289,-0.561309617543412,1,0,1,0,0,0,0,0,0,1,0
1,1,1,0,-0.3453918448631497,1,0,0,0,1,0,1,1,1,0.9364405455385019,-0.02996253728215435,0.5079352703082123,1,0,0.9272085564227576,0.0761121028849905,1,0,0,0,0,1,0,1,0,0,1
1,0,0,0,0.020959768684196134,1,1,1,0,0,0,0,0,0,0.5033954637008385,0.1333765034788092,-0.5705298937831644,0,1,0.4615726050631042,0.4696443920322693,1,0,1,0,0,0,0,0,1,0,0
0,1,1,0,1.5270719577121736,1,1,0,1,0,1,1,1,1,1.3479163321122196,2.1483155018035442,1.0471678523539008,1,1,1.2524761111040907,1.0650836426016042,1,0,1,0,0,0,0,0,0,1,0
1,0,1,0,0.14307697319997809,1,1,0,0,0,0,1,1,1,0.9978300782128064,0.5006205871991273,-0.031297311737476054,1,1,1.0133069957284417,-0.2133334833724368,1,0,0,0,0,0,0,0,1,0,0
0,0,1,0,1.6084834273893616,1,1,0,1,1,1,1,1,1,1.4458077490793544,2.503054111617382,1.5864004343995892,1,1,1.5295299841035441,-1.022070643127726,1,0,1,0,0,0,0,0,0,1,0
0,1,0,0,-1.2816237461508113,1,0,0,0,0,0,1,0,1,0.473530285643069,-0.9741696960772638,-0.5705298937831644,0,0,0.4719001564115115,0.0031493650749470433,1,0,0,0,0,1,0,0,0,0,1
1,0,0,0,-1.2002122764736234,1,0,1,0,0,0,0,0,1,-0.49045129499939155,-0.9383426103065917,-0.5705298937831644,0,0,-0.3746081179470199,-1.3310264120230044,0,0,0,0,0,0,1,0,0,0,0
0,0,1,1,-1.2816237461508113,1,0,0,0,0,0,0,0,0,-1.4909347599346818,-1.000145978718094,-1.109762475828853,1,0,-1.4869255051660153,0.0031493650749470433,0,1,0,0,0,1,0,0,0,0,0
0,1,1,0,0.9571916699718578,1,1,0,0,0,1,0,0,1,0.3955489873811141,0.8672284275101684,-0.5705298937831644,1,1,0.3776872124749354,0.19454769298795008,1,0,0,0,0,0,0,0,0,1,0
1,0,1,0,1.3642490183577978,1,1,0,1,1,0,0,1,0,1.0077851375653963,1.743774390642845,0.5079352703082123,1,0,0.9963993904262555,0.09878084560119929,1,0,1,0,0,1,0,0,0,1,0
1,1,0,0,0.9978974048104517,1,1,0,1,0,1,1,1,1,1.326347036848275,1.5860518434258446,1.0471678523539008,0,1,1.2843333162801773,0.4443861415595227,1,0,0,0,0,0,0,0,0,1,0
0,1,0,0,1.2014260790034217,1,1,0,0,0,0,1,0,0,0.6477438243133932,1.1670965281308332,-0.5705298937831644,0,0,0.49791714393382625,1.7210455172703174,1,0,1,0,0,1,0,0,0,1,0
1,0,0,0,-1.0373893371192475,1,0,0,0,0,0,0,0,1,-1.5108448786398618,-0.934920059553239,-1.109762475828853,0,0,-1.3514999375883219,-1.802936113400371,0,1,0,0,0,0,1,0,0,0,0
0,0,0,0,-0.3453918448631497,0,0,0,1,1,0,1,1,1,-0.3577171702981922,-0.4647142406695626,1.0471678523539008,0,1,-0.43878557750954367,0.9548721099158516,0,0,0,0,1,0,0,1,0,0,1
1,0,1,0,1.1200146093262338,1,0,0,0,0,0,0,0,0,-1.4925939364934466,-0.4568599254791764,-1.109762475828853,1,0,-1.4548574555543223,-0.3890854847786107,0,1,0,1,0,0,1,0,0,1,0
0,0,1,1,1.2421318138420157,1,0,1,1,1,1,0,0,0,-0.045791977250373726,0.7524632801333248,1.0471678523539008,1,0,-0.0403903171788789,-0.06129914430409785,0,0,0,1,0,0,1,0,0,1,0
0,0,1,0,0.9164859351332638,1,1,0,1,1,0,1,1,1,1.2848676228791502,1.4819273185834627,1.0471678523539008,1,1,1.2664097110682557,0.17178731732002542,1,0,0,0,1,0,0,0,0,1,0
1,0,1,1,1.4456604880349857,1,1,1,1,1,0,1,1,1,1.5022197520773641,2.2677318078964825,1.5864004343995892,1,0,1.4849365099583747,0.15086707342728192,1,0,0,1,0,1,0,0,0,1,0
1,1,1,0,-0.38609757970174374,1,0,0,0,0,0,0,0,1,-1.466047111553207,-0.7960215414796782,-1.109762475828853,1,0,-1.4506722687737168,-0.1298777765796765,0,1,1,0,0,1,0,1,0,0,0
1,0,0,1,-0.1825689055087738,1,0,1,0,0,0,0,0,1,0.33084110158927976,-0.10126567797700077,-0.5705298937831644,1,1,0.295764197882234,0.3969419751078084,1,0,0,0,0,0,0,0,1,0,1
0,0,1,0,1.5677776925507676,1,0,1,1,1,1,1,1,1,0.6460846477546283,1.6103387901179047,2.1256330164452777,1,1,0.6331938282501065,0.1283638576980352,0,0,0,1,1,0,0,0,0,1,0
1,1,0,0,1.2828375486806096,1,0,0,0,0,0,0,0,1,-1.4892755833759168,-0.4832311178223166,-1.109762475828853,0,1,-1.5292940025705437,0.5151914357775791,0,1,0,1,0,0,0,0,0,1,0
0,0,0,0,-0.5896262538947137,1,0,0,1,1,0,0,0,0,0.427073341997649,-0.41278361481580833,-0.031297311737476054,0,0,0.34873825764490635,0.8968760875540233,1,0,0,0,0,1,0,1,0,0,0
0,0,0,0,-1.0780950719578415,1,1,0,1,0,0,1,0,1,0.8236165395424823,-0.7664252532343404,-0.031297311737476054,0,0,0.8990145919103274,-0.9044750217488997,1,0,0,0,0,1,0,0,0,0,0
1,1,0,0,-0.9559778674420595,1,1,0,0,0,0,0,1,1,0.667653943018573,-0.6813660912423651,-0.5705298937831644,0,0,0.595797350096126,0.8134901014854006,1,0,0,0,0,1,0,0,0,0,1
0,0,0,0,-0.5896262538947137,1,1,0,0,0,1,0,1,1,0.8352307754538371,-0.3012655027690685,-0.031297311737476054,0,0,0.8159262661752449,0.19664761479828305,1,0,0,0,0,1,0,1,0,0,1
0,0,0,0,1.0793088744876398,1,1,1,1,1,1,0,1,0,0.4950995809070136,1.0911641681477986,1.5864004343995892,0,1,0.5354408536906957,-0.4857512598932372,0,0,1,0,1,0,0,0,0,1,0
1,0,0,0,-1.2816237461508113,1,0,0,0,0,0,0,0,1,-1.4842980536996218,-1.0000582210064695,-1.109762475828853,0,0,-1.480307850903929,0.0031493650749470433,0,1,0,0,0,0,1,0,0,0,1
0,0,1,1,1.5677776925507676,1,1,1,0,1,1,0,1,0,1.1786803231181906,2.1326726897064905,1.0471678523539008,1,0,1.1879583094886597,-0.14727064229694162,1,0,0,1,0,1,0,0,0,1,0
0,0,0,0,-0.8338606629262776,1,0,0,0,0,0,0,1,0,0.4370284013502389,-0.5932573487714411,-0.5705298937831644,0,1,0.46335235298964994,-0.32077311926854657,1,0,0,0,0,0,0,0,0,0,1
1,0,1,0,-0.6303319887333076,1,0,0,0,1,0,1,1,1,1.0525829046520514,-0.31201582244306075,0.5079352703082123,1,1,0.9426294750249103,1.2437517279420498,1,0,1,0,0,0,0,1,0,0,0
1,1,1,0,0.22448844287716607,0,0,0,0,0,0,0,0,1,-1.3299946337344775,-0.5895495854553091,-1.109762475828853,1,0,-1.3164773707182018,-0.11281454672493783,0,0,0,0,0,1,0,0,1,0,0
1,0,1,1,-0.4268033145403377,1,0,0,0,0,0,0,0,0,-1.4859572302583868,-0.8246744343250534,-1.109762475828853,1,0,-1.517156153045091,0.4124987512299997,0,1,1,0,0,0,1,1,0,0,0
0,0,0,0,-1.0373893371192475,1,0,0,0,0,0,0,0,0,-1.5141632317573919,-0.9453193483807336,-1.109762475828853,0,0,-1.463527370453639,-0.5384013796124758,0,1,0,0,0,0,1,0,0,0,0
0,0,1,1,1.5677776925507676,1,1,1,1,1,1,0,0,0,0.20474368312314,1.2837265268796958,1.0471678523539008,1,0,0.28630291627940957,-0.9554732765005113,0,0,0,1,0,0,1,0,0,1,0
0,0,0,0,0.428017117070136,1,0,0,1,1,0,1,0,1,0.8866652487755522,0.7260920877901847,0.5079352703082123,0,0,0.8939679892899187,-0.11454570291815099,1,0,0,0,0,1,0,0,1,0,0
1,0,0,0,-0.6303319887333076,0,0,0,0,0,0,0,0,0,-1.3216987509406526,-0.8409534898313845,-1.109762475828853,0,1,-1.4036209162197533,0.9969895791235901,0,0,0,0,1,0,0,1,0,0,0
0,1,1,0,-1.0780950719578415,1,1,0,0,0,0,0,1,1,0.6444254711958629,-0.8005410636283361,-0.5705298937831644,1,0,0.4702457428459896,2.0044130307218744,1,0,0,0,0,1,0,0,0,0,1
0,0,0,0,-0.9559778674420595,1,0,0,0,0,0,1,1,1,0.7788187724558276,-0.6628930929454234,-0.031297311737476054,0,0,0.750576930337143,0.30248367403923393,1,0,0,0,0,0,1,0,0,0,0
1,0,0,0,1.2828375486806096,1,1,0,1,0,1,1,1,1,1.3512346852297499,2.0200795456923513,1.0471678523539008,0,1,1.4202410324228232,-0.8477484975724089,1,0,1,0,1,0,0,0,0,1,1
1,0,1,0,1.6084834273893616,1,0,1,1,0,1,1,1,1,0.4785078153193637,1.5155385221356181,1.5864004343995892,1,1,0.4952687480245035,-0.21092811838969028,0,0,0,1,0,0,0,0,0,1,0
0,0,1,0,-0.1825689055087738,1,0,0,1,1,0,0,1,0,0.8285940692187774,0.05887020630967115,0.5079352703082123,1,1,0.7270343626944435,1.1536010739667582,1,0,0,0,1,0,0,0,1,0,0
1,0,0,0,-1.1188008067964355,1,0,0,0,0,0,1,0,1,0.5199872292884885,-0.8265831645528847,-0.5705298937831644,0,0,0.6012752972352974,-0.9628452119969366,1,0,0,0,0,1,0,0,0,0,1
1,0,0,0,1.6084834273893616,1,1,1,0,1,1,1,1,0,0.642766294637098,1.6225371120337002,1.5864004343995892,0,1,0.6073322891224013,0.3906803900733496,0,0,0,1,1,0,0,0,0,1,0
0,0,0,0,-1.2816237461508113,1,0,0,0,0,0,0,0,0,-1.5058673489635668,-1.0003434335692487,-1.109762475828853,0,0,-1.5018152272557093,0.0031493650749470433,0,1,0,0,0,0,1,0,0,0,0
1,1,1,0,0.7536629957788878,0,0,0,1,0,0,0,0,1,-1.1773503903280982,-0.36857566758500354,-0.5705298937831644,1,1,-1.2018797796711538,0.32461932041642183,0,0,0,0,1,0,0,0,0,1,0
1,0,0,0,0.1023712383613841,1,1,0,0,1,1,1,0,0,1.0144218438004564,0.49094529949253424,0.5079352703082123,0,0,1.0828041827201007,-0.829244368383689,1,0,0,0,0,1,0,0,1,0,0
0,0,0,0,-1.2409180113122174,1,0,0,0,0,0,1,0,1,0.5067138168183688,-0.9448366809667991,-0.5705298937831644,0,0,0.267580081069599,2.7645083652704643,1,0,0,0,0,1,0,0,0,0,1
0,0,0,0,-0.9152721326034655,1,0,0,0,0,0,0,0,0,-0.6530505977583607,-0.8208130950135786,-1.109762475828853,0,0,-0.7301967402964539,0.9191123505056565,0,0,0,0,0,0,1,0,0,0,0
1,0,1,1,-0.10115743583158582,1,0,0,1,1,0,0,0,0,0.5681033494926734,0.11885260220496649,-0.031297311737476054,1,1,0.6860915660277026,-1.3913208942572386,1,0,0,0,0,0,0,0,1,0,0
0,0,1,1,0.428017117070136,1,0,0,1,0,0,0,0,0,-0.4887921184406264,-0.05701385189038381,-0.5705298937831644,1,0,-0.4793491690293033,-0.09351274399923463,0,0,0,0,0,0,1,0,1,0,0
0,0,0,0,0.1023712383613841,1,1,0,0,1,0,1,1,1,1.1720436168831305,0.5389487677510955,0.5079352703082123,0,0,1.186228665044706,-0.20412437172419945,1,0,0,0,0,1,0,0,1,0,1
0,0,0,0,-0.22327464034736777,1,0,0,0,0,0,0,0,0,-1.5191407614336867,-0.7889351062660058,-1.109762475828853,0,0,-1.5342907528011325,0.22693739606252966,0,1,1,0,0,0,1,0,1,0,0
0,0,0,0,0.8350744654560759,1,1,1,1,1,0,0,0,0,0.858459247276547,1.1504445023500982,0.5079352703082123,0,0,0.9236487058497754,-0.7868995711456073,1,0,0,0,0,1,0,0,0,1,0
1,1,1,0,-0.22327464034736777,1,0,0,0,0,0,0,0,1,0.18649274097672516,-0.15596067174692452,-1.109762475828853,1,0,0.23354205382340515,-0.553469909451495,1,0,0,0,0,1,0,0,1,0,0
0,0,1,0,1.6084834273893616,1,1,0,1,1,1,1,1,1,1.4706953974608292,2.549565698778328,1.5864004343995892,1,0,1.578243272421679,-1.3000239300231349,1,0,1,0,0,1,0,0,0,1,1
1,0,0,0,-1.2002122764736234,0,0,0,0,0,0,0,0,0,-1.3333129868520075,-0.9795448559142599,-1.109762475828853,0,0,-1.4102710099635163,0.9396381316917779,0,0,0,0,0,1,0,0,0,0,1
0,0,0,0,0.5094285867473239,1,1,0,0,1,1,0,0,1,0.7406577116042327,0.7206511096694702,-0.031297311737476054,0,0,0.7496210469437306,-0.12898535131071553,1,0,0,0,0,1,0,0,1,0,1
0,0,1,1,1.4049547531963917,1,1,0,1,0,1,1,0,0,0.9679649001550363,1.7566747742516358,0.5079352703082123,1,1,0.963977074825148,0.0140632599220408,1,0,0,1,1,0,0,0,0,1,0
0,0,1,0,0.6722515261016999,1,0,0,1,1,0,1,1,0,1.1438376153841259,1.1959907546831756,1.0471678523539008,1,0,1.2445450550522335,-1.209547298880646,1,0,0,0,0,1,0,0,0,1,0
1,0,0,0,-1.2409180113122174,1,0,0,0,0,0,0,0,1,-1.5025489958460367,-0.9952315468671261,-1.109762475828853,0,0,-1.6325138989319123,1.5618258738961104,0,1,0,0,0,1,0,0,0,0,0
1,0,0,0,-1.2816237461508113,1,0,0,0,0,0,0,0,1,-0.6580281274346557,-0.9891323859092285,-1.109762475828853,0,1,-0.6564098952741922,0.0031493650749470433,0,0,0,0,0,0,0,0,0,0,1
1,0,0,1,0.22448844287716607,1,1,0,1,0,0,0,0,1,0.5614666432576133,0.3696202631717648,-0.5705298937831644,1,0,0.5869254364143522,-0.3148652052758289,1,0,0,0,0,0,1,0,1,0,0
0,0,0,0,-1.2002122764736234,1,0,0,1,0,0,1,1,1,1.0011484313303363,-0.8740381471137932,0.5079352703082123,0,0,1.2417539355675435,-2.831974161258196,1,0,0,0,0,1,0,0,0,0,1
1,0,0,0,-0.7931549280876836,0,0,1,0,0,1,1,0,1,-0.6430955384057709,-0.7469649806816239,0.5079352703082123,0,1,-0.6291757027340682,-0.14043242158759112,0,0,0,0,1,0,0,1,0,0,1
0,0,1,0,-0.30468611002455576,1,0,0,0,0,1,1,1,1,1.0028076078891015,0.04228399881265449,0.5079352703082123,1,0,1.022091931761361,-0.2577846282536264,1,0,0,0,0,1,0,0,1,0,0
0,0,1,0,0.7129572609402939,1,1,1,0,1,0,1,1,1,1.309755271260625,1.2872148959167666,1.0471678523539008,1,0,1.3142613674324684,-0.0961441014129125,1,0,1,0,0,0,1,0,0,1,0
1,0,1,1,-1.2409180113122174,1,0,1,1,0,1,0,0,0,-0.180185278510338,-0.9516598430455984,0.5079352703082123,1,0,0.01031877163099629,-2.2097864190538656,0,0,0,1,0,0,1,0,0,0,0
1,1,0,0,-0.6710377235719016,1,1,0,0,0,0,1,0,1,0.7190884163402875,-0.4468336069260857,-0.5705298937831644,0,0,0.5004387904167583,2.519161137030095,1,0,0,0,0,1,0,1,0,0,1
0,1,1,0,1.1200146093262338,1,0,1,1,1,1,1,1,1,1.495583045842304,1.9170739316731809,2.1256330164452777,1,1,1.5287119685072583,-0.4352684924473849,1,0,0,1,0,0,0,0,0,1,0
1,0,1,1,1.4456604880349857,1,0,0,1,1,1,1,1,0,1.3545530383472797,2.204107466968773,1.5864004343995892,1,1,1.4143806373111318,-0.7410988589990667,1,0,1,0,1,0,0,0,0,1,0
0,1,0,0,0.428017117070136,0,0,1,1,0,0,0,0,1,-1.044616265626899,-0.35062921555780835,-0.031297311737476054,0,1,-0.9942565352473276,-0.5508677230446604,0,0,0,0,1,0,0,0,1,0,0
1,0,1,1,-0.6303319887333076,1,1,0,1,1,1,0,0,1,0.05873614595182097,-0.5363245333550946,0.5079352703082123,1,0,-0.05235430696876175,1.2901611229033179,0,0,0,0,0,0,1,1,0,0,0
0,0,1,0,0.9571916699718578,1,0,1,0,1,0,0,0,0,0.5100321699358986,0.9716162254874234,-0.031297311737476054,1,1,0.5182532793454993,-0.11265177766595448,1,0,0,1,0,0,0,0,0,1,0
0,0,1,1,-1.2816237461508113,0,0,0,0,0,1,1,0,0,-0.8239457833111549,-0.991326328699839,-0.031297311737476054,1,0,-0.8218512518263482,0.0031493650749470433,0,0,0,0,0,1,0,0,0,0,1
0,0,1,1,1.6084834273893616,1,1,1,1,1,1,1,1,1,1.7859389436261777,2.7964500810057453,2.1256330164452777,1,1,1.836814325932986,-0.6513771730085656,1,0,0,1,0,0,0,0,0,1,0
0,0,0,0,-0.7117434584104956,1,0,0,0,0,0,0,0,0,-1.4942531130522119,-0.8683119564302993,-1.109762475828853,0,0,-1.4418151619461275,-0.5600267562192847,0,1,0,0,0,0,1,1,0,0,0
1,0,0,1,-0.10115743583158582,1,1,0,0,0,0,0,0,0,-1.3134028681468275,-0.6915459857907986,-1.109762475828853,1,1,-1.350932710080143,0.4803737776522917,0,1,1,0,0,0,0,0,1,0,0
0,0,1,1,-0.4268033145403377,0,0,0,1,0,0,1,0,0,-0.8538109613689248,-0.6359953543325367,-0.031297311737476054,1,0,-0.8704308501593904,0.2218189089611941,0,0,0,0,0,1,0,1,0,0,0
0,0,0,0,0.631545791263106,1,0,1,0,1,1,1,1,1,1.2467065620275553,1.1430070362899283,1.5864004343995892,0,1,1.231999788920823,0.1294310266692543,1,0,0,1,1,0,0,0,1,0,0
0,1,1,0,-1.1188008067964355,1,0,0,0,0,0,0,0,1,0.14667250356636527,-0.8590315784260164,-1.109762475828853,1,0,0.1118997645540203,0.39955351423192925,1,0,0,0,0,1,0,0,0,0,0
0,0,0,1,-0.5489205190561197,1,0,0,0,0,0,0,0,0,-1.4743429943470319,-0.8340425700409609,-1.109762475828853,1,0,-1.454620903439252,-0.18016476624190197,0,1,0,1,0,0,1,1,0,0,0
0,0,0,0,-0.1825689055087738,1,0,1,0,0,1,0,0,0,-0.3527396406218973,-0.3304230024562842,-0.031297311737476054,0,0,-0.3213911482560764,-0.3528446523718636,0,0,1,0,0,0,1,0,1,0,0
1,0,0,0,0.8757802002946699,1,0,1,1,0,0,1,0,1,0.012279202306401001,0.5324985759467002,0.5079352703082123,0,1,0.0038236665219116535,0.0979385629136358,0,0,0,1,0,0,0,0,0,1,0
1,1,0,0,-0.3453918448631497,1,0,0,0,0,0,0,0,0,0.16824179883031035,-0.24867669407813106,-1.109762475828853,0,1,0.24000652164423936,-0.8403319555422656,1,0,0,0,1,0,0,1,0,0,0
1,0,0,1,0.26519417771576004,1,0,0,0,0,0,0,0,0,-1.5125040551986266,-0.6670177053917714,-1.109762475828853,1,1,-1.4876042389364856,-0.23911406190548654,0,1,1,0,0,0,0,0,1,0,0
0,0,1,1,-0.1825689055087738,1,0,0,0,0,0,0,0,1,-1.5058673489635668,-0.7703085319737213,-1.109762475828853,1,1,-1.5060694335670504,0.052631159005778146,0,1,0,0,0,0,0,0,1,0,0
0,1,0,0,-0.5896262538947137,1,0,0,1,0,0,0,0,1,0.2860433345026247,-0.41241064454140447,-0.5705298937831644,0,0,0.350300759345677,-0.7569459694736485,1,0,0,0,0,1,0,1,0,0,0
1,0,1,0,0.020959768684196134,1,1,0,1,1,0,0,1,1,0.9430772517735615,0.34781247183309494,0.5079352703082123,1,0,0.9515798229239444,-0.1303848363915917,1,0,0,0,0,1,0,0,1,0,0
0,0,0,0,0.428017117070136,1,1,0,1,1,1,1,1,0,0.6693131195773377,0.5980316471022405,1.5864004343995892,0,1,0.6693909664538875,-0.02325371101476356,0,0,1,0,1,0,0,0,1,0,0
0,0,1,1,1.5677776925507676,1,0,1,0,1,0,1,1,0,0.4187774592038241,1.437039249087569,1.0471678523539008,1,1,0.44913449368595415,-0.36707357198812235,0,0,0,1,1,0,0,0,0,1,0
0,0,1,0,-0.8745663977648716,1,0,0,0,0,0,0,0,1,-0.6928708351687206,-0.7966797243168614,-1.109762475828853,1,0,-0.6937094011150421,0.03288842304347684,0,0,0,0,0,1,0,0,0,0,1
1,0,0,0,-0.6710377235719016,1,0,0,0,0,1,0,0,1,-0.5136797668221014,-0.6583296919409533,-0.5705298937831644,0,0,-0.49634538280998136,-0.18446910357945118,0,0,0,0,0,0,1,1,0,0,0
0,0,0,0,-1.2002122764736234,1,1,0,0,0,0,0,0,0,0.3706613389996392,-0.8958898173082754,-1.109762475828853,0,0,0.6924886318143864,-3.755634314633708,1,0,0,0,0,1,0,0,0,0,0
1,0,1,0,1.2421318138420157,1,1,0,1,0,1,0,1,0,0.07698708809823579,0.8489748234922876,0.5079352703082123,1,0,0.07512976654698339,0.019032410040402882,0,0,0,1,0,0,1,0,0,1,0
0,0,1,1,-0.5896262538947137,1,0,0,0,0,0,0,0,1,-1.4826388771408567,-0.8325506889433456,-1.109762475828853,1,0,-1.4098114506397603,-0.7975699114045123,0,1,0,0,0,0,1,1,0,0,0
0,0,1,1,1.2828375486806096,1,1,0,1,1,1,1,1,1,1.543699166046489,2.1797327625650893,1.5864004343995892,1,0,1.6083530248650164,-0.8035499160143992,1,0,1,0,0,1,0,0,0,1,0
1,0,0,0,0.8350744654560759,0,0,0,0,1,1,1,1,0,-0.33282952191671733,0.32751850101994634,1.0471678523539008,0,1,-0.24720786828509544,-0.9847748791604114,0,0,1,0,1,0,0,0,0,1,0
0,0,0,0,0.590840056424512,1,0,0,0,0,0,0,0,0,-1.4859572302583868,-0.5498611603731622,-1.109762475828853,0,0,-1.412160092119892,-0.8087380835702785,0,1,0,1,0,0,1,0,1,0,0
1,0,1,1,-0.3453918448631497,1,0,1,1,0,1,0,1,1,0.1781968581829002,-0.2601510148730247,1.0471678523539008,1,1,0.2039540926955824,-0.3055391410444743,0,0,0,0,1,0,0,1,0,0,0
1,1,1,1,-0.4268033145403377,0,0,1,0,0,0,0,1,0,-0.82560495986992,-0.6227000610214362,-0.031297311737476054,1,0,-0.8248592764909329,0.01889357223475613,0,0,0,0,0,0,1,1,0,0,1
1,0,1,1,-1.2816237461508113,1,0,0,0,0,0,0,0,0,-1.4942531130522119,-1.000189857573906,-1.109762475828853,1,0,-1.4902343322970584,0.0031493650749470433,0,1,0,0,0,0,1,0,0,0,1
0,0,0,0,-0.8338606629262776,1,0,1,0,0,1,1,1,1,1.127245849796476,-0.5170617156535329,1.0471678523539008,0,1,0.9421672124110151,2.115059819928313,1,0,0,0,0,0,0,0,0,0,1
1,0,0,0,0.428017117070136,1,0,1,0,0,0,0,0,1,0.34079616094186965,0.3945873321289141,-0.5705298937831644,0,0,0.3126147573124591,0.31640620003756953,1,0,0,0,0,1,0,0,1,0,1
1,0,0,0,-0.5082147842175256,1,1,0,0,1,0,1,0,1,0.7887738318084175,-0.2360176441763075,-0.031297311737476054,0,0,0.7654758436133123,0.24464800934291658,1,0,0,0,0,1,0,1,0,0,1
1,1,0,0,-0.3453918448631497,1,1,0,1,0,0,1,1,1,1.2052271480584305,0.06178815022118336,0.5079352703082123,0,0,1.2154901202148891,-0.15961366542438193,1,0,0,0,0,1,0,1,0,0,1
0,0,0,1,0.631545791263106,1,0,0,0,0,0,0,0,0,-1.4925939364934466,-0.5979085074875357,-1.109762475828853,1,0,-1.502987103531287,0.17072312553977317,0,1,1,0,0,0,1,0,1,0,0
0,0,1,1,1.2014260790034217,1,0,1,0,1,1,1,0,1,0.19312944721178524,0.8618313282452661,1.0471678523539008,1,1,0.12663471892306855,0.7669691357258597,0,0,1,0,0,0,0,0,0,1,0
0,0,0,1,-0.6303319887333076,1,1,0,0,1,0,0,0,1,-0.30130516730018236,-0.597557476641038,-0.5705298937831644,1,0,-0.3239700870493894,0.2736821796052725,0,0,1,0,0,0,1,1,0,0,1
1,0,1,1,-0.38609757970174374,0,0,0,0,0,1,0,0,1,-1.1474852122703283,-0.7110940160551396,-0.5705298937831644,1,1,-1.1722272725939795,0.3260957592805137,0,0,0,0,0,0,0,1,0,0,0
0,0,0,0,1.3642490183577978,1,1,0,0,1,0,1,0,1,0.903257014363202,1.6487766678094034,-0.031297311737476054,0,1,0.8878598337791591,0.1489290609991154,1,0,1,0,0,0,0,0,0,1,0
0,0,1,1,0.9571916699718578,1,1,0,0,0,0,0,0,1,-1.3266762806169474,-0.3643852368549371,-1.109762475828853,1,1,-1.280773757662275,-0.48960683281957523,0,1,0,1,1,0,0,0,0,1,0
0,0,1,0,-0.5082147842175256,1,1,1,0,0,0,0,0,0,0.5797175854040286,-0.31021678935476005,-0.5705298937831644,1,0,0.48571450968361624,1.0740178553946775,1,0,0,0,0,1,0,1,0,0,1
1,0,1,1,-1.3223294809894055,1,0,0,0,0,0,0,0,0,-1.4959122896109767,-1.0089217498805365,-1.109762475828853,1,0,-1.4918887458625798,0.0031493650749470433,0,1,0,1,0,0,1,0,0,0,0
0,0,0,0,-1.0373893371192475,1,0,0,0,0,0,0,1,1,0.4768486387605988,-0.7793695156989433,-0.5705298937831644,0,0,0.32418465948994346,1.7597530496194342,1,0,0,0,0,1,0,0,0,0,1
1,0,0,0,-0.9152721326034655,1,0,0,0,0,0,0,0,1,-0.634799655611946,-0.8175221808276626,-1.109762475828853,0,1,-0.7053805368136306,0.8421406710576967,0,0,0,0,1,0,0,0,0,0,0
1,0,0,0,-0.30468611002455576,1,0,1,1,0,1,1,1,1,0.46689357940800896,-0.1743459123322419,1.5864004343995892,0,0,0.36866474992296605,1.1269358850151447,0,0,0,0,0,0,1,0,1,0,0
1,1,0,0,-0.5489205190561197,1,1,0,1,0,0,1,0,1,0.7721820662207676,-0.22972102836725494,-0.031297311737476054,0,0,0.9438433945760826,-2.022421146713437,1,0,0,0,0,1,0,1,0,0,1
1,0,0,0,-1.2816237461508113,1,1,0,1,0,0,0,0,0,-0.3527396406218973,-0.9850955311745047,-0.5705298937831644,0,0,-0.3519977992182254,0.0031493650749470433,0,0,0,0,0,1,0,0,0,0,0
0,0,1,1,0.06166550352279012,1,1,0,0,0,0,0,0,0,-1.3266762806169474,-0.6165131423519141,-1.109762475828853,1,1,-1.2783720774652683,-0.5175414076612437,0,1,0,1,1,0,0,0,1,0,0
0,0,0,0,-0.7117434584104956,1,1,0,1,0,0,0,0,1,0.4917812277894838,-0.5210546915324443,-0.5705298937831644,0,0,0.303922032392222,2.168619280210857,1,0,0,0,0,1,0,1,0,0,1
1,0,1,1,1.6084834273893616,1,1,1,1,1,1,1,1,0,1.6465681126899183,2.635677953309796,2.1256330164452777,1,1,1.6684317897087915,-0.3092808199065226,1,0,0,1,0,0,0,0,0,1,0
0,0,1,1,0.8757802002946699,1,1,1,0,0,1,0,0,0,-0.16359351292268806,0.4276500499834167,-0.031297311737476054,1,1,-0.14259193402674653,-0.2388125346711808,0,0,0,1,0,0,0,0,0,1,0
0,0,1,0,0.9164859351332638,1,0,1,1,0,1,0,0,0,-0.2697808126836477,0.3566101824234437,0.5079352703082123,1,0,-0.27646629989050453,0.08676859865704542,0,0,0,1,0,0,1,0,0,1,0
0,0,0,0,-0.38609757970174374,1,1,0,1,0,0,1,1,1,1.1206091435614158,-0.02204240380804999,0.5079352703082123,0,1,1.0869104166380041,0.35454181472867347,1,0,0,0,1,0,0,1,0,0,0
0,1,1,0,1.4456604880349857,1,1,0,1,0,0,1,1,1,1.1703844403243657,1.9975038743769673,0.5079352703082123,1,0,1.185268688097653,-0.21220154690996237,1,0,0,0,0,1,0,0,0,1,1
0,0,0,0,-0.1418631706701798,1,1,0,0,0,0,0,0,1,0.3673429858821094,-0.03689539650048411,-1.109762475828853,0,1,0.3788536555368335,-0.14614915109566362,1,0,0,0,1,0,0,0,1,0,0
0,0,1,1,0.30589991255435406,1,0,0,0,0,0,0,0,0,-1.4859572302583868,-0.6678294642242975,-1.109762475828853,1,1,-1.5056617387955467,0.27880419209794866,0,1,0,1,0,0,0,0,1,0,0
0,0,1,1,-0.8338606629262776,1,1,0,1,1,0,0,0,1,0.6494030008721581,-0.6065965209383539,-0.031297311737476054,1,0,0.37952873233655765,3.117295229406943,1,0,0,0,0,1,0,0,0,0,1
1,0,0,0,-1.1188008067964355,1,1,0,1,1,0,0,1,0,1.0492645515345211,-0.7894835919636585,0.5079352703082123,0,0,1.1607979650946891,-1.3323092733471416,1,0,0,0,0,1,0,0,0,0,0
0,0,0,0,-0.9559778674420595,0,0,1,0,1,1,1,1,0,-0.21336880968563784,-0.7720417467783037,1.5864004343995892,0,0,-0.16394612393727462,-0.5677239241640804,0,0,0,0,0,0,1,0,0,0,1
1,0,0,0,1.2421318138420157,1,1,1,1,1,1,1,0,0,1.313073624378155,1.8830458789908098,1.5864004343995892,0,1,1.312867458352185,-0.041445338097284894,1,0,1,0,1,0,0,0,0,1,0
1,0,0,0,-1.2816237461508113,1,0,1,0,0,0,0,0,0,-0.4539494107065617,-0.9864338362767773,-0.5705298937831644,0,0,-0.4529170267150404,0.0031493650749470433,0,0,0,0,0,0,1,0,0,0,0
0,1,1,0,0.428017117070136,0,0,0,1,1,0,1,1,0,-0.3112602266527725,0.018808810953120435,1.0471678523539008,1,1,-0.34638048804226845,0.41888593604677055,0,0,0,0,1,0,0,0,1,0,1
0,0,1,0,1.5677776925507676,1,1,0,1,1,1,1,1,0,1.4706953974608292,2.3731288195574187,1.5864004343995892,1,0,1.4433438401663539,0.26902689161877813,1,0,0,1,0,1,0,0,0,1,0
1,0,0,0,-1.2409180113122174,1,0,0,0,0,0,0,0,0,-0.626503772818121,-0.9736650892354233,-1.109762475828853,0,1,-0.819369631478066,2.264192448858734,0,0,0,0,0,0,0,0,0,0,1
0,1,0,0,-0.30468611002455576,1,1,1,1,0,0,1,1,1,1.2566616213801451,0.15834357243595834,1.0471678523539008,0,0,1.372165842225723,-1.385419732166224,1,0,0,0,0,0,1,0,1,0,1
0,0,1,0,-0.3453918448631497,1,0,0,0,0,0,0,0,0,-1.477661347464562,-0.7970746340191713,-1.109762475828853,1,1,-1.483065206846465,0.11219257762622115,0,1,1,0,1,0,0,1,0,0,0
1,0,0,0,-1.0780950719578415,1,0,0,0,0,0,0,0,0,-1.469365464670737,-0.9609621604777875,-1.109762475828853,0,0,-1.545932922336284,0.9396381316917779,0,1,0,0,0,0,1,0,0,0,0
